method,search_seed,fold,row_index,global_sample_uid,cv_group,true_label,predicted_label
TPOT_FORMAL_V2,20260921,1,1,E1::MAIN::10.1016/j.gr.2018.06.001::STB21,10.1016/j.gr.2018.06.001,E1,E2
TPOT_FORMAL_V2,20260921,1,2,E1::MAIN::10.1016/j.gr.2018.06.001::STB74B,10.1016/j.gr.2018.06.001,E1,E3
TPOT_FORMAL_V2,20260921,1,3,E1::MAIN::10.1016/j.gr.2018.06.001::STB88,10.1016/j.gr.2018.06.001,E1,E3
TPOT_FORMAL_V2,20260921,1,4,E1::MAIN::10.1016/j.gr.2018.06.001::STB95,10.1016/j.gr.2018.06.001,E1,E3
TPOT_FORMAL_V2,20260921,1,5,E1::MAIN::10.1016/j.gr.2018.06.001::TB144,10.1016/j.gr.2018.06.001,E1,E3
TPOT_FORMAL_V2,20260921,1,6,E1::MAIN::10.1016/j.gr.2018.06.001::TB171,10.1016/j.gr.2018.06.001,E1,E3
TPOT_FORMAL_V2,20260921,1,7,E1::MAIN::10.1016/j.gr.2018.06.001::TB210,10.1016/j.gr.2018.06.001,E1,E3
TPOT_FORMAL_V2,20260921,1,8,E1::MAIN::10.1016/j.gr.2018.06.001::TB218,10.1016/j.gr.2018.06.001,E1,E3
TPOT_FORMAL_V2,20260921,1,9,E1::MAIN::10.1016/j.gr.2018.06.001::TB227,10.1016/j.gr.2018.06.001,E1,E1
TPOT_FORMAL_V2,20260921,1,46,E2::MAIN::10.1016/j.gr.2013.05.020::SELDD001-102,10.1016/j.gr.2013.05.020,E2,E2
TPOT_FORMAL_V2,20260921,1,47,E2::MAIN::10.1016/j.gr.2013.05.020::SM09-07,10.1016/j.gr.2013.05.020,E2,E2
TPOT_FORMAL_V2,20260921,1,48,E2::MAIN::10.1016/j.gr.2013.05.020::SM09-17,10.1016/j.gr.2013.05.020,E2,E2
TPOT_FORMAL_V2,20260921,1,49,E2::MAIN::10.1016/j.gr.2013.05.020::SM09-28,10.1016/j.gr.2013.05.020,E2,E2
TPOT_FORMAL_V2,20260921,1,58,E2::MAIN::10.1016/j.jseaes.2021.104876::BR-1,10.1016/j.jseaes.2021.104876,E2,E2
TPOT_FORMAL_V2,20260921,1,59,E2::MAIN::10.1016/j.jseaes.2021.104876::JF-1,10.1016/j.jseaes.2021.104876,E2,E2
TPOT_FORMAL_V2,20260921,1,60,E2::MAIN::10.1016/j.jseaes.2021.104876::LR-1,10.1016/j.jseaes.2021.104876,E2,E2
TPOT_FORMAL_V2,20260921,1,61,E2::MAIN::10.1016/j.jseaes.2021.104876::MR-1,10.1016/j.jseaes.2021.104876,E2,E2
TPOT_FORMAL_V2,20260921,1,62,E2::MAIN::10.1016/j.jseaes.2021.104876::SK-1,10.1016/j.jseaes.2021.104876,E2,E2
TPOT_FORMAL_V2,20260921,1,63,E2::MAIN::10.1016/j.jseaes.2021.104876::SP-1,10.1016/j.jseaes.2021.104876,E2,E2
TPOT_FORMAL_V2,20260921,1,64,E2::MAIN::10.1029/2020gc009622::BK-10,10.1029/2020gc009622,E2,E2
TPOT_FORMAL_V2,20260921,1,65,E2::MAIN::10.1029/2020gc009622::BK-8,10.1029/2020gc009622,E2,E2
TPOT_FORMAL_V2,20260921,1,98,E3::EXISTING_REPAIRED::BSPM-DCEC8AB9B9C0E1DB-E3,10.1029/2021tc006753,E3,E3
TPOT_FORMAL_V2,20260921,1,99,E3::EXISTING_REPAIRED::BSPM-3EA434152B4DF18F-E3,10.1029/2021tc006753,E3,E2
TPOT_FORMAL_V2,20260921,1,101,E3::SCS::PCT_P003,10.1130/b35707.1,E3,E3
TPOT_FORMAL_V2,20260921,1,102,E3::SCS::PCT_P005,10.1130/b35707.1,E3,E1
TPOT_FORMAL_V2,20260921,1,103,E3::SCS::PCT_P006,10.1130/b35707.1,E3,E2
TPOT_FORMAL_V2,20260921,1,104,E3::SCS::PCT_P007,10.1130/b35707.1,E3,E2
TPOT_FORMAL_V2,20260921,1,105,E3::EXISTING_REPAIRED::BSPM-59CA221D3EBE3474-E3,10.1130/b35707.1,E3,E3
TPOT_FORMAL_V2,20260921,1,106,E3::EXISTING_REPAIRED::BSPM-45E4187BE443A5CB-E3,10.1130/b35707.1,E3,E3
