method,true_label,predicted_label,n
R2_KDE,E1,E1,9
R2_KDE,E1,E2,8
R2_KDE,E1,E3,13
R2_KDE,E2,E1,4
R2_KDE,E2,E2,32
R2_KDE,E2,E3,17
R2_KDE,E3,E1,10
R2_KDE,E3,E2,8
R2_KDE,E3,E3,16
KS_ECDF,E1,E1,16
KS_ECDF,E1,E2,4
KS_ECDF,E1,E3,10
KS_ECDF,E2,E1,2
KS_ECDF,E2,E2,39
KS_ECDF,E2,E3,12
KS_ECDF,E3,E1,11
KS_ECDF,E3,E2,6
KS_ECDF,E3,E3,17
Wasserstein_1,E1,E1,22
Wasserstein_1,E1,E2,3
Wasserstein_1,E1,E3,5
Wasserstein_1,E2,E1,19
Wasserstein_1,E2,E2,21
Wasserstein_1,E2,E3,13
Wasserstein_1,E3,E1,17
Wasserstein_1,E3,E2,12
Wasserstein_1,E3,E3,5
Random_Forest,E1,E1,9
Random_Forest,E1,E2,7
Random_Forest,E1,E3,14
Random_Forest,E2,E1,4
Random_Forest,E2,E2,44
Random_Forest,E2,E3,5
Random_Forest,E3,E1,8
Random_Forest,E3,E2,3
Random_Forest,E3,E3,23
XGBoost,E1,E1,5
XGBoost,E1,E2,3
XGBoost,E1,E3,22
XGBoost,E2,E1,2
XGBoost,E2,E2,46
XGBoost,E2,E3,5
XGBoost,E3,E1,7
XGBoost,E3,E2,6
XGBoost,E3,E3,21
LightGBM,E1,E1,5
LightGBM,E1,E2,4
LightGBM,E1,E3,21
LightGBM,E2,E1,3
LightGBM,E2,E2,46
LightGBM,E2,E3,4
LightGBM,E3,E1,6
LightGBM,E3,E2,7
LightGBM,E3,E3,21
