method,fold,row_index,global_sample_uid,cv_group,true_label,predicted_label
R2_KDE,0,21,E1::MAIN::10.3389/feart.2020.568715::LD10013C,10.3389/feart.2020.568715,E1,E3
R2_KDE,0,22,E1::MAIN::10.3389/feart.2020.568715::LD10042,10.3389/feart.2020.568715,E1,E3
R2_KDE,0,23,E1::MAIN::10.3389/feart.2020.568715::LD10062,10.3389/feart.2020.568715,E1,E3
R2_KDE,0,24,E1::MAIN::10.3389/feart.2020.568715::LD10104,10.3389/feart.2020.568715,E1,E3
R2_KDE,0,25,E1::MAIN::10.3389/feart.2020.568715::SW15,10.3389/feart.2020.568715,E1,E3
R2_KDE,0,26,E1::MAIN::10.3389/feart.2020.568715::SW20,10.3389/feart.2020.568715,E1,E3
R2_KDE,0,27,E1::MAIN::10.3389/feart.2020.568715::SW3,10.3389/feart.2020.568715,E1,E3
R2_KDE,0,28,E1::MAIN::10.3389/feart.2020.568715::SW4,10.3389/feart.2020.568715,E1,E3
R2_KDE,0,29,E1::MAIN::10.3389/feart.2020.568715::SW8,10.3389/feart.2020.568715,E1,E1
R2_KDE,0,33,E2::MAIN::10.1016/j.epsl.2021.117298::18TAT01-Tx,10.1016/j.epsl.2021.117298,E2,E2
R2_KDE,0,34,E2::MAIN::10.1016/j.epsl.2021.117298::18TPN01,10.1016/j.epsl.2021.117298,E2,E2
R2_KDE,0,35,E2::MAIN::10.1016/j.epsl.2021.117298::18TTP01,10.1016/j.epsl.2021.117298,E2,E3
R2_KDE,0,45,E2::MAIN::10.1016/j.gr.2013.03.019::Labrador,10.1016/j.gr.2013.03.019,E2,E2
R2_KDE,0,50,E2::MAIN::10.1016/j.jseaes.2019.103878::157a,10.1016/j.jseaes.2019.103878,E2,E2
R2_KDE,0,51,E2::MAIN::10.1016/j.jseaes.2019.103878::AGLE_65_01,10.1016/j.jseaes.2019.103878,E2,E2
R2_KDE,0,52,E2::MAIN::10.1016/j.jseaes.2019.103878::AGLE_65_02,10.1016/j.jseaes.2019.103878,E2,E2
R2_KDE,0,53,E2::MAIN::10.1016/j.jseaes.2019.103878::BH1B2,10.1016/j.jseaes.2019.103878,E2,E2
R2_KDE,0,54,E2::MAIN::10.1016/j.jseaes.2019.103878::BH1F11,10.1016/j.jseaes.2019.103878,E2,E3
R2_KDE,0,55,E2::MAIN::10.1016/j.jseaes.2019.103878::BH2B4_bottom,10.1016/j.jseaes.2019.103878,E2,E3
R2_KDE,0,56,E2::MAIN::10.1016/j.jseaes.2019.103878::BH2B4_top,10.1016/j.jseaes.2019.103878,E2,E3
R2_KDE,0,57,E2::MAIN::10.1016/j.jseaes.2019.103878::BH2B5,10.1016/j.jseaes.2019.103878,E2,E3
R2_KDE,0,83,E3::SCS::YAN2018_AB-02f,10.1002/2017tc004942,E3,E3
R2_KDE,0,84,E3::SCS::YAN2018_P-06,10.1002/2017tc004942,E3,E3
R2_KDE,0,85,E3::SCS::YAN2018_QU-26,10.1002/2017tc004942,E3,E3
R2_KDE,0,86,E3::SCS::YAN2018_S-03-2,10.1002/2017tc004942,E3,E3
R2_KDE,0,87,E3::SCS::YAN2018_S-04-1,10.1002/2017tc004942,E3,E3
R2_KDE,0,88,E3::SCS::YAN2018_S-04-3,10.1002/2017tc004942,E3,E3
R2_KDE,0,89,E3::SCS::YAN2018_S-04-4,10.1002/2017tc004942,E3,E3
R2_KDE,0,100,E3::EXISTING_REPAIRED::BSPM-FCD3CCD3E71300D8-E3,10.1111/iar.12160,E3,E3
KS_ECDF,0,21,E1::MAIN::10.3389/feart.2020.568715::LD10013C,10.3389/feart.2020.568715,E1,E1
KS_ECDF,0,22,E1::MAIN::10.3389/feart.2020.568715::LD10042,10.3389/feart.2020.568715,E1,E1
KS_ECDF,0,23,E1::MAIN::10.3389/feart.2020.568715::LD10062,10.3389/feart.2020.568715,E1,E1
KS_ECDF,0,24,E1::MAIN::10.3389/feart.2020.568715::LD10104,10.3389/feart.2020.568715,E1,E1
KS_ECDF,0,25,E1::MAIN::10.3389/feart.2020.568715::SW15,10.3389/feart.2020.568715,E1,E1
KS_ECDF,0,26,E1::MAIN::10.3389/feart.2020.568715::SW20,10.3389/feart.2020.568715,E1,E1
KS_ECDF,0,27,E1::MAIN::10.3389/feart.2020.568715::SW3,10.3389/feart.2020.568715,E1,E1
KS_ECDF,0,28,E1::MAIN::10.3389/feart.2020.568715::SW4,10.3389/feart.2020.568715,E1,E1
KS_ECDF,0,29,E1::MAIN::10.3389/feart.2020.568715::SW8,10.3389/feart.2020.568715,E1,E1
KS_ECDF,0,33,E2::MAIN::10.1016/j.epsl.2021.117298::18TAT01-Tx,10.1016/j.epsl.2021.117298,E2,E3
KS_ECDF,0,34,E2::MAIN::10.1016/j.epsl.2021.117298::18TPN01,10.1016/j.epsl.2021.117298,E2,E3
KS_ECDF,0,35,E2::MAIN::10.1016/j.epsl.2021.117298::18TTP01,10.1016/j.epsl.2021.117298,E2,E1
KS_ECDF,0,45,E2::MAIN::10.1016/j.gr.2013.03.019::Labrador,10.1016/j.gr.2013.03.019,E2,E2
KS_ECDF,0,50,E2::MAIN::10.1016/j.jseaes.2019.103878::157a,10.1016/j.jseaes.2019.103878,E2,E2
KS_ECDF,0,51,E2::MAIN::10.1016/j.jseaes.2019.103878::AGLE_65_01,10.1016/j.jseaes.2019.103878,E2,E3
KS_ECDF,0,52,E2::MAIN::10.1016/j.jseaes.2019.103878::AGLE_65_02,10.1016/j.jseaes.2019.103878,E2,E3
KS_ECDF,0,53,E2::MAIN::10.1016/j.jseaes.2019.103878::BH1B2,10.1016/j.jseaes.2019.103878,E2,E3
KS_ECDF,0,54,E2::MAIN::10.1016/j.jseaes.2019.103878::BH1F11,10.1016/j.jseaes.2019.103878,E2,E2
KS_ECDF,0,55,E2::MAIN::10.1016/j.jseaes.2019.103878::BH2B4_bottom,10.1016/j.jseaes.2019.103878,E2,E3
KS_ECDF,0,56,E2::MAIN::10.1016/j.jseaes.2019.103878::BH2B4_top,10.1016/j.jseaes.2019.103878,E2,E3
KS_ECDF,0,57,E2::MAIN::10.1016/j.jseaes.2019.103878::BH2B5,10.1016/j.jseaes.2019.103878,E2,E2
KS_ECDF,0,83,E3::SCS::YAN2018_AB-02f,10.1002/2017tc004942,E3,E1
KS_ECDF,0,84,E3::SCS::YAN2018_P-06,10.1002/2017tc004942,E3,E2
KS_ECDF,0,85,E3::SCS::YAN2018_QU-26,10.1002/2017tc004942,E3,E3
KS_ECDF,0,86,E3::SCS::YAN2018_S-03-2,10.1002/2017tc004942,E3,E3
KS_ECDF,0,87,E3::SCS::YAN2018_S-04-1,10.1002/2017tc004942,E3,E3
KS_ECDF,0,88,E3::SCS::YAN2018_S-04-3,10.1002/2017tc004942,E3,E2
KS_ECDF,0,89,E3::SCS::YAN2018_S-04-4,10.1002/2017tc004942,E3,E3
KS_ECDF,0,100,E3::EXISTING_REPAIRED::BSPM-FCD3CCD3E71300D8-E3,10.1111/iar.12160,E3,E2
Wasserstein_1,0,21,E1::MAIN::10.3389/feart.2020.568715::LD10013C,10.3389/feart.2020.568715,E1,E1
Wasserstein_1,0,22,E1::MAIN::10.3389/feart.2020.568715::LD10042,10.3389/feart.2020.568715,E1,E1
Wasserstein_1,0,23,E1::MAIN::10.3389/feart.2020.568715::LD10062,10.3389/feart.2020.568715,E1,E1
Wasserstein_1,0,24,E1::MAIN::10.3389/feart.2020.568715::LD10104,10.3389/feart.2020.568715,E1,E1
Wasserstein_1,0,25,E1::MAIN::10.3389/feart.2020.568715::SW15,10.3389/feart.2020.568715,E1,E1
Wasserstein_1,0,26,E1::MAIN::10.3389/feart.2020.568715::SW20,10.3389/feart.2020.568715,E1,E1
Wasserstein_1,0,27,E1::MAIN::10.3389/feart.2020.568715::SW3,10.3389/feart.2020.568715,E1,E1
Wasserstein_1,0,28,E1::MAIN::10.3389/feart.2020.568715::SW4,10.3389/feart.2020.568715,E1,E1
Wasserstein_1,0,29,E1::MAIN::10.3389/feart.2020.568715::SW8,10.3389/feart.2020.568715,E1,E1
Wasserstein_1,0,33,E2::MAIN::10.1016/j.epsl.2021.117298::18TAT01-Tx,10.1016/j.epsl.2021.117298,E2,E1
Wasserstein_1,0,34,E2::MAIN::10.1016/j.epsl.2021.117298::18TPN01,10.1016/j.epsl.2021.117298,E2,E1
Wasserstein_1,0,35,E2::MAIN::10.1016/j.epsl.2021.117298::18TTP01,10.1016/j.epsl.2021.117298,E2,E1
Wasserstein_1,0,45,E2::MAIN::10.1016/j.gr.2013.03.019::Labrador,10.1016/j.gr.2013.03.019,E2,E1
Wasserstein_1,0,50,E2::MAIN::10.1016/j.jseaes.2019.103878::157a,10.1016/j.jseaes.2019.103878,E2,E1
Wasserstein_1,0,51,E2::MAIN::10.1016/j.jseaes.2019.103878::AGLE_65_01,10.1016/j.jseaes.2019.103878,E2,E1
Wasserstein_1,0,52,E2::MAIN::10.1016/j.jseaes.2019.103878::AGLE_65_02,10.1016/j.jseaes.2019.103878,E2,E1
Wasserstein_1,0,53,E2::MAIN::10.1016/j.jseaes.2019.103878::BH1B2,10.1016/j.jseaes.2019.103878,E2,E1
Wasserstein_1,0,54,E2::MAIN::10.1016/j.jseaes.2019.103878::BH1F11,10.1016/j.jseaes.2019.103878,E2,E2
Wasserstein_1,0,55,E2::MAIN::10.1016/j.jseaes.2019.103878::BH2B4_bottom,10.1016/j.jseaes.2019.103878,E2,E1
Wasserstein_1,0,56,E2::MAIN::10.1016/j.jseaes.2019.103878::BH2B4_top,10.1016/j.jseaes.2019.103878,E2,E1
Wasserstein_1,0,57,E2::MAIN::10.1016/j.jseaes.2019.103878::BH2B5,10.1016/j.jseaes.2019.103878,E2,E2
Wasserstein_1,0,83,E3::SCS::YAN2018_AB-02f,10.1002/2017tc004942,E3,E1
Wasserstein_1,0,84,E3::SCS::YAN2018_P-06,10.1002/2017tc004942,E3,E2
Wasserstein_1,0,85,E3::SCS::YAN2018_QU-26,10.1002/2017tc004942,E3,E3
Wasserstein_1,0,86,E3::SCS::YAN2018_S-03-2,10.1002/2017tc004942,E3,E2
Wasserstein_1,0,87,E3::SCS::YAN2018_S-04-1,10.1002/2017tc004942,E3,E3
Wasserstein_1,0,88,E3::SCS::YAN2018_S-04-3,10.1002/2017tc004942,E3,E2
Wasserstein_1,0,89,E3::SCS::YAN2018_S-04-4,10.1002/2017tc004942,E3,E2
Wasserstein_1,0,100,E3::EXISTING_REPAIRED::BSPM-FCD3CCD3E71300D8-E3,10.1111/iar.12160,E3,E2
Random_Forest,0,21,E1::MAIN::10.3389/feart.2020.568715::LD10013C,10.3389/feart.2020.568715,E1,E1
Random_Forest,0,22,E1::MAIN::10.3389/feart.2020.568715::LD10042,10.3389/feart.2020.568715,E1,E1
Random_Forest,0,23,E1::MAIN::10.3389/feart.2020.568715::LD10062,10.3389/feart.2020.568715,E1,E3
Random_Forest,0,24,E1::MAIN::10.3389/feart.2020.568715::LD10104,10.3389/feart.2020.568715,E1,E1
Random_Forest,0,25,E1::MAIN::10.3389/feart.2020.568715::SW15,10.3389/feart.2020.568715,E1,E3
Random_Forest,0,26,E1::MAIN::10.3389/feart.2020.568715::SW20,10.3389/feart.2020.568715,E1,E1
Random_Forest,0,27,E1::MAIN::10.3389/feart.2020.568715::SW3,10.3389/feart.2020.568715,E1,E3
Random_Forest,0,28,E1::MAIN::10.3389/feart.2020.568715::SW4,10.3389/feart.2020.568715,E1,E3
Random_Forest,0,29,E1::MAIN::10.3389/feart.2020.568715::SW8,10.3389/feart.2020.568715,E1,E1
Random_Forest,0,33,E2::MAIN::10.1016/j.epsl.2021.117298::18TAT01-Tx,10.1016/j.epsl.2021.117298,E2,E2
Random_Forest,0,34,E2::MAIN::10.1016/j.epsl.2021.117298::18TPN01,10.1016/j.epsl.2021.117298,E2,E3
Random_Forest,0,35,E2::MAIN::10.1016/j.epsl.2021.117298::18TTP01,10.1016/j.epsl.2021.117298,E2,E1
Random_Forest,0,45,E2::MAIN::10.1016/j.gr.2013.03.019::Labrador,10.1016/j.gr.2013.03.019,E2,E2
Random_Forest,0,50,E2::MAIN::10.1016/j.jseaes.2019.103878::157a,10.1016/j.jseaes.2019.103878,E2,E2
Random_Forest,0,51,E2::MAIN::10.1016/j.jseaes.2019.103878::AGLE_65_01,10.1016/j.jseaes.2019.103878,E2,E2
Random_Forest,0,52,E2::MAIN::10.1016/j.jseaes.2019.103878::AGLE_65_02,10.1016/j.jseaes.2019.103878,E2,E2
Random_Forest,0,53,E2::MAIN::10.1016/j.jseaes.2019.103878::BH1B2,10.1016/j.jseaes.2019.103878,E2,E2
Random_Forest,0,54,E2::MAIN::10.1016/j.jseaes.2019.103878::BH1F11,10.1016/j.jseaes.2019.103878,E2,E3
Random_Forest,0,55,E2::MAIN::10.1016/j.jseaes.2019.103878::BH2B4_bottom,10.1016/j.jseaes.2019.103878,E2,E1
Random_Forest,0,56,E2::MAIN::10.1016/j.jseaes.2019.103878::BH2B4_top,10.1016/j.jseaes.2019.103878,E2,E3
Random_Forest,0,57,E2::MAIN::10.1016/j.jseaes.2019.103878::BH2B5,10.1016/j.jseaes.2019.103878,E2,E1
Random_Forest,0,83,E3::SCS::YAN2018_AB-02f,10.1002/2017tc004942,E3,E3
Random_Forest,0,84,E3::SCS::YAN2018_P-06,10.1002/2017tc004942,E3,E3
Random_Forest,0,85,E3::SCS::YAN2018_QU-26,10.1002/2017tc004942,E3,E3
Random_Forest,0,86,E3::SCS::YAN2018_S-03-2,10.1002/2017tc004942,E3,E3
Random_Forest,0,87,E3::SCS::YAN2018_S-04-1,10.1002/2017tc004942,E3,E3
Random_Forest,0,88,E3::SCS::YAN2018_S-04-3,10.1002/2017tc004942,E3,E3
Random_Forest,0,89,E3::SCS::YAN2018_S-04-4,10.1002/2017tc004942,E3,E3
Random_Forest,0,100,E3::EXISTING_REPAIRED::BSPM-FCD3CCD3E71300D8-E3,10.1111/iar.12160,E3,E3
XGBoost,0,21,E1::MAIN::10.3389/feart.2020.568715::LD10013C,10.3389/feart.2020.568715,E1,E3
XGBoost,0,22,E1::MAIN::10.3389/feart.2020.568715::LD10042,10.3389/feart.2020.568715,E1,E3
XGBoost,0,23,E1::MAIN::10.3389/feart.2020.568715::LD10062,10.3389/feart.2020.568715,E1,E3
XGBoost,0,24,E1::MAIN::10.3389/feart.2020.568715::LD10104,10.3389/feart.2020.568715,E1,E1
XGBoost,0,25,E1::MAIN::10.3389/feart.2020.568715::SW15,10.3389/feart.2020.568715,E1,E3
XGBoost,0,26,E1::MAIN::10.3389/feart.2020.568715::SW20,10.3389/feart.2020.568715,E1,E1
XGBoost,0,27,E1::MAIN::10.3389/feart.2020.568715::SW3,10.3389/feart.2020.568715,E1,E3
XGBoost,0,28,E1::MAIN::10.3389/feart.2020.568715::SW4,10.3389/feart.2020.568715,E1,E3
XGBoost,0,29,E1::MAIN::10.3389/feart.2020.568715::SW8,10.3389/feart.2020.568715,E1,E3
XGBoost,0,33,E2::MAIN::10.1016/j.epsl.2021.117298::18TAT01-Tx,10.1016/j.epsl.2021.117298,E2,E2
XGBoost,0,34,E2::MAIN::10.1016/j.epsl.2021.117298::18TPN01,10.1016/j.epsl.2021.117298,E2,E3
XGBoost,0,35,E2::MAIN::10.1016/j.epsl.2021.117298::18TTP01,10.1016/j.epsl.2021.117298,E2,E3
XGBoost,0,45,E2::MAIN::10.1016/j.gr.2013.03.019::Labrador,10.1016/j.gr.2013.03.019,E2,E2
XGBoost,0,50,E2::MAIN::10.1016/j.jseaes.2019.103878::157a,10.1016/j.jseaes.2019.103878,E2,E2
XGBoost,0,51,E2::MAIN::10.1016/j.jseaes.2019.103878::AGLE_65_01,10.1016/j.jseaes.2019.103878,E2,E2
XGBoost,0,52,E2::MAIN::10.1016/j.jseaes.2019.103878::AGLE_65_02,10.1016/j.jseaes.2019.103878,E2,E2
XGBoost,0,53,E2::MAIN::10.1016/j.jseaes.2019.103878::BH1B2,10.1016/j.jseaes.2019.103878,E2,E2
XGBoost,0,54,E2::MAIN::10.1016/j.jseaes.2019.103878::BH1F11,10.1016/j.jseaes.2019.103878,E2,E3
XGBoost,0,55,E2::MAIN::10.1016/j.jseaes.2019.103878::BH2B4_bottom,10.1016/j.jseaes.2019.103878,E2,E1
XGBoost,0,56,E2::MAIN::10.1016/j.jseaes.2019.103878::BH2B4_top,10.1016/j.jseaes.2019.103878,E2,E3
XGBoost,0,57,E2::MAIN::10.1016/j.jseaes.2019.103878::BH2B5,10.1016/j.jseaes.2019.103878,E2,E2
XGBoost,0,83,E3::SCS::YAN2018_AB-02f,10.1002/2017tc004942,E3,E3
XGBoost,0,84,E3::SCS::YAN2018_P-06,10.1002/2017tc004942,E3,E3
XGBoost,0,85,E3::SCS::YAN2018_QU-26,10.1002/2017tc004942,E3,E3
XGBoost,0,86,E3::SCS::YAN2018_S-03-2,10.1002/2017tc004942,E3,E1
XGBoost,0,87,E3::SCS::YAN2018_S-04-1,10.1002/2017tc004942,E3,E3
XGBoost,0,88,E3::SCS::YAN2018_S-04-3,10.1002/2017tc004942,E3,E3
XGBoost,0,89,E3::SCS::YAN2018_S-04-4,10.1002/2017tc004942,E3,E3
XGBoost,0,100,E3::EXISTING_REPAIRED::BSPM-FCD3CCD3E71300D8-E3,10.1111/iar.12160,E3,E3
LightGBM,0,21,E1::MAIN::10.3389/feart.2020.568715::LD10013C,10.3389/feart.2020.568715,E1,E3
LightGBM,0,22,E1::MAIN::10.3389/feart.2020.568715::LD10042,10.3389/feart.2020.568715,E1,E3
LightGBM,0,23,E1::MAIN::10.3389/feart.2020.568715::LD10062,10.3389/feart.2020.568715,E1,E3
LightGBM,0,24,E1::MAIN::10.3389/feart.2020.568715::LD10104,10.3389/feart.2020.568715,E1,E1
LightGBM,0,25,E1::MAIN::10.3389/feart.2020.568715::SW15,10.3389/feart.2020.568715,E1,E3
LightGBM,0,26,E1::MAIN::10.3389/feart.2020.568715::SW20,10.3389/feart.2020.568715,E1,E1
LightGBM,0,27,E1::MAIN::10.3389/feart.2020.568715::SW3,10.3389/feart.2020.568715,E1,E3
LightGBM,0,28,E1::MAIN::10.3389/feart.2020.568715::SW4,10.3389/feart.2020.568715,E1,E3
LightGBM,0,29,E1::MAIN::10.3389/feart.2020.568715::SW8,10.3389/feart.2020.568715,E1,E3
LightGBM,0,33,E2::MAIN::10.1016/j.epsl.2021.117298::18TAT01-Tx,10.1016/j.epsl.2021.117298,E2,E2
LightGBM,0,34,E2::MAIN::10.1016/j.epsl.2021.117298::18TPN01,10.1016/j.epsl.2021.117298,E2,E3
LightGBM,0,35,E2::MAIN::10.1016/j.epsl.2021.117298::18TTP01,10.1016/j.epsl.2021.117298,E2,E3
LightGBM,0,45,E2::MAIN::10.1016/j.gr.2013.03.019::Labrador,10.1016/j.gr.2013.03.019,E2,E2
LightGBM,0,50,E2::MAIN::10.1016/j.jseaes.2019.103878::157a,10.1016/j.jseaes.2019.103878,E2,E2
LightGBM,0,51,E2::MAIN::10.1016/j.jseaes.2019.103878::AGLE_65_01,10.1016/j.jseaes.2019.103878,E2,E2
LightGBM,0,52,E2::MAIN::10.1016/j.jseaes.2019.103878::AGLE_65_02,10.1016/j.jseaes.2019.103878,E2,E2
LightGBM,0,53,E2::MAIN::10.1016/j.jseaes.2019.103878::BH1B2,10.1016/j.jseaes.2019.103878,E2,E2
LightGBM,0,54,E2::MAIN::10.1016/j.jseaes.2019.103878::BH1F11,10.1016/j.jseaes.2019.103878,E2,E3
LightGBM,0,55,E2::MAIN::10.1016/j.jseaes.2019.103878::BH2B4_bottom,10.1016/j.jseaes.2019.103878,E2,E1
LightGBM,0,56,E2::MAIN::10.1016/j.jseaes.2019.103878::BH2B4_top,10.1016/j.jseaes.2019.103878,E2,E3
LightGBM,0,57,E2::MAIN::10.1016/j.jseaes.2019.103878::BH2B5,10.1016/j.jseaes.2019.103878,E2,E1
LightGBM,0,83,E3::SCS::YAN2018_AB-02f,10.1002/2017tc004942,E3,E3
LightGBM,0,84,E3::SCS::YAN2018_P-06,10.1002/2017tc004942,E3,E3
LightGBM,0,85,E3::SCS::YAN2018_QU-26,10.1002/2017tc004942,E3,E3
LightGBM,0,86,E3::SCS::YAN2018_S-03-2,10.1002/2017tc004942,E3,E3
LightGBM,0,87,E3::SCS::YAN2018_S-04-1,10.1002/2017tc004942,E3,E3
LightGBM,0,88,E3::SCS::YAN2018_S-04-3,10.1002/2017tc004942,E3,E1
LightGBM,0,89,E3::SCS::YAN2018_S-04-4,10.1002/2017tc004942,E3,E3
LightGBM,0,100,E3::EXISTING_REPAIRED::BSPM-FCD3CCD3E71300D8-E3,10.1111/iar.12160,E3,E3
R2_KDE,1,1,E1::MAIN::10.1016/j.gr.2018.06.001::STB21,10.1016/j.gr.2018.06.001,E1,E2
R2_KDE,1,2,E1::MAIN::10.1016/j.gr.2018.06.001::STB74B,10.1016/j.gr.2018.06.001,E1,E1
R2_KDE,1,3,E1::MAIN::10.1016/j.gr.2018.06.001::STB88,10.1016/j.gr.2018.06.001,E1,E1
R2_KDE,1,4,E1::MAIN::10.1016/j.gr.2018.06.001::STB95,10.1016/j.gr.2018.06.001,E1,E1
R2_KDE,1,5,E1::MAIN::10.1016/j.gr.2018.06.001::TB144,10.1016/j.gr.2018.06.001,E1,E1
R2_KDE,1,6,E1::MAIN::10.1016/j.gr.2018.06.001::TB171,10.1016/j.gr.2018.06.001,E1,E1
R2_KDE,1,7,E1::MAIN::10.1016/j.gr.2018.06.001::TB210,10.1016/j.gr.2018.06.001,E1,E1
R2_KDE,1,8,E1::MAIN::10.1016/j.gr.2018.06.001::TB218,10.1016/j.gr.2018.06.001,E1,E1
R2_KDE,1,9,E1::MAIN::10.1016/j.gr.2018.06.001::TB227,10.1016/j.gr.2018.06.001,E1,E1
R2_KDE,1,46,E2::MAIN::10.1016/j.gr.2013.05.020::SELDD001-102,10.1016/j.gr.2013.05.020,E2,E2
R2_KDE,1,47,E2::MAIN::10.1016/j.gr.2013.05.020::SM09-07,10.1016/j.gr.2013.05.020,E2,E2
R2_KDE,1,48,E2::MAIN::10.1016/j.gr.2013.05.020::SM09-17,10.1016/j.gr.2013.05.020,E2,E2
R2_KDE,1,49,E2::MAIN::10.1016/j.gr.2013.05.020::SM09-28,10.1016/j.gr.2013.05.020,E2,E2
R2_KDE,1,58,E2::MAIN::10.1016/j.jseaes.2021.104876::BR-1,10.1016/j.jseaes.2021.104876,E2,E2
R2_KDE,1,59,E2::MAIN::10.1016/j.jseaes.2021.104876::JF-1,10.1016/j.jseaes.2021.104876,E2,E2
R2_KDE,1,60,E2::MAIN::10.1016/j.jseaes.2021.104876::LR-1,10.1016/j.jseaes.2021.104876,E2,E2
R2_KDE,1,61,E2::MAIN::10.1016/j.jseaes.2021.104876::MR-1,10.1016/j.jseaes.2021.104876,E2,E2
R2_KDE,1,62,E2::MAIN::10.1016/j.jseaes.2021.104876::SK-1,10.1016/j.jseaes.2021.104876,E2,E2
R2_KDE,1,63,E2::MAIN::10.1016/j.jseaes.2021.104876::SP-1,10.1016/j.jseaes.2021.104876,E2,E2
R2_KDE,1,64,E2::MAIN::10.1029/2020gc009622::BK-10,10.1029/2020gc009622,E2,E3
R2_KDE,1,65,E2::MAIN::10.1029/2020gc009622::BK-8,10.1029/2020gc009622,E2,E3
R2_KDE,1,98,E3::EXISTING_REPAIRED::BSPM-DCEC8AB9B9C0E1DB-E3,10.1029/2021tc006753,E3,E3
R2_KDE,1,99,E3::EXISTING_REPAIRED::BSPM-3EA434152B4DF18F-E3,10.1029/2021tc006753,E3,E3
R2_KDE,1,101,E3::SCS::PCT_P003,10.1130/b35707.1,E3,E3
R2_KDE,1,102,E3::SCS::PCT_P005,10.1130/b35707.1,E3,E2
R2_KDE,1,103,E3::SCS::PCT_P006,10.1130/b35707.1,E3,E2
R2_KDE,1,104,E3::SCS::PCT_P007,10.1130/b35707.1,E3,E2
R2_KDE,1,105,E3::EXISTING_REPAIRED::BSPM-59CA221D3EBE3474-E3,10.1130/b35707.1,E3,E1
R2_KDE,1,106,E3::EXISTING_REPAIRED::BSPM-45E4187BE443A5CB-E3,10.1130/b35707.1,E3,E1
KS_ECDF,1,1,E1::MAIN::10.1016/j.gr.2018.06.001::STB21,10.1016/j.gr.2018.06.001,E1,E3
KS_ECDF,1,2,E1::MAIN::10.1016/j.gr.2018.06.001::STB74B,10.1016/j.gr.2018.06.001,E1,E1
KS_ECDF,1,3,E1::MAIN::10.1016/j.gr.2018.06.001::STB88,10.1016/j.gr.2018.06.001,E1,E1
KS_ECDF,1,4,E1::MAIN::10.1016/j.gr.2018.06.001::STB95,10.1016/j.gr.2018.06.001,E1,E1
KS_ECDF,1,5,E1::MAIN::10.1016/j.gr.2018.06.001::TB144,10.1016/j.gr.2018.06.001,E1,E1
KS_ECDF,1,6,E1::MAIN::10.1016/j.gr.2018.06.001::TB171,10.1016/j.gr.2018.06.001,E1,E3
KS_ECDF,1,7,E1::MAIN::10.1016/j.gr.2018.06.001::TB210,10.1016/j.gr.2018.06.001,E1,E1
KS_ECDF,1,8,E1::MAIN::10.1016/j.gr.2018.06.001::TB218,10.1016/j.gr.2018.06.001,E1,E1
KS_ECDF,1,9,E1::MAIN::10.1016/j.gr.2018.06.001::TB227,10.1016/j.gr.2018.06.001,E1,E1
KS_ECDF,1,46,E2::MAIN::10.1016/j.gr.2013.05.020::SELDD001-102,10.1016/j.gr.2013.05.020,E2,E2
KS_ECDF,1,47,E2::MAIN::10.1016/j.gr.2013.05.020::SM09-07,10.1016/j.gr.2013.05.020,E2,E2
KS_ECDF,1,48,E2::MAIN::10.1016/j.gr.2013.05.020::SM09-17,10.1016/j.gr.2013.05.020,E2,E2
KS_ECDF,1,49,E2::MAIN::10.1016/j.gr.2013.05.020::SM09-28,10.1016/j.gr.2013.05.020,E2,E2
KS_ECDF,1,58,E2::MAIN::10.1016/j.jseaes.2021.104876::BR-1,10.1016/j.jseaes.2021.104876,E2,E2
KS_ECDF,1,59,E2::MAIN::10.1016/j.jseaes.2021.104876::JF-1,10.1016/j.jseaes.2021.104876,E2,E3
KS_ECDF,1,60,E2::MAIN::10.1016/j.jseaes.2021.104876::LR-1,10.1016/j.jseaes.2021.104876,E2,E2
KS_ECDF,1,61,E2::MAIN::10.1016/j.jseaes.2021.104876::MR-1,10.1016/j.jseaes.2021.104876,E2,E2
KS_ECDF,1,62,E2::MAIN::10.1016/j.jseaes.2021.104876::SK-1,10.1016/j.jseaes.2021.104876,E2,E2
KS_ECDF,1,63,E2::MAIN::10.1016/j.jseaes.2021.104876::SP-1,10.1016/j.jseaes.2021.104876,E2,E2
KS_ECDF,1,64,E2::MAIN::10.1029/2020gc009622::BK-10,10.1029/2020gc009622,E2,E2
KS_ECDF,1,65,E2::MAIN::10.1029/2020gc009622::BK-8,10.1029/2020gc009622,E2,E2
KS_ECDF,1,98,E3::EXISTING_REPAIRED::BSPM-DCEC8AB9B9C0E1DB-E3,10.1029/2021tc006753,E3,E3
KS_ECDF,1,99,E3::EXISTING_REPAIRED::BSPM-3EA434152B4DF18F-E3,10.1029/2021tc006753,E3,E2
KS_ECDF,1,101,E3::SCS::PCT_P003,10.1130/b35707.1,E3,E3
KS_ECDF,1,102,E3::SCS::PCT_P005,10.1130/b35707.1,E3,E3
KS_ECDF,1,103,E3::SCS::PCT_P006,10.1130/b35707.1,E3,E2
KS_ECDF,1,104,E3::SCS::PCT_P007,10.1130/b35707.1,E3,E3
KS_ECDF,1,105,E3::EXISTING_REPAIRED::BSPM-59CA221D3EBE3474-E3,10.1130/b35707.1,E3,E1
KS_ECDF,1,106,E3::EXISTING_REPAIRED::BSPM-45E4187BE443A5CB-E3,10.1130/b35707.1,E3,E1
Wasserstein_1,1,1,E1::MAIN::10.1016/j.gr.2018.06.001::STB21,10.1016/j.gr.2018.06.001,E1,E1
Wasserstein_1,1,2,E1::MAIN::10.1016/j.gr.2018.06.001::STB74B,10.1016/j.gr.2018.06.001,E1,E1
Wasserstein_1,1,3,E1::MAIN::10.1016/j.gr.2018.06.001::STB88,10.1016/j.gr.2018.06.001,E1,E1
Wasserstein_1,1,4,E1::MAIN::10.1016/j.gr.2018.06.001::STB95,10.1016/j.gr.2018.06.001,E1,E1
Wasserstein_1,1,5,E1::MAIN::10.1016/j.gr.2018.06.001::TB144,10.1016/j.gr.2018.06.001,E1,E1
Wasserstein_1,1,6,E1::MAIN::10.1016/j.gr.2018.06.001::TB171,10.1016/j.gr.2018.06.001,E1,E1
Wasserstein_1,1,7,E1::MAIN::10.1016/j.gr.2018.06.001::TB210,10.1016/j.gr.2018.06.001,E1,E1
Wasserstein_1,1,8,E1::MAIN::10.1016/j.gr.2018.06.001::TB218,10.1016/j.gr.2018.06.001,E1,E1
Wasserstein_1,1,9,E1::MAIN::10.1016/j.gr.2018.06.001::TB227,10.1016/j.gr.2018.06.001,E1,E1
Wasserstein_1,1,46,E2::MAIN::10.1016/j.gr.2013.05.020::SELDD001-102,10.1016/j.gr.2013.05.020,E2,E2
Wasserstein_1,1,47,E2::MAIN::10.1016/j.gr.2013.05.020::SM09-07,10.1016/j.gr.2013.05.020,E2,E2
Wasserstein_1,1,48,E2::MAIN::10.1016/j.gr.2013.05.020::SM09-17,10.1016/j.gr.2013.05.020,E2,E1
Wasserstein_1,1,49,E2::MAIN::10.1016/j.gr.2013.05.020::SM09-28,10.1016/j.gr.2013.05.020,E2,E2
Wasserstein_1,1,58,E2::MAIN::10.1016/j.jseaes.2021.104876::BR-1,10.1016/j.jseaes.2021.104876,E2,E1
Wasserstein_1,1,59,E2::MAIN::10.1016/j.jseaes.2021.104876::JF-1,10.1016/j.jseaes.2021.104876,E2,E1
Wasserstein_1,1,60,E2::MAIN::10.1016/j.jseaes.2021.104876::LR-1,10.1016/j.jseaes.2021.104876,E2,E2
Wasserstein_1,1,61,E2::MAIN::10.1016/j.jseaes.2021.104876::MR-1,10.1016/j.jseaes.2021.104876,E2,E2
Wasserstein_1,1,62,E2::MAIN::10.1016/j.jseaes.2021.104876::SK-1,10.1016/j.jseaes.2021.104876,E2,E2
Wasserstein_1,1,63,E2::MAIN::10.1016/j.jseaes.2021.104876::SP-1,10.1016/j.jseaes.2021.104876,E2,E2
Wasserstein_1,1,64,E2::MAIN::10.1029/2020gc009622::BK-10,10.1029/2020gc009622,E2,E2
Wasserstein_1,1,65,E2::MAIN::10.1029/2020gc009622::BK-8,10.1029/2020gc009622,E2,E2
Wasserstein_1,1,98,E3::EXISTING_REPAIRED::BSPM-DCEC8AB9B9C0E1DB-E3,10.1029/2021tc006753,E3,E3
Wasserstein_1,1,99,E3::EXISTING_REPAIRED::BSPM-3EA434152B4DF18F-E3,10.1029/2021tc006753,E3,E2
Wasserstein_1,1,101,E3::SCS::PCT_P003,10.1130/b35707.1,E3,E2
Wasserstein_1,1,102,E3::SCS::PCT_P005,10.1130/b35707.1,E3,E1
Wasserstein_1,1,103,E3::SCS::PCT_P006,10.1130/b35707.1,E3,E2
Wasserstein_1,1,104,E3::SCS::PCT_P007,10.1130/b35707.1,E3,E1
Wasserstein_1,1,105,E3::EXISTING_REPAIRED::BSPM-59CA221D3EBE3474-E3,10.1130/b35707.1,E3,E1
Wasserstein_1,1,106,E3::EXISTING_REPAIRED::BSPM-45E4187BE443A5CB-E3,10.1130/b35707.1,E3,E1
Random_Forest,1,1,E1::MAIN::10.1016/j.gr.2018.06.001::STB21,10.1016/j.gr.2018.06.001,E1,E1
Random_Forest,1,2,E1::MAIN::10.1016/j.gr.2018.06.001::STB74B,10.1016/j.gr.2018.06.001,E1,E3
Random_Forest,1,3,E1::MAIN::10.1016/j.gr.2018.06.001::STB88,10.1016/j.gr.2018.06.001,E1,E3
Random_Forest,1,4,E1::MAIN::10.1016/j.gr.2018.06.001::STB95,10.1016/j.gr.2018.06.001,E1,E3
Random_Forest,1,5,E1::MAIN::10.1016/j.gr.2018.06.001::TB144,10.1016/j.gr.2018.06.001,E1,E1
Random_Forest,1,6,E1::MAIN::10.1016/j.gr.2018.06.001::TB171,10.1016/j.gr.2018.06.001,E1,E1
Random_Forest,1,7,E1::MAIN::10.1016/j.gr.2018.06.001::TB210,10.1016/j.gr.2018.06.001,E1,E3
Random_Forest,1,8,E1::MAIN::10.1016/j.gr.2018.06.001::TB218,10.1016/j.gr.2018.06.001,E1,E3
Random_Forest,1,9,E1::MAIN::10.1016/j.gr.2018.06.001::TB227,10.1016/j.gr.2018.06.001,E1,E3
Random_Forest,1,46,E2::MAIN::10.1016/j.gr.2013.05.020::SELDD001-102,10.1016/j.gr.2013.05.020,E2,E2
Random_Forest,1,47,E2::MAIN::10.1016/j.gr.2013.05.020::SM09-07,10.1016/j.gr.2013.05.020,E2,E2
Random_Forest,1,48,E2::MAIN::10.1016/j.gr.2013.05.020::SM09-17,10.1016/j.gr.2013.05.020,E2,E2
Random_Forest,1,49,E2::MAIN::10.1016/j.gr.2013.05.020::SM09-28,10.1016/j.gr.2013.05.020,E2,E2
Random_Forest,1,58,E2::MAIN::10.1016/j.jseaes.2021.104876::BR-1,10.1016/j.jseaes.2021.104876,E2,E2
Random_Forest,1,59,E2::MAIN::10.1016/j.jseaes.2021.104876::JF-1,10.1016/j.jseaes.2021.104876,E2,E2
Random_Forest,1,60,E2::MAIN::10.1016/j.jseaes.2021.104876::LR-1,10.1016/j.jseaes.2021.104876,E2,E2
Random_Forest,1,61,E2::MAIN::10.1016/j.jseaes.2021.104876::MR-1,10.1016/j.jseaes.2021.104876,E2,E2
Random_Forest,1,62,E2::MAIN::10.1016/j.jseaes.2021.104876::SK-1,10.1016/j.jseaes.2021.104876,E2,E2
Random_Forest,1,63,E2::MAIN::10.1016/j.jseaes.2021.104876::SP-1,10.1016/j.jseaes.2021.104876,E2,E2
Random_Forest,1,64,E2::MAIN::10.1029/2020gc009622::BK-10,10.1029/2020gc009622,E2,E2
Random_Forest,1,65,E2::MAIN::10.1029/2020gc009622::BK-8,10.1029/2020gc009622,E2,E2
Random_Forest,1,98,E3::EXISTING_REPAIRED::BSPM-DCEC8AB9B9C0E1DB-E3,10.1029/2021tc006753,E3,E3
Random_Forest,1,99,E3::EXISTING_REPAIRED::BSPM-3EA434152B4DF18F-E3,10.1029/2021tc006753,E3,E3
Random_Forest,1,101,E3::SCS::PCT_P003,10.1130/b35707.1,E3,E1
Random_Forest,1,102,E3::SCS::PCT_P005,10.1130/b35707.1,E3,E1
Random_Forest,1,103,E3::SCS::PCT_P006,10.1130/b35707.1,E3,E2
Random_Forest,1,104,E3::SCS::PCT_P007,10.1130/b35707.1,E3,E2
Random_Forest,1,105,E3::EXISTING_REPAIRED::BSPM-59CA221D3EBE3474-E3,10.1130/b35707.1,E3,E3
Random_Forest,1,106,E3::EXISTING_REPAIRED::BSPM-45E4187BE443A5CB-E3,10.1130/b35707.1,E3,E3
XGBoost,1,1,E1::MAIN::10.1016/j.gr.2018.06.001::STB21,10.1016/j.gr.2018.06.001,E1,E2
XGBoost,1,2,E1::MAIN::10.1016/j.gr.2018.06.001::STB74B,10.1016/j.gr.2018.06.001,E1,E3
XGBoost,1,3,E1::MAIN::10.1016/j.gr.2018.06.001::STB88,10.1016/j.gr.2018.06.001,E1,E3
XGBoost,1,4,E1::MAIN::10.1016/j.gr.2018.06.001::STB95,10.1016/j.gr.2018.06.001,E1,E3
XGBoost,1,5,E1::MAIN::10.1016/j.gr.2018.06.001::TB144,10.1016/j.gr.2018.06.001,E1,E3
XGBoost,1,6,E1::MAIN::10.1016/j.gr.2018.06.001::TB171,10.1016/j.gr.2018.06.001,E1,E3
XGBoost,1,7,E1::MAIN::10.1016/j.gr.2018.06.001::TB210,10.1016/j.gr.2018.06.001,E1,E3
XGBoost,1,8,E1::MAIN::10.1016/j.gr.2018.06.001::TB218,10.1016/j.gr.2018.06.001,E1,E3
XGBoost,1,9,E1::MAIN::10.1016/j.gr.2018.06.001::TB227,10.1016/j.gr.2018.06.001,E1,E3
XGBoost,1,46,E2::MAIN::10.1016/j.gr.2013.05.020::SELDD001-102,10.1016/j.gr.2013.05.020,E2,E2
XGBoost,1,47,E2::MAIN::10.1016/j.gr.2013.05.020::SM09-07,10.1016/j.gr.2013.05.020,E2,E2
XGBoost,1,48,E2::MAIN::10.1016/j.gr.2013.05.020::SM09-17,10.1016/j.gr.2013.05.020,E2,E2
XGBoost,1,49,E2::MAIN::10.1016/j.gr.2013.05.020::SM09-28,10.1016/j.gr.2013.05.020,E2,E2
XGBoost,1,58,E2::MAIN::10.1016/j.jseaes.2021.104876::BR-1,10.1016/j.jseaes.2021.104876,E2,E2
XGBoost,1,59,E2::MAIN::10.1016/j.jseaes.2021.104876::JF-1,10.1016/j.jseaes.2021.104876,E2,E2
XGBoost,1,60,E2::MAIN::10.1016/j.jseaes.2021.104876::LR-1,10.1016/j.jseaes.2021.104876,E2,E2
XGBoost,1,61,E2::MAIN::10.1016/j.jseaes.2021.104876::MR-1,10.1016/j.jseaes.2021.104876,E2,E2
XGBoost,1,62,E2::MAIN::10.1016/j.jseaes.2021.104876::SK-1,10.1016/j.jseaes.2021.104876,E2,E2
XGBoost,1,63,E2::MAIN::10.1016/j.jseaes.2021.104876::SP-1,10.1016/j.jseaes.2021.104876,E2,E2
XGBoost,1,64,E2::MAIN::10.1029/2020gc009622::BK-10,10.1029/2020gc009622,E2,E2
XGBoost,1,65,E2::MAIN::10.1029/2020gc009622::BK-8,10.1029/2020gc009622,E2,E2
XGBoost,1,98,E3::EXISTING_REPAIRED::BSPM-DCEC8AB9B9C0E1DB-E3,10.1029/2021tc006753,E3,E1
XGBoost,1,99,E3::EXISTING_REPAIRED::BSPM-3EA434152B4DF18F-E3,10.1029/2021tc006753,E3,E3
XGBoost,1,101,E3::SCS::PCT_P003,10.1130/b35707.1,E3,E1
XGBoost,1,102,E3::SCS::PCT_P005,10.1130/b35707.1,E3,E1
XGBoost,1,103,E3::SCS::PCT_P006,10.1130/b35707.1,E3,E2
XGBoost,1,104,E3::SCS::PCT_P007,10.1130/b35707.1,E3,E2
XGBoost,1,105,E3::EXISTING_REPAIRED::BSPM-59CA221D3EBE3474-E3,10.1130/b35707.1,E3,E3
XGBoost,1,106,E3::EXISTING_REPAIRED::BSPM-45E4187BE443A5CB-E3,10.1130/b35707.1,E3,E3
LightGBM,1,1,E1::MAIN::10.1016/j.gr.2018.06.001::STB21,10.1016/j.gr.2018.06.001,E1,E2
LightGBM,1,2,E1::MAIN::10.1016/j.gr.2018.06.001::STB74B,10.1016/j.gr.2018.06.001,E1,E3
LightGBM,1,3,E1::MAIN::10.1016/j.gr.2018.06.001::STB88,10.1016/j.gr.2018.06.001,E1,E3
LightGBM,1,4,E1::MAIN::10.1016/j.gr.2018.06.001::STB95,10.1016/j.gr.2018.06.001,E1,E3
LightGBM,1,5,E1::MAIN::10.1016/j.gr.2018.06.001::TB144,10.1016/j.gr.2018.06.001,E1,E2
LightGBM,1,6,E1::MAIN::10.1016/j.gr.2018.06.001::TB171,10.1016/j.gr.2018.06.001,E1,E3
LightGBM,1,7,E1::MAIN::10.1016/j.gr.2018.06.001::TB210,10.1016/j.gr.2018.06.001,E1,E3
LightGBM,1,8,E1::MAIN::10.1016/j.gr.2018.06.001::TB218,10.1016/j.gr.2018.06.001,E1,E3
LightGBM,1,9,E1::MAIN::10.1016/j.gr.2018.06.001::TB227,10.1016/j.gr.2018.06.001,E1,E3
LightGBM,1,46,E2::MAIN::10.1016/j.gr.2013.05.020::SELDD001-102,10.1016/j.gr.2013.05.020,E2,E2
LightGBM,1,47,E2::MAIN::10.1016/j.gr.2013.05.020::SM09-07,10.1016/j.gr.2013.05.020,E2,E2
LightGBM,1,48,E2::MAIN::10.1016/j.gr.2013.05.020::SM09-17,10.1016/j.gr.2013.05.020,E2,E2
LightGBM,1,49,E2::MAIN::10.1016/j.gr.2013.05.020::SM09-28,10.1016/j.gr.2013.05.020,E2,E2
LightGBM,1,58,E2::MAIN::10.1016/j.jseaes.2021.104876::BR-1,10.1016/j.jseaes.2021.104876,E2,E2
LightGBM,1,59,E2::MAIN::10.1016/j.jseaes.2021.104876::JF-1,10.1016/j.jseaes.2021.104876,E2,E2
LightGBM,1,60,E2::MAIN::10.1016/j.jseaes.2021.104876::LR-1,10.1016/j.jseaes.2021.104876,E2,E2
LightGBM,1,61,E2::MAIN::10.1016/j.jseaes.2021.104876::MR-1,10.1016/j.jseaes.2021.104876,E2,E2
LightGBM,1,62,E2::MAIN::10.1016/j.jseaes.2021.104876::SK-1,10.1016/j.jseaes.2021.104876,E2,E2
LightGBM,1,63,E2::MAIN::10.1016/j.jseaes.2021.104876::SP-1,10.1016/j.jseaes.2021.104876,E2,E2
LightGBM,1,64,E2::MAIN::10.1029/2020gc009622::BK-10,10.1029/2020gc009622,E2,E2
LightGBM,1,65,E2::MAIN::10.1029/2020gc009622::BK-8,10.1029/2020gc009622,E2,E2
LightGBM,1,98,E3::EXISTING_REPAIRED::BSPM-DCEC8AB9B9C0E1DB-E3,10.1029/2021tc006753,E3,E3
LightGBM,1,99,E3::EXISTING_REPAIRED::BSPM-3EA434152B4DF18F-E3,10.1029/2021tc006753,E3,E3
LightGBM,1,101,E3::SCS::PCT_P003,10.1130/b35707.1,E3,E1
LightGBM,1,102,E3::SCS::PCT_P005,10.1130/b35707.1,E3,E1
LightGBM,1,103,E3::SCS::PCT_P006,10.1130/b35707.1,E3,E2
LightGBM,1,104,E3::SCS::PCT_P007,10.1130/b35707.1,E3,E2
LightGBM,1,105,E3::EXISTING_REPAIRED::BSPM-59CA221D3EBE3474-E3,10.1130/b35707.1,E3,E3
LightGBM,1,106,E3::EXISTING_REPAIRED::BSPM-45E4187BE443A5CB-E3,10.1130/b35707.1,E3,E3
R2_KDE,2,10,E1::MAIN::10.1016/j.jseaes.2022.105111::18JV52,10.1016/j.jseaes.2022.105111,E1,E3
R2_KDE,2,11,E1::MAIN::10.1016/j.jseaes.2022.105111::18JV531,10.1016/j.jseaes.2022.105111,E1,E2
R2_KDE,2,12,E1::MAIN::10.1016/j.jseaes.2022.105111::18JV561,10.1016/j.jseaes.2022.105111,E1,E3
R2_KDE,2,13,E1::MAIN::10.1016/j.jseaes.2022.105111::18JV73E,10.1016/j.jseaes.2022.105111,E1,E3
R2_KDE,2,14,E1::MAIN::10.1016/j.jseaes.2022.105111::18JV85,10.1016/j.jseaes.2022.105111,E1,E2
R2_KDE,2,15,E1::MAIN::10.1016/j.jseaes.2022.105111::18JV931,10.1016/j.jseaes.2022.105111,E1,E2
R2_KDE,2,66,E2::MAIN::10.1029/2025tc009062::LANGAT,10.1029/2025tc009062,E2,E3
R2_KDE,2,67,E2::MAIN::10.1029/2025tc009062::SIPUT,10.1029/2025tc009062,E2,E3
R2_KDE,2,68,E2::MAIN::10.1029/2025tc009062::SM10,10.1029/2025tc009062,E2,E2
R2_KDE,2,69,E2::MAIN::10.1029/2025tc009062::SM12,10.1029/2025tc009062,E2,E2
R2_KDE,2,70,E2::MAIN::10.1029/2025tc009062::SM15,10.1029/2025tc009062,E2,E2
R2_KDE,2,71,E2::MAIN::10.1029/2025tc009062::SM16,10.1029/2025tc009062,E2,E3
R2_KDE,2,72,E2::MAIN::10.1029/2025tc009062::SM21,10.1029/2025tc009062,E2,E2
R2_KDE,2,73,E2::MAIN::10.1029/2025tc009062::SM25,10.1029/2025tc009062,E2,E3
R2_KDE,2,74,E2::MAIN::10.1029/2025tc009062::SM3,10.1029/2025tc009062,E2,E3
R2_KDE,2,75,E2::MAIN::10.1029/2025tc009062::SM30,10.1029/2025tc009062,E2,E3
R2_KDE,2,76,E2::MAIN::10.1029/2025tc009062::SM4,10.1029/2025tc009062,E2,E3
R2_KDE,2,77,E2::MAIN::10.1029/2025tc009062::SM40,10.1029/2025tc009062,E2,E3
R2_KDE,2,78,E2::MAIN::10.1029/2025tc009062::SM41,10.1029/2025tc009062,E2,E1
R2_KDE,2,79,E2::MAIN::10.1029/2025tc009062::SM42,10.1029/2025tc009062,E2,E1
R2_KDE,2,80,E2::MAIN::10.1029/2025tc009062::SM43,10.1029/2025tc009062,E2,E1
R2_KDE,2,81,E2::MAIN::10.1029/2025tc009062::SM5,10.1029/2025tc009062,E2,E3
R2_KDE,2,82,E2::MAIN::10.1029/2025tc009062::SM9,10.1029/2025tc009062,E2,E2
R2_KDE,2,90,E3::SCS::SHAO2017_P011,10.1016/j.epsl.2017.08.019,E3,E1
R2_KDE,2,91,E3::SCS::SHAO2017_P017,10.1016/j.epsl.2017.08.019,E3,E1
R2_KDE,2,92,E3::SCS::SHAO2017_P018,10.1016/j.epsl.2017.08.019,E3,E1
R2_KDE,2,93,E3::SCS::SHAO2017_P019,10.1016/j.epsl.2017.08.019,E3,E1
R2_KDE,2,94,E3::SCS::SHAO2017_P022,10.1016/j.epsl.2017.08.019,E3,E1
R2_KDE,2,95,E3::SCS::SHAO2017_P023,10.1016/j.epsl.2017.08.019,E3,E1
R2_KDE,2,96,E3::SCS::SUGGATE2014_PAL-5,10.1016/j.gr.2013.07.006,E3,E1
R2_KDE,2,97,E3::SCS::SUGGATE2014_PAL-8,10.1016/j.gr.2013.07.006,E3,E1
KS_ECDF,2,10,E1::MAIN::10.1016/j.jseaes.2022.105111::18JV52,10.1016/j.jseaes.2022.105111,E1,E3
KS_ECDF,2,11,E1::MAIN::10.1016/j.jseaes.2022.105111::18JV531,10.1016/j.jseaes.2022.105111,E1,E3
KS_ECDF,2,12,E1::MAIN::10.1016/j.jseaes.2022.105111::18JV561,10.1016/j.jseaes.2022.105111,E1,E3
KS_ECDF,2,13,E1::MAIN::10.1016/j.jseaes.2022.105111::18JV73E,10.1016/j.jseaes.2022.105111,E1,E3
KS_ECDF,2,14,E1::MAIN::10.1016/j.jseaes.2022.105111::18JV85,10.1016/j.jseaes.2022.105111,E1,E3
KS_ECDF,2,15,E1::MAIN::10.1016/j.jseaes.2022.105111::18JV931,10.1016/j.jseaes.2022.105111,E1,E2
KS_ECDF,2,66,E2::MAIN::10.1029/2025tc009062::LANGAT,10.1029/2025tc009062,E2,E2
KS_ECDF,2,67,E2::MAIN::10.1029/2025tc009062::SIPUT,10.1029/2025tc009062,E2,E2
KS_ECDF,2,68,E2::MAIN::10.1029/2025tc009062::SM10,10.1029/2025tc009062,E2,E2
KS_ECDF,2,69,E2::MAIN::10.1029/2025tc009062::SM12,10.1029/2025tc009062,E2,E2
KS_ECDF,2,70,E2::MAIN::10.1029/2025tc009062::SM15,10.1029/2025tc009062,E2,E2
KS_ECDF,2,71,E2::MAIN::10.1029/2025tc009062::SM16,10.1029/2025tc009062,E2,E2
KS_ECDF,2,72,E2::MAIN::10.1029/2025tc009062::SM21,10.1029/2025tc009062,E2,E2
KS_ECDF,2,73,E2::MAIN::10.1029/2025tc009062::SM25,10.1029/2025tc009062,E2,E2
KS_ECDF,2,74,E2::MAIN::10.1029/2025tc009062::SM3,10.1029/2025tc009062,E2,E2
KS_ECDF,2,75,E2::MAIN::10.1029/2025tc009062::SM30,10.1029/2025tc009062,E2,E2
KS_ECDF,2,76,E2::MAIN::10.1029/2025tc009062::SM4,10.1029/2025tc009062,E2,E2
KS_ECDF,2,77,E2::MAIN::10.1029/2025tc009062::SM40,10.1029/2025tc009062,E2,E2
KS_ECDF,2,78,E2::MAIN::10.1029/2025tc009062::SM41,10.1029/2025tc009062,E2,E2
KS_ECDF,2,79,E2::MAIN::10.1029/2025tc009062::SM42,10.1029/2025tc009062,E2,E2
KS_ECDF,2,80,E2::MAIN::10.1029/2025tc009062::SM43,10.1029/2025tc009062,E2,E2
KS_ECDF,2,81,E2::MAIN::10.1029/2025tc009062::SM5,10.1029/2025tc009062,E2,E2
KS_ECDF,2,82,E2::MAIN::10.1029/2025tc009062::SM9,10.1029/2025tc009062,E2,E2
KS_ECDF,2,90,E3::SCS::SHAO2017_P011,10.1016/j.epsl.2017.08.019,E3,E1
KS_ECDF,2,91,E3::SCS::SHAO2017_P017,10.1016/j.epsl.2017.08.019,E3,E1
KS_ECDF,2,92,E3::SCS::SHAO2017_P018,10.1016/j.epsl.2017.08.019,E3,E1
KS_ECDF,2,93,E3::SCS::SHAO2017_P019,10.1016/j.epsl.2017.08.019,E3,E1
KS_ECDF,2,94,E3::SCS::SHAO2017_P022,10.1016/j.epsl.2017.08.019,E3,E1
KS_ECDF,2,95,E3::SCS::SHAO2017_P023,10.1016/j.epsl.2017.08.019,E3,E1
KS_ECDF,2,96,E3::SCS::SUGGATE2014_PAL-5,10.1016/j.gr.2013.07.006,E3,E1
KS_ECDF,2,97,E3::SCS::SUGGATE2014_PAL-8,10.1016/j.gr.2013.07.006,E3,E1
Wasserstein_1,2,10,E1::MAIN::10.1016/j.jseaes.2022.105111::18JV52,10.1016/j.jseaes.2022.105111,E1,E3
Wasserstein_1,2,11,E1::MAIN::10.1016/j.jseaes.2022.105111::18JV531,10.1016/j.jseaes.2022.105111,E1,E1
Wasserstein_1,2,12,E1::MAIN::10.1016/j.jseaes.2022.105111::18JV561,10.1016/j.jseaes.2022.105111,E1,E1
Wasserstein_1,2,13,E1::MAIN::10.1016/j.jseaes.2022.105111::18JV73E,10.1016/j.jseaes.2022.105111,E1,E2
Wasserstein_1,2,14,E1::MAIN::10.1016/j.jseaes.2022.105111::18JV85,10.1016/j.jseaes.2022.105111,E1,E1
Wasserstein_1,2,15,E1::MAIN::10.1016/j.jseaes.2022.105111::18JV931,10.1016/j.jseaes.2022.105111,E1,E3
Wasserstein_1,2,66,E2::MAIN::10.1029/2025tc009062::LANGAT,10.1029/2025tc009062,E2,E2
Wasserstein_1,2,67,E2::MAIN::10.1029/2025tc009062::SIPUT,10.1029/2025tc009062,E2,E3
Wasserstein_1,2,68,E2::MAIN::10.1029/2025tc009062::SM10,10.1029/2025tc009062,E2,E2
Wasserstein_1,2,69,E2::MAIN::10.1029/2025tc009062::SM12,10.1029/2025tc009062,E2,E2
Wasserstein_1,2,70,E2::MAIN::10.1029/2025tc009062::SM15,10.1029/2025tc009062,E2,E2
Wasserstein_1,2,71,E2::MAIN::10.1029/2025tc009062::SM16,10.1029/2025tc009062,E2,E2
Wasserstein_1,2,72,E2::MAIN::10.1029/2025tc009062::SM21,10.1029/2025tc009062,E2,E2
Wasserstein_1,2,73,E2::MAIN::10.1029/2025tc009062::SM25,10.1029/2025tc009062,E2,E3
Wasserstein_1,2,74,E2::MAIN::10.1029/2025tc009062::SM3,10.1029/2025tc009062,E2,E3
Wasserstein_1,2,75,E2::MAIN::10.1029/2025tc009062::SM30,10.1029/2025tc009062,E2,E3
Wasserstein_1,2,76,E2::MAIN::10.1029/2025tc009062::SM4,10.1029/2025tc009062,E2,E3
Wasserstein_1,2,77,E2::MAIN::10.1029/2025tc009062::SM40,10.1029/2025tc009062,E2,E3
Wasserstein_1,2,78,E2::MAIN::10.1029/2025tc009062::SM41,10.1029/2025tc009062,E2,E3
Wasserstein_1,2,79,E2::MAIN::10.1029/2025tc009062::SM42,10.1029/2025tc009062,E2,E3
Wasserstein_1,2,80,E2::MAIN::10.1029/2025tc009062::SM43,10.1029/2025tc009062,E2,E3
Wasserstein_1,2,81,E2::MAIN::10.1029/2025tc009062::SM5,10.1029/2025tc009062,E2,E3
Wasserstein_1,2,82,E2::MAIN::10.1029/2025tc009062::SM9,10.1029/2025tc009062,E2,E2
Wasserstein_1,2,90,E3::SCS::SHAO2017_P011,10.1016/j.epsl.2017.08.019,E3,E1
Wasserstein_1,2,91,E3::SCS::SHAO2017_P017,10.1016/j.epsl.2017.08.019,E3,E1
Wasserstein_1,2,92,E3::SCS::SHAO2017_P018,10.1016/j.epsl.2017.08.019,E3,E1
Wasserstein_1,2,93,E3::SCS::SHAO2017_P019,10.1016/j.epsl.2017.08.019,E3,E1
Wasserstein_1,2,94,E3::SCS::SHAO2017_P022,10.1016/j.epsl.2017.08.019,E3,E1
Wasserstein_1,2,95,E3::SCS::SHAO2017_P023,10.1016/j.epsl.2017.08.019,E3,E1
Wasserstein_1,2,96,E3::SCS::SUGGATE2014_PAL-5,10.1016/j.gr.2013.07.006,E3,E2
Wasserstein_1,2,97,E3::SCS::SUGGATE2014_PAL-8,10.1016/j.gr.2013.07.006,E3,E1
Random_Forest,2,10,E1::MAIN::10.1016/j.jseaes.2022.105111::18JV52,10.1016/j.jseaes.2022.105111,E1,E3
Random_Forest,2,11,E1::MAIN::10.1016/j.jseaes.2022.105111::18JV531,10.1016/j.jseaes.2022.105111,E1,E2
Random_Forest,2,12,E1::MAIN::10.1016/j.jseaes.2022.105111::18JV561,10.1016/j.jseaes.2022.105111,E1,E3
Random_Forest,2,13,E1::MAIN::10.1016/j.jseaes.2022.105111::18JV73E,10.1016/j.jseaes.2022.105111,E1,E2
Random_Forest,2,14,E1::MAIN::10.1016/j.jseaes.2022.105111::18JV85,10.1016/j.jseaes.2022.105111,E1,E2
Random_Forest,2,15,E1::MAIN::10.1016/j.jseaes.2022.105111::18JV931,10.1016/j.jseaes.2022.105111,E1,E2
Random_Forest,2,66,E2::MAIN::10.1029/2025tc009062::LANGAT,10.1029/2025tc009062,E2,E2
Random_Forest,2,67,E2::MAIN::10.1029/2025tc009062::SIPUT,10.1029/2025tc009062,E2,E2
Random_Forest,2,68,E2::MAIN::10.1029/2025tc009062::SM10,10.1029/2025tc009062,E2,E2
Random_Forest,2,69,E2::MAIN::10.1029/2025tc009062::SM12,10.1029/2025tc009062,E2,E2
Random_Forest,2,70,E2::MAIN::10.1029/2025tc009062::SM15,10.1029/2025tc009062,E2,E2
Random_Forest,2,71,E2::MAIN::10.1029/2025tc009062::SM16,10.1029/2025tc009062,E2,E2
Random_Forest,2,72,E2::MAIN::10.1029/2025tc009062::SM21,10.1029/2025tc009062,E2,E2
Random_Forest,2,73,E2::MAIN::10.1029/2025tc009062::SM25,10.1029/2025tc009062,E2,E2
Random_Forest,2,74,E2::MAIN::10.1029/2025tc009062::SM3,10.1029/2025tc009062,E2,E2
Random_Forest,2,75,E2::MAIN::10.1029/2025tc009062::SM30,10.1029/2025tc009062,E2,E2
Random_Forest,2,76,E2::MAIN::10.1029/2025tc009062::SM4,10.1029/2025tc009062,E2,E2
Random_Forest,2,77,E2::MAIN::10.1029/2025tc009062::SM40,10.1029/2025tc009062,E2,E2
Random_Forest,2,78,E2::MAIN::10.1029/2025tc009062::SM41,10.1029/2025tc009062,E2,E2
Random_Forest,2,79,E2::MAIN::10.1029/2025tc009062::SM42,10.1029/2025tc009062,E2,E2
Random_Forest,2,80,E2::MAIN::10.1029/2025tc009062::SM43,10.1029/2025tc009062,E2,E2
Random_Forest,2,81,E2::MAIN::10.1029/2025tc009062::SM5,10.1029/2025tc009062,E2,E2
Random_Forest,2,82,E2::MAIN::10.1029/2025tc009062::SM9,10.1029/2025tc009062,E2,E2
Random_Forest,2,90,E3::SCS::SHAO2017_P011,10.1016/j.epsl.2017.08.019,E3,E3
Random_Forest,2,91,E3::SCS::SHAO2017_P017,10.1016/j.epsl.2017.08.019,E3,E3
Random_Forest,2,92,E3::SCS::SHAO2017_P018,10.1016/j.epsl.2017.08.019,E3,E3
Random_Forest,2,93,E3::SCS::SHAO2017_P019,10.1016/j.epsl.2017.08.019,E3,E3
Random_Forest,2,94,E3::SCS::SHAO2017_P022,10.1016/j.epsl.2017.08.019,E3,E1
Random_Forest,2,95,E3::SCS::SHAO2017_P023,10.1016/j.epsl.2017.08.019,E3,E1
Random_Forest,2,96,E3::SCS::SUGGATE2014_PAL-5,10.1016/j.gr.2013.07.006,E3,E3
Random_Forest,2,97,E3::SCS::SUGGATE2014_PAL-8,10.1016/j.gr.2013.07.006,E3,E1
XGBoost,2,10,E1::MAIN::10.1016/j.jseaes.2022.105111::18JV52,10.1016/j.jseaes.2022.105111,E1,E3
XGBoost,2,11,E1::MAIN::10.1016/j.jseaes.2022.105111::18JV531,10.1016/j.jseaes.2022.105111,E1,E1
XGBoost,2,12,E1::MAIN::10.1016/j.jseaes.2022.105111::18JV561,10.1016/j.jseaes.2022.105111,E1,E3
XGBoost,2,13,E1::MAIN::10.1016/j.jseaes.2022.105111::18JV73E,10.1016/j.jseaes.2022.105111,E1,E2
XGBoost,2,14,E1::MAIN::10.1016/j.jseaes.2022.105111::18JV85,10.1016/j.jseaes.2022.105111,E1,E1
XGBoost,2,15,E1::MAIN::10.1016/j.jseaes.2022.105111::18JV931,10.1016/j.jseaes.2022.105111,E1,E2
XGBoost,2,66,E2::MAIN::10.1029/2025tc009062::LANGAT,10.1029/2025tc009062,E2,E2
XGBoost,2,67,E2::MAIN::10.1029/2025tc009062::SIPUT,10.1029/2025tc009062,E2,E2
XGBoost,2,68,E2::MAIN::10.1029/2025tc009062::SM10,10.1029/2025tc009062,E2,E2
XGBoost,2,69,E2::MAIN::10.1029/2025tc009062::SM12,10.1029/2025tc009062,E2,E2
XGBoost,2,70,E2::MAIN::10.1029/2025tc009062::SM15,10.1029/2025tc009062,E2,E2
XGBoost,2,71,E2::MAIN::10.1029/2025tc009062::SM16,10.1029/2025tc009062,E2,E2
XGBoost,2,72,E2::MAIN::10.1029/2025tc009062::SM21,10.1029/2025tc009062,E2,E2
XGBoost,2,73,E2::MAIN::10.1029/2025tc009062::SM25,10.1029/2025tc009062,E2,E2
XGBoost,2,74,E2::MAIN::10.1029/2025tc009062::SM3,10.1029/2025tc009062,E2,E2
XGBoost,2,75,E2::MAIN::10.1029/2025tc009062::SM30,10.1029/2025tc009062,E2,E2
XGBoost,2,76,E2::MAIN::10.1029/2025tc009062::SM4,10.1029/2025tc009062,E2,E2
XGBoost,2,77,E2::MAIN::10.1029/2025tc009062::SM40,10.1029/2025tc009062,E2,E2
XGBoost,2,78,E2::MAIN::10.1029/2025tc009062::SM41,10.1029/2025tc009062,E2,E2
XGBoost,2,79,E2::MAIN::10.1029/2025tc009062::SM42,10.1029/2025tc009062,E2,E2
XGBoost,2,80,E2::MAIN::10.1029/2025tc009062::SM43,10.1029/2025tc009062,E2,E2
XGBoost,2,81,E2::MAIN::10.1029/2025tc009062::SM5,10.1029/2025tc009062,E2,E2
XGBoost,2,82,E2::MAIN::10.1029/2025tc009062::SM9,10.1029/2025tc009062,E2,E2
XGBoost,2,90,E3::SCS::SHAO2017_P011,10.1016/j.epsl.2017.08.019,E3,E3
XGBoost,2,91,E3::SCS::SHAO2017_P017,10.1016/j.epsl.2017.08.019,E3,E3
XGBoost,2,92,E3::SCS::SHAO2017_P018,10.1016/j.epsl.2017.08.019,E3,E3
XGBoost,2,93,E3::SCS::SHAO2017_P019,10.1016/j.epsl.2017.08.019,E3,E3
XGBoost,2,94,E3::SCS::SHAO2017_P022,10.1016/j.epsl.2017.08.019,E3,E1
XGBoost,2,95,E3::SCS::SHAO2017_P023,10.1016/j.epsl.2017.08.019,E3,E3
XGBoost,2,96,E3::SCS::SUGGATE2014_PAL-5,10.1016/j.gr.2013.07.006,E3,E3
XGBoost,2,97,E3::SCS::SUGGATE2014_PAL-8,10.1016/j.gr.2013.07.006,E3,E1
LightGBM,2,10,E1::MAIN::10.1016/j.jseaes.2022.105111::18JV52,10.1016/j.jseaes.2022.105111,E1,E3
LightGBM,2,11,E1::MAIN::10.1016/j.jseaes.2022.105111::18JV531,10.1016/j.jseaes.2022.105111,E1,E1
LightGBM,2,12,E1::MAIN::10.1016/j.jseaes.2022.105111::18JV561,10.1016/j.jseaes.2022.105111,E1,E3
LightGBM,2,13,E1::MAIN::10.1016/j.jseaes.2022.105111::18JV73E,10.1016/j.jseaes.2022.105111,E1,E1
LightGBM,2,14,E1::MAIN::10.1016/j.jseaes.2022.105111::18JV85,10.1016/j.jseaes.2022.105111,E1,E1
LightGBM,2,15,E1::MAIN::10.1016/j.jseaes.2022.105111::18JV931,10.1016/j.jseaes.2022.105111,E1,E2
LightGBM,2,66,E2::MAIN::10.1029/2025tc009062::LANGAT,10.1029/2025tc009062,E2,E2
LightGBM,2,67,E2::MAIN::10.1029/2025tc009062::SIPUT,10.1029/2025tc009062,E2,E2
LightGBM,2,68,E2::MAIN::10.1029/2025tc009062::SM10,10.1029/2025tc009062,E2,E2
LightGBM,2,69,E2::MAIN::10.1029/2025tc009062::SM12,10.1029/2025tc009062,E2,E2
LightGBM,2,70,E2::MAIN::10.1029/2025tc009062::SM15,10.1029/2025tc009062,E2,E2
LightGBM,2,71,E2::MAIN::10.1029/2025tc009062::SM16,10.1029/2025tc009062,E2,E2
LightGBM,2,72,E2::MAIN::10.1029/2025tc009062::SM21,10.1029/2025tc009062,E2,E2
LightGBM,2,73,E2::MAIN::10.1029/2025tc009062::SM25,10.1029/2025tc009062,E2,E2
LightGBM,2,74,E2::MAIN::10.1029/2025tc009062::SM3,10.1029/2025tc009062,E2,E2
LightGBM,2,75,E2::MAIN::10.1029/2025tc009062::SM30,10.1029/2025tc009062,E2,E2
LightGBM,2,76,E2::MAIN::10.1029/2025tc009062::SM4,10.1029/2025tc009062,E2,E2
LightGBM,2,77,E2::MAIN::10.1029/2025tc009062::SM40,10.1029/2025tc009062,E2,E2
LightGBM,2,78,E2::MAIN::10.1029/2025tc009062::SM41,10.1029/2025tc009062,E2,E2
LightGBM,2,79,E2::MAIN::10.1029/2025tc009062::SM42,10.1029/2025tc009062,E2,E2
LightGBM,2,80,E2::MAIN::10.1029/2025tc009062::SM43,10.1029/2025tc009062,E2,E2
LightGBM,2,81,E2::MAIN::10.1029/2025tc009062::SM5,10.1029/2025tc009062,E2,E2
LightGBM,2,82,E2::MAIN::10.1029/2025tc009062::SM9,10.1029/2025tc009062,E2,E2
LightGBM,2,90,E3::SCS::SHAO2017_P011,10.1016/j.epsl.2017.08.019,E3,E3
LightGBM,2,91,E3::SCS::SHAO2017_P017,10.1016/j.epsl.2017.08.019,E3,E3
LightGBM,2,92,E3::SCS::SHAO2017_P018,10.1016/j.epsl.2017.08.019,E3,E3
LightGBM,2,93,E3::SCS::SHAO2017_P019,10.1016/j.epsl.2017.08.019,E3,E3
LightGBM,2,94,E3::SCS::SHAO2017_P022,10.1016/j.epsl.2017.08.019,E3,E1
LightGBM,2,95,E3::SCS::SHAO2017_P023,10.1016/j.epsl.2017.08.019,E3,E3
LightGBM,2,96,E3::SCS::SUGGATE2014_PAL-5,10.1016/j.gr.2013.07.006,E3,E3
LightGBM,2,97,E3::SCS::SUGGATE2014_PAL-8,10.1016/j.gr.2013.07.006,E3,E1
R2_KDE,3,0,E1::MAIN::10.1007/s00343-021-0405-6::11LA1,10.1007/s00343-021-0405-6,E1,E2
R2_KDE,3,16,E1::MAIN::10.1130/g50966.1::WK153,10.1130/g50966.1,E1,E2
R2_KDE,3,17,E1::MAIN::10.1130/g50966.1::WK16,10.1130/g50966.1,E1,E2
R2_KDE,3,18,E1::MAIN::10.1130/g50966.1::WK18,10.1130/g50966.1,E1,E2
R2_KDE,3,19,E1::MAIN::10.1130/g50966.1::WK272,10.1130/g50966.1,E1,E3
R2_KDE,3,20,E1::MAIN::10.1130/g50966.1::WK36,10.1130/g50966.1,E1,E3
R2_KDE,3,30,E2::MAIN::10.1002/gj.3131::BR2,10.1002/gj.3131,E2,E3
R2_KDE,3,31,E2::MAIN::10.1002/gj.3131::BR305,10.1002/gj.3131,E2,E2
R2_KDE,3,32,E2::MAIN::10.1002/gj.3131::BR307,10.1002/gj.3131,E2,E2
R2_KDE,3,36,E2::MAIN::10.1016/j.gr.2010.10.010::IS02,10.1016/j.gr.2010.10.010,E2,E2
R2_KDE,3,37,E2::MAIN::10.1016/j.gr.2010.10.010::IS14,10.1016/j.gr.2010.10.010,E2,E2
R2_KDE,3,38,E2::MAIN::10.1016/j.gr.2010.10.010::IS18,10.1016/j.gr.2010.10.010,E2,E2
R2_KDE,3,39,E2::MAIN::10.1016/j.gr.2010.10.010::IS19,10.1016/j.gr.2010.10.010,E2,E2
R2_KDE,3,40,E2::MAIN::10.1016/j.gr.2010.10.010::IS26,10.1016/j.gr.2010.10.010,E2,E2
R2_KDE,3,41,E2::MAIN::10.1016/j.gr.2010.10.010::IS31,10.1016/j.gr.2010.10.010,E2,E2
R2_KDE,3,42,E2::MAIN::10.1016/j.gr.2010.10.010::IS37,10.1016/j.gr.2010.10.010,E2,E2
R2_KDE,3,43,E2::MAIN::10.1016/j.gr.2010.10.010::IS40,10.1016/j.gr.2010.10.010,E2,E2
R2_KDE,3,44,E2::MAIN::10.1016/j.gr.2010.10.010::IS41,10.1016/j.gr.2010.10.010,E2,E1
R2_KDE,3,107,E3::EXISTING_REPAIRED::BSPM-A70956C87A2E4851-E3,10.3390/geosciences16010017,E3,E2
R2_KDE,3,108,E3::EXISTING_REPAIRED::BSPM-E90070124D4956E0-E3,10.3390/geosciences16010017,E3,E3
R2_KDE,3,109,E3::EXISTING_REPAIRED::BSPM-8BA2B640123C951C-E3,10.3390/geosciences16010017,E3,E2
R2_KDE,3,110,E3::SCS::KNITTEL2026_MIN12B,10.3390/geosciences16010017,E3,E3
R2_KDE,3,111,E3::SCS::KNITTEL2026_MIN13,10.3390/geosciences16010017,E3,E3
R2_KDE,3,112,E3::SCS::KNITTEL2026_MIN17A,10.3390/geosciences16010017,E3,E2
R2_KDE,3,113,E3::SCS::KNITTEL2026_MIN19,10.3390/geosciences16010017,E3,E2
R2_KDE,3,114,E3::SCS::KNITTEL2026_MIN20A,10.3390/geosciences16010017,E3,E2
R2_KDE,3,115,E3::SCS::KNITTEL2026_MIN40A,10.3390/geosciences16010017,E3,E3
R2_KDE,3,116,E3::SCS::KNITTEL2026_MIN41,10.3390/geosciences16010017,E3,E3
KS_ECDF,3,0,E1::MAIN::10.1007/s00343-021-0405-6::11LA1,10.1007/s00343-021-0405-6,E1,E2
KS_ECDF,3,16,E1::MAIN::10.1130/g50966.1::WK153,10.1130/g50966.1,E1,E3
KS_ECDF,3,17,E1::MAIN::10.1130/g50966.1::WK16,10.1130/g50966.1,E1,E2
KS_ECDF,3,18,E1::MAIN::10.1130/g50966.1::WK18,10.1130/g50966.1,E1,E2
KS_ECDF,3,19,E1::MAIN::10.1130/g50966.1::WK272,10.1130/g50966.1,E1,E3
KS_ECDF,3,20,E1::MAIN::10.1130/g50966.1::WK36,10.1130/g50966.1,E1,E3
KS_ECDF,3,30,E2::MAIN::10.1002/gj.3131::BR2,10.1002/gj.3131,E2,E2
KS_ECDF,3,31,E2::MAIN::10.1002/gj.3131::BR305,10.1002/gj.3131,E2,E2
KS_ECDF,3,32,E2::MAIN::10.1002/gj.3131::BR307,10.1002/gj.3131,E2,E2
KS_ECDF,3,36,E2::MAIN::10.1016/j.gr.2010.10.010::IS02,10.1016/j.gr.2010.10.010,E2,E2
KS_ECDF,3,37,E2::MAIN::10.1016/j.gr.2010.10.010::IS14,10.1016/j.gr.2010.10.010,E2,E3
KS_ECDF,3,38,E2::MAIN::10.1016/j.gr.2010.10.010::IS18,10.1016/j.gr.2010.10.010,E2,E2
KS_ECDF,3,39,E2::MAIN::10.1016/j.gr.2010.10.010::IS19,10.1016/j.gr.2010.10.010,E2,E3
KS_ECDF,3,40,E2::MAIN::10.1016/j.gr.2010.10.010::IS26,10.1016/j.gr.2010.10.010,E2,E3
KS_ECDF,3,41,E2::MAIN::10.1016/j.gr.2010.10.010::IS31,10.1016/j.gr.2010.10.010,E2,E2
KS_ECDF,3,42,E2::MAIN::10.1016/j.gr.2010.10.010::IS37,10.1016/j.gr.2010.10.010,E2,E2
KS_ECDF,3,43,E2::MAIN::10.1016/j.gr.2010.10.010::IS40,10.1016/j.gr.2010.10.010,E2,E3
KS_ECDF,3,44,E2::MAIN::10.1016/j.gr.2010.10.010::IS41,10.1016/j.gr.2010.10.010,E2,E1
KS_ECDF,3,107,E3::EXISTING_REPAIRED::BSPM-A70956C87A2E4851-E3,10.3390/geosciences16010017,E3,E3
KS_ECDF,3,108,E3::EXISTING_REPAIRED::BSPM-E90070124D4956E0-E3,10.3390/geosciences16010017,E3,E3
KS_ECDF,3,109,E3::EXISTING_REPAIRED::BSPM-8BA2B640123C951C-E3,10.3390/geosciences16010017,E3,E3
KS_ECDF,3,110,E3::SCS::KNITTEL2026_MIN12B,10.3390/geosciences16010017,E3,E2
KS_ECDF,3,111,E3::SCS::KNITTEL2026_MIN13,10.3390/geosciences16010017,E3,E3
KS_ECDF,3,112,E3::SCS::KNITTEL2026_MIN17A,10.3390/geosciences16010017,E3,E3
KS_ECDF,3,113,E3::SCS::KNITTEL2026_MIN19,10.3390/geosciences16010017,E3,E3
KS_ECDF,3,114,E3::SCS::KNITTEL2026_MIN20A,10.3390/geosciences16010017,E3,E3
KS_ECDF,3,115,E3::SCS::KNITTEL2026_MIN40A,10.3390/geosciences16010017,E3,E3
KS_ECDF,3,116,E3::SCS::KNITTEL2026_MIN41,10.3390/geosciences16010017,E3,E3
Wasserstein_1,3,0,E1::MAIN::10.1007/s00343-021-0405-6::11LA1,10.1007/s00343-021-0405-6,E1,E2
Wasserstein_1,3,16,E1::MAIN::10.1130/g50966.1::WK153,10.1130/g50966.1,E1,E1
Wasserstein_1,3,17,E1::MAIN::10.1130/g50966.1::WK16,10.1130/g50966.1,E1,E3
Wasserstein_1,3,18,E1::MAIN::10.1130/g50966.1::WK18,10.1130/g50966.1,E1,E2
Wasserstein_1,3,19,E1::MAIN::10.1130/g50966.1::WK272,10.1130/g50966.1,E1,E3
Wasserstein_1,3,20,E1::MAIN::10.1130/g50966.1::WK36,10.1130/g50966.1,E1,E3
Wasserstein_1,3,30,E2::MAIN::10.1002/gj.3131::BR2,10.1002/gj.3131,E2,E2
Wasserstein_1,3,31,E2::MAIN::10.1002/gj.3131::BR305,10.1002/gj.3131,E2,E2
Wasserstein_1,3,32,E2::MAIN::10.1002/gj.3131::BR307,10.1002/gj.3131,E2,E1
Wasserstein_1,3,36,E2::MAIN::10.1016/j.gr.2010.10.010::IS02,10.1016/j.gr.2010.10.010,E2,E3
Wasserstein_1,3,37,E2::MAIN::10.1016/j.gr.2010.10.010::IS14,10.1016/j.gr.2010.10.010,E2,E1
Wasserstein_1,3,38,E2::MAIN::10.1016/j.gr.2010.10.010::IS18,10.1016/j.gr.2010.10.010,E2,E3
Wasserstein_1,3,39,E2::MAIN::10.1016/j.gr.2010.10.010::IS19,10.1016/j.gr.2010.10.010,E2,E1
Wasserstein_1,3,40,E2::MAIN::10.1016/j.gr.2010.10.010::IS26,10.1016/j.gr.2010.10.010,E2,E1
Wasserstein_1,3,41,E2::MAIN::10.1016/j.gr.2010.10.010::IS31,10.1016/j.gr.2010.10.010,E2,E2
Wasserstein_1,3,42,E2::MAIN::10.1016/j.gr.2010.10.010::IS37,10.1016/j.gr.2010.10.010,E2,E3
Wasserstein_1,3,43,E2::MAIN::10.1016/j.gr.2010.10.010::IS40,10.1016/j.gr.2010.10.010,E2,E1
Wasserstein_1,3,44,E2::MAIN::10.1016/j.gr.2010.10.010::IS41,10.1016/j.gr.2010.10.010,E2,E1
Wasserstein_1,3,107,E3::EXISTING_REPAIRED::BSPM-A70956C87A2E4851-E3,10.3390/geosciences16010017,E3,E1
Wasserstein_1,3,108,E3::EXISTING_REPAIRED::BSPM-E90070124D4956E0-E3,10.3390/geosciences16010017,E3,E3
Wasserstein_1,3,109,E3::EXISTING_REPAIRED::BSPM-8BA2B640123C951C-E3,10.3390/geosciences16010017,E3,E1
Wasserstein_1,3,110,E3::SCS::KNITTEL2026_MIN12B,10.3390/geosciences16010017,E3,E2
Wasserstein_1,3,111,E3::SCS::KNITTEL2026_MIN13,10.3390/geosciences16010017,E3,E2
Wasserstein_1,3,112,E3::SCS::KNITTEL2026_MIN17A,10.3390/geosciences16010017,E3,E1
Wasserstein_1,3,113,E3::SCS::KNITTEL2026_MIN19,10.3390/geosciences16010017,E3,E1
Wasserstein_1,3,114,E3::SCS::KNITTEL2026_MIN20A,10.3390/geosciences16010017,E3,E1
Wasserstein_1,3,115,E3::SCS::KNITTEL2026_MIN40A,10.3390/geosciences16010017,E3,E3
Wasserstein_1,3,116,E3::SCS::KNITTEL2026_MIN41,10.3390/geosciences16010017,E3,E2
Random_Forest,3,0,E1::MAIN::10.1007/s00343-021-0405-6::11LA1,10.1007/s00343-021-0405-6,E1,E2
Random_Forest,3,16,E1::MAIN::10.1130/g50966.1::WK153,10.1130/g50966.1,E1,E1
Random_Forest,3,17,E1::MAIN::10.1130/g50966.1::WK16,10.1130/g50966.1,E1,E3
Random_Forest,3,18,E1::MAIN::10.1130/g50966.1::WK18,10.1130/g50966.1,E1,E3
Random_Forest,3,19,E1::MAIN::10.1130/g50966.1::WK272,10.1130/g50966.1,E1,E2
Random_Forest,3,20,E1::MAIN::10.1130/g50966.1::WK36,10.1130/g50966.1,E1,E2
Random_Forest,3,30,E2::MAIN::10.1002/gj.3131::BR2,10.1002/gj.3131,E2,E3
Random_Forest,3,31,E2::MAIN::10.1002/gj.3131::BR305,10.1002/gj.3131,E2,E2
Random_Forest,3,32,E2::MAIN::10.1002/gj.3131::BR307,10.1002/gj.3131,E2,E2
Random_Forest,3,36,E2::MAIN::10.1016/j.gr.2010.10.010::IS02,10.1016/j.gr.2010.10.010,E2,E2
Random_Forest,3,37,E2::MAIN::10.1016/j.gr.2010.10.010::IS14,10.1016/j.gr.2010.10.010,E2,E3
Random_Forest,3,38,E2::MAIN::10.1016/j.gr.2010.10.010::IS18,10.1016/j.gr.2010.10.010,E2,E2
Random_Forest,3,39,E2::MAIN::10.1016/j.gr.2010.10.010::IS19,10.1016/j.gr.2010.10.010,E2,E2
Random_Forest,3,40,E2::MAIN::10.1016/j.gr.2010.10.010::IS26,10.1016/j.gr.2010.10.010,E2,E2
Random_Forest,3,41,E2::MAIN::10.1016/j.gr.2010.10.010::IS31,10.1016/j.gr.2010.10.010,E2,E2
Random_Forest,3,42,E2::MAIN::10.1016/j.gr.2010.10.010::IS37,10.1016/j.gr.2010.10.010,E2,E2
Random_Forest,3,43,E2::MAIN::10.1016/j.gr.2010.10.010::IS40,10.1016/j.gr.2010.10.010,E2,E2
Random_Forest,3,44,E2::MAIN::10.1016/j.gr.2010.10.010::IS41,10.1016/j.gr.2010.10.010,E2,E1
Random_Forest,3,107,E3::EXISTING_REPAIRED::BSPM-A70956C87A2E4851-E3,10.3390/geosciences16010017,E3,E3
Random_Forest,3,108,E3::EXISTING_REPAIRED::BSPM-E90070124D4956E0-E3,10.3390/geosciences16010017,E3,E3
Random_Forest,3,109,E3::EXISTING_REPAIRED::BSPM-8BA2B640123C951C-E3,10.3390/geosciences16010017,E3,E3
Random_Forest,3,110,E3::SCS::KNITTEL2026_MIN12B,10.3390/geosciences16010017,E3,E3
Random_Forest,3,111,E3::SCS::KNITTEL2026_MIN13,10.3390/geosciences16010017,E3,E3
Random_Forest,3,112,E3::SCS::KNITTEL2026_MIN17A,10.3390/geosciences16010017,E3,E1
Random_Forest,3,113,E3::SCS::KNITTEL2026_MIN19,10.3390/geosciences16010017,E3,E1
Random_Forest,3,114,E3::SCS::KNITTEL2026_MIN20A,10.3390/geosciences16010017,E3,E2
Random_Forest,3,115,E3::SCS::KNITTEL2026_MIN40A,10.3390/geosciences16010017,E3,E1
Random_Forest,3,116,E3::SCS::KNITTEL2026_MIN41,10.3390/geosciences16010017,E3,E3
XGBoost,3,0,E1::MAIN::10.1007/s00343-021-0405-6::11LA1,10.1007/s00343-021-0405-6,E1,E3
XGBoost,3,16,E1::MAIN::10.1130/g50966.1::WK153,10.1130/g50966.1,E1,E1
XGBoost,3,17,E1::MAIN::10.1130/g50966.1::WK16,10.1130/g50966.1,E1,E3
XGBoost,3,18,E1::MAIN::10.1130/g50966.1::WK18,10.1130/g50966.1,E1,E3
XGBoost,3,19,E1::MAIN::10.1130/g50966.1::WK272,10.1130/g50966.1,E1,E3
XGBoost,3,20,E1::MAIN::10.1130/g50966.1::WK36,10.1130/g50966.1,E1,E3
XGBoost,3,30,E2::MAIN::10.1002/gj.3131::BR2,10.1002/gj.3131,E2,E3
XGBoost,3,31,E2::MAIN::10.1002/gj.3131::BR305,10.1002/gj.3131,E2,E2
XGBoost,3,32,E2::MAIN::10.1002/gj.3131::BR307,10.1002/gj.3131,E2,E2
XGBoost,3,36,E2::MAIN::10.1016/j.gr.2010.10.010::IS02,10.1016/j.gr.2010.10.010,E2,E2
XGBoost,3,37,E2::MAIN::10.1016/j.gr.2010.10.010::IS14,10.1016/j.gr.2010.10.010,E2,E2
XGBoost,3,38,E2::MAIN::10.1016/j.gr.2010.10.010::IS18,10.1016/j.gr.2010.10.010,E2,E2
XGBoost,3,39,E2::MAIN::10.1016/j.gr.2010.10.010::IS19,10.1016/j.gr.2010.10.010,E2,E2
XGBoost,3,40,E2::MAIN::10.1016/j.gr.2010.10.010::IS26,10.1016/j.gr.2010.10.010,E2,E2
XGBoost,3,41,E2::MAIN::10.1016/j.gr.2010.10.010::IS31,10.1016/j.gr.2010.10.010,E2,E2
XGBoost,3,42,E2::MAIN::10.1016/j.gr.2010.10.010::IS37,10.1016/j.gr.2010.10.010,E2,E2
XGBoost,3,43,E2::MAIN::10.1016/j.gr.2010.10.010::IS40,10.1016/j.gr.2010.10.010,E2,E2
XGBoost,3,44,E2::MAIN::10.1016/j.gr.2010.10.010::IS41,10.1016/j.gr.2010.10.010,E2,E1
XGBoost,3,107,E3::EXISTING_REPAIRED::BSPM-A70956C87A2E4851-E3,10.3390/geosciences16010017,E3,E3
XGBoost,3,108,E3::EXISTING_REPAIRED::BSPM-E90070124D4956E0-E3,10.3390/geosciences16010017,E3,E3
XGBoost,3,109,E3::EXISTING_REPAIRED::BSPM-8BA2B640123C951C-E3,10.3390/geosciences16010017,E3,E2
XGBoost,3,110,E3::SCS::KNITTEL2026_MIN12B,10.3390/geosciences16010017,E3,E3
XGBoost,3,111,E3::SCS::KNITTEL2026_MIN13,10.3390/geosciences16010017,E3,E3
XGBoost,3,112,E3::SCS::KNITTEL2026_MIN17A,10.3390/geosciences16010017,E3,E2
XGBoost,3,113,E3::SCS::KNITTEL2026_MIN19,10.3390/geosciences16010017,E3,E2
XGBoost,3,114,E3::SCS::KNITTEL2026_MIN20A,10.3390/geosciences16010017,E3,E2
XGBoost,3,115,E3::SCS::KNITTEL2026_MIN40A,10.3390/geosciences16010017,E3,E1
XGBoost,3,116,E3::SCS::KNITTEL2026_MIN41,10.3390/geosciences16010017,E3,E3
LightGBM,3,0,E1::MAIN::10.1007/s00343-021-0405-6::11LA1,10.1007/s00343-021-0405-6,E1,E2
LightGBM,3,16,E1::MAIN::10.1130/g50966.1::WK153,10.1130/g50966.1,E1,E3
LightGBM,3,17,E1::MAIN::10.1130/g50966.1::WK16,10.1130/g50966.1,E1,E3
LightGBM,3,18,E1::MAIN::10.1130/g50966.1::WK18,10.1130/g50966.1,E1,E3
LightGBM,3,19,E1::MAIN::10.1130/g50966.1::WK272,10.1130/g50966.1,E1,E3
LightGBM,3,20,E1::MAIN::10.1130/g50966.1::WK36,10.1130/g50966.1,E1,E3
LightGBM,3,30,E2::MAIN::10.1002/gj.3131::BR2,10.1002/gj.3131,E2,E2
LightGBM,3,31,E2::MAIN::10.1002/gj.3131::BR305,10.1002/gj.3131,E2,E2
LightGBM,3,32,E2::MAIN::10.1002/gj.3131::BR307,10.1002/gj.3131,E2,E2
LightGBM,3,36,E2::MAIN::10.1016/j.gr.2010.10.010::IS02,10.1016/j.gr.2010.10.010,E2,E2
LightGBM,3,37,E2::MAIN::10.1016/j.gr.2010.10.010::IS14,10.1016/j.gr.2010.10.010,E2,E2
LightGBM,3,38,E2::MAIN::10.1016/j.gr.2010.10.010::IS18,10.1016/j.gr.2010.10.010,E2,E2
LightGBM,3,39,E2::MAIN::10.1016/j.gr.2010.10.010::IS19,10.1016/j.gr.2010.10.010,E2,E2
LightGBM,3,40,E2::MAIN::10.1016/j.gr.2010.10.010::IS26,10.1016/j.gr.2010.10.010,E2,E2
LightGBM,3,41,E2::MAIN::10.1016/j.gr.2010.10.010::IS31,10.1016/j.gr.2010.10.010,E2,E2
LightGBM,3,42,E2::MAIN::10.1016/j.gr.2010.10.010::IS37,10.1016/j.gr.2010.10.010,E2,E2
LightGBM,3,43,E2::MAIN::10.1016/j.gr.2010.10.010::IS40,10.1016/j.gr.2010.10.010,E2,E2
LightGBM,3,44,E2::MAIN::10.1016/j.gr.2010.10.010::IS41,10.1016/j.gr.2010.10.010,E2,E1
LightGBM,3,107,E3::EXISTING_REPAIRED::BSPM-A70956C87A2E4851-E3,10.3390/geosciences16010017,E3,E3
LightGBM,3,108,E3::EXISTING_REPAIRED::BSPM-E90070124D4956E0-E3,10.3390/geosciences16010017,E3,E3
LightGBM,3,109,E3::EXISTING_REPAIRED::BSPM-8BA2B640123C951C-E3,10.3390/geosciences16010017,E3,E2
LightGBM,3,110,E3::SCS::KNITTEL2026_MIN12B,10.3390/geosciences16010017,E3,E2
LightGBM,3,111,E3::SCS::KNITTEL2026_MIN13,10.3390/geosciences16010017,E3,E3
LightGBM,3,112,E3::SCS::KNITTEL2026_MIN17A,10.3390/geosciences16010017,E3,E2
LightGBM,3,113,E3::SCS::KNITTEL2026_MIN19,10.3390/geosciences16010017,E3,E2
LightGBM,3,114,E3::SCS::KNITTEL2026_MIN20A,10.3390/geosciences16010017,E3,E2
LightGBM,3,115,E3::SCS::KNITTEL2026_MIN40A,10.3390/geosciences16010017,E3,E1
LightGBM,3,116,E3::SCS::KNITTEL2026_MIN41,10.3390/geosciences16010017,E3,E3
