method,fold,accuracy,balanced_accuracy,macro_f1,n_test,E1_precision,E1_recall,E1_f1,E1_n,E2_precision,E2_recall,E2_f1,E2_n,E3_precision,E3_recall,E3_f1,E3_n
R2_KDE,0,0.5517241379310345,0.5648148148148148,0.4961887477313975,29,1.0,0.1111111111111111,0.2,9,1.0,0.5833333333333334,0.7368421052631579,12,0.38095238095238093,1.0,0.5517241379310345,8
R2_KDE,1,0.7241379310344828,0.6990740740740741,0.6909581646423751,29,0.8,0.8888888888888888,0.8421052631578947,9,0.7142857142857143,0.8333333333333334,0.7692307692307693,12,0.6,0.375,0.46153846153846156,8
R2_KDE,2,0.16129032258064516,0.09803921568627451,0.13333333333333333,31,0.0,0.0,0.0,6,0.625,0.29411764705882354,0.4,17,0.0,0.0,0.0,8
R2_KDE,3,0.5357142857142857,0.4444444444444445,0.4002389486260454,28,0.0,0.0,0.0,6,0.5263157894736842,0.8333333333333334,0.6451612903225806,12,0.625,0.5,0.5555555555555556,10
KS_ECDF,0,0.5862068965517241,0.611111111111111,0.5807017543859648,29,0.8181818181818182,1.0,0.9,9,0.5714285714285714,0.3333333333333333,0.42105263157894735,12,0.36363636363636365,0.5,0.42105263157894735,8
KS_ECDF,1,0.7586206896551724,0.7314814814814815,0.7303703703703704,29,0.7777777777777778,0.7777777777777778,0.7777777777777778,9,0.8461538461538461,0.9166666666666666,0.88,12,0.5714285714285714,0.5,0.5333333333333333,8
KS_ECDF,2,0.5483870967741935,0.3333333333333333,0.3238095238095238,31,0.0,0.0,0.0,6,0.9444444444444444,1.0,0.9714285714285714,17,0.0,0.0,0.0,8
KS_ECDF,3,0.5714285714285714,0.49444444444444446,0.4336677814938685,28,0.0,0.0,0.0,6,0.6363636363636364,0.5833333333333334,0.6086956521739131,12,0.5625,0.9,0.6923076923076923,10
Wasserstein_1,0,0.4482758620689655,0.47222222222222227,0.4104053236539625,29,0.45,1.0,0.6206896551724138,9,0.2857142857142857,0.16666666666666666,0.21052631578947367,12,1.0,0.25,0.4,8
Wasserstein_1,1,0.6551724137931034,0.625,0.5640740740740741,29,0.5625,1.0,0.72,9,0.75,0.75,0.75,12,1.0,0.125,0.2222222222222222,8
Wasserstein_1,2,0.3225806451612903,0.30392156862745096,0.30448717948717946,31,0.3,0.5,0.375,6,0.7777777777777778,0.4117647058823529,0.5384615384615384,17,0.0,0.0,0.0,8
Wasserstein_1,3,0.21428571428571427,0.20555555555555557,0.2111111111111111,28,0.08333333333333333,0.16666666666666666,0.1111111111111111,6,0.375,0.25,0.3,12,0.25,0.2,0.2222222222222222,10
Random_Forest,0,0.6551724137931034,0.6851851851851851,0.6501847115657857,29,0.625,0.5555555555555556,0.5882352941176471,9,1.0,0.5,0.6666666666666666,12,0.5333333333333333,1.0,0.6956521739130435,8
Random_Forest,1,0.6551724137931034,0.611111111111111,0.5986975986975988,29,0.6,0.3333333333333333,0.42857142857142855,9,0.8571428571428571,1.0,0.9230769230769231,12,0.4,0.5,0.4444444444444444,8
Random_Forest,2,0.7096774193548387,0.5416666666666666,0.52046783625731,31,0.0,0.0,0.0,6,0.8095238095238095,1.0,0.8947368421052632,17,0.7142857142857143,0.625,0.6666666666666666,8
Random_Forest,3,0.5714285714285714,0.5055555555555555,0.5006060606060606,28,0.2,0.16666666666666666,0.18181818181818182,6,0.6923076923076923,0.75,0.72,12,0.6,0.6,0.6,10
XGBoost,0,0.5517241379310345,0.5601851851851852,0.5276653171390012,29,0.5,0.2222222222222222,0.3076923076923077,9,1.0,0.5833333333333334,0.7368421052631579,12,0.3888888888888889,0.875,0.5384615384615384,8
XGBoost,1,0.5172413793103449,0.4583333333333333,0.40155945419103317,29,0.0,0.0,0.0,9,0.8,1.0,0.8888888888888888,12,0.2727272727272727,0.375,0.3157894736842105,8
XGBoost,2,0.8064516129032258,0.6944444444444443,0.6981481481481482,31,0.5,0.3333333333333333,0.4,6,0.8947368421052632,1.0,0.9444444444444444,17,0.75,0.75,0.75,8
XGBoost,3,0.5714285714285714,0.5,0.48921448921448923,28,0.3333333333333333,0.16666666666666666,0.2222222222222222,6,0.7142857142857143,0.8333333333333334,0.7692307692307693,12,0.45454545454545453,0.5,0.47619047619047616,10
LightGBM,0,0.5172413793103449,0.5324074074074074,0.49694749694749696,29,0.4,0.2222222222222222,0.2857142857142857,9,1.0,0.5,0.6666666666666666,12,0.3888888888888889,0.875,0.5384615384615384,8
LightGBM,1,0.5517241379310345,0.5,0.4260651629072682,29,0.0,0.0,0.0,9,0.75,1.0,0.8571428571428571,12,0.36363636363636365,0.5,0.42105263157894735,8
LightGBM,2,0.8387096774193549,0.75,0.7556277056277056,31,0.6,0.5,0.5454545454545454,6,0.9444444444444444,1.0,0.9714285714285714,17,0.75,0.75,0.75,8
LightGBM,3,0.5357142857142857,0.4388888888888889,0.3932244404113732,28,0.0,0.0,0.0,6,0.6470588235294118,0.9166666666666666,0.7586206896551724,12,0.4444444444444444,0.4,0.42105263157894735,10
