metric,mean,sd_across_search_seeds,min,max,n_complete_seeds
accuracy,0.5333333333333334,0.04036143231835076,0.49572649572649574,0.5811965811965812,5
balanced_accuracy,0.47341719077568134,0.039686827298992894,0.4262424466642003,0.515784930324331,5
macro_f1,0.4619401150824948,0.02990273491952994,0.42127820258661375,0.5006496248151788,5
n_test,117.0,0.0,117.0,117.0,5
E1_precision,0.20493809235733007,0.041138134024464784,0.16,0.2631578947368421,5
E1_recall,0.14666666666666667,0.05055250296034367,0.06666666666666667,0.2,5
E1_f1,0.16499632732078254,0.04272467938001905,0.10256410256410256,0.20408163265306123,5
E1_n,30.0,0.0,30.0,30.0,5
E2_precision,0.802528546212477,0.04664831021786589,0.7627118644067796,0.8780487804878049,5
E2_recall,0.7735849056603774,0.06257782623312078,0.6792452830188679,0.8490566037735849,5
E2_f1,0.7847872117628121,0.01330193347751932,0.7659574468085106,0.8035714285714286,5
E2_n,53.0,0.0,53.0,53.0,5
E3_precision,0.3881718878359416,0.05512769670558221,0.3157894736842105,0.45454545454545453,5
E3_recall,0.5,0.11391127488845344,0.35294117647058826,0.6176470588235294,5
E3_f1,0.43603680616388985,0.07772755749216662,0.3333333333333333,0.5128205128205128,5
E3_n,34.0,0.0,34.0,34.0,5
fold_mean_accuracy,0.5305398855871604,0.04122646131964676,0.49275981249006834,0.5785893055776259,5
fold_sd_accuracy,0.13875407030647352,0.07181032349959951,0.051092089203174325,0.22756967741387188,5
fold_mean_balanced_accuracy,0.46525326797385624,0.04314599796929186,0.4127314814814814,0.5093681917211329,5
fold_sd_balanced_accuracy,0.12255368814824877,0.05993134579965409,0.035258208823444034,0.1938753798045947,5
fold_mean_macro_f1,0.4376129750407105,0.03182981061171904,0.3907045509986687,0.47120911463817405,5
fold_sd_macro_f1,0.12041050715981458,0.053222527165491765,0.057016042309579164,0.19223302649757917,5
fold_mean_E1_recall,0.13333333333333336,0.04457446259967003,0.06944444444444445,0.18055555555555555,5
fold_sd_E1_recall,0.20756769090184507,0.07709701572139165,0.08333333333333333,0.2777777777777778,5
fold_mean_E2_recall,0.7536764705882353,0.07094625133594873,0.6458333333333334,0.8333333333333334,5
fold_sd_E2_recall,0.2802087133742762,0.08853939465758336,0.20412414523193148,0.42149974737482,5
fold_mean_E3_recall,0.50875,0.11664248261246841,0.35625,0.625,5
fold_sd_E3_recall,0.2093174345478425,0.06483917534603413,0.14197270864500683,0.3151553849558447,5
study_equal_accuracy,0.5161689120092482,0.09674230371520179,0.4090325018896448,0.6201814058956916,5
