method,search_seed,cv_group,n_samples,study_accuracy,class
TPOT_FORMAL_V2,20260920,10.1002/2017tc004942,7,0.42857142857142855,E3
TPOT_FORMAL_V2,20260920,10.1002/gj.3131,3,0.3333333333333333,E2
TPOT_FORMAL_V2,20260920,10.1007/s00343-021-0405-6,1,0.0,E1
TPOT_FORMAL_V2,20260920,10.1016/j.epsl.2017.08.019,6,0.5,E3
TPOT_FORMAL_V2,20260920,10.1016/j.epsl.2021.117298,3,0.0,E2
TPOT_FORMAL_V2,20260920,10.1016/j.gr.2010.10.010,9,0.7777777777777778,E2
TPOT_FORMAL_V2,20260920,10.1016/j.gr.2013.03.019,1,0.0,E2
TPOT_FORMAL_V2,20260920,10.1016/j.gr.2013.05.020,4,1.0,E2
TPOT_FORMAL_V2,20260920,10.1016/j.gr.2013.07.006,2,0.0,E3
TPOT_FORMAL_V2,20260920,10.1016/j.gr.2018.06.001,9,0.3333333333333333,E1
TPOT_FORMAL_V2,20260920,10.1016/j.jseaes.2019.103878,8,0.5,E2
TPOT_FORMAL_V2,20260920,10.1016/j.jseaes.2021.104876,6,0.8333333333333334,E2
TPOT_FORMAL_V2,20260920,10.1016/j.jseaes.2022.105111,6,0.0,E1
TPOT_FORMAL_V2,20260920,10.1029/2020gc009622,2,1.0,E2
TPOT_FORMAL_V2,20260920,10.1029/2021tc006753,2,1.0,E3
TPOT_FORMAL_V2,20260920,10.1029/2025tc009062,17,1.0,E2
TPOT_FORMAL_V2,20260920,10.1111/iar.12160,1,0.0,E3
TPOT_FORMAL_V2,20260920,10.1130/b35707.1,6,0.5,E3
TPOT_FORMAL_V2,20260920,10.1130/g50966.1,5,0.4,E1
TPOT_FORMAL_V2,20260920,10.3389/feart.2020.568715,9,0.0,E1
TPOT_FORMAL_V2,20260920,10.3390/geosciences16010017,10,0.3,E3
TPOT_FORMAL_V2,20260921,10.1002/2017tc004942,7,0.8571428571428571,E3
TPOT_FORMAL_V2,20260921,10.1002/gj.3131,3,0.3333333333333333,E2
TPOT_FORMAL_V2,20260921,10.1007/s00343-021-0405-6,1,1.0,E1
TPOT_FORMAL_V2,20260921,10.1016/j.epsl.2017.08.019,6,0.6666666666666666,E3
TPOT_FORMAL_V2,20260921,10.1016/j.epsl.2021.117298,3,0.6666666666666666,E2
TPOT_FORMAL_V2,20260921,10.1016/j.gr.2010.10.010,9,0.8888888888888888,E2
TPOT_FORMAL_V2,20260921,10.1016/j.gr.2013.03.019,1,1.0,E2
TPOT_FORMAL_V2,20260921,10.1016/j.gr.2013.05.020,4,1.0,E2
TPOT_FORMAL_V2,20260921,10.1016/j.gr.2013.07.006,2,0.5,E3
TPOT_FORMAL_V2,20260921,10.1016/j.gr.2018.06.001,9,0.1111111111111111,E1
TPOT_FORMAL_V2,20260921,10.1016/j.jseaes.2019.103878,8,0.5,E2
TPOT_FORMAL_V2,20260921,10.1016/j.jseaes.2021.104876,6,1.0,E2
TPOT_FORMAL_V2,20260921,10.1016/j.jseaes.2022.105111,6,0.0,E1
TPOT_FORMAL_V2,20260921,10.1029/2020gc009622,2,1.0,E2
TPOT_FORMAL_V2,20260921,10.1029/2021tc006753,2,0.5,E3
TPOT_FORMAL_V2,20260921,10.1029/2025tc009062,17,1.0,E2
TPOT_FORMAL_V2,20260921,10.1111/iar.12160,1,1.0,E3
TPOT_FORMAL_V2,20260921,10.1130/b35707.1,6,0.5,E3
TPOT_FORMAL_V2,20260921,10.1130/g50966.1,5,0.0,E1
TPOT_FORMAL_V2,20260921,10.3389/feart.2020.568715,9,0.0,E1
TPOT_FORMAL_V2,20260921,10.3390/geosciences16010017,10,0.5,E3
TPOT_FORMAL_V2,20260922,10.1002/2017tc004942,7,1.0,E3
TPOT_FORMAL_V2,20260922,10.1002/gj.3131,3,0.0,E2
TPOT_FORMAL_V2,20260922,10.1007/s00343-021-0405-6,1,0.0,E1
TPOT_FORMAL_V2,20260922,10.1016/j.epsl.2017.08.019,6,0.3333333333333333,E3
TPOT_FORMAL_V2,20260922,10.1016/j.epsl.2021.117298,3,0.3333333333333333,E2
TPOT_FORMAL_V2,20260922,10.1016/j.gr.2010.10.010,9,0.2222222222222222,E2
TPOT_FORMAL_V2,20260922,10.1016/j.gr.2013.03.019,1,1.0,E2
TPOT_FORMAL_V2,20260922,10.1016/j.gr.2013.05.020,4,1.0,E2
TPOT_FORMAL_V2,20260922,10.1016/j.gr.2013.07.006,2,0.5,E3
TPOT_FORMAL_V2,20260922,10.1016/j.gr.2018.06.001,9,0.5555555555555556,E1
TPOT_FORMAL_V2,20260922,10.1016/j.jseaes.2019.103878,8,0.375,E2
TPOT_FORMAL_V2,20260922,10.1016/j.jseaes.2021.104876,6,1.0,E2
TPOT_FORMAL_V2,20260922,10.1016/j.jseaes.2022.105111,6,0.0,E1
TPOT_FORMAL_V2,20260922,10.1029/2020gc009622,2,1.0,E2
TPOT_FORMAL_V2,20260922,10.1029/2021tc006753,2,1.0,E3
TPOT_FORMAL_V2,20260922,10.1029/2025tc009062,17,1.0,E2
TPOT_FORMAL_V2,20260922,10.1111/iar.12160,1,1.0,E3
TPOT_FORMAL_V2,20260922,10.1130/b35707.1,6,0.3333333333333333,E3
TPOT_FORMAL_V2,20260922,10.1130/g50966.1,5,0.2,E1
TPOT_FORMAL_V2,20260922,10.3389/feart.2020.568715,9,0.0,E1
TPOT_FORMAL_V2,20260922,10.3390/geosciences16010017,10,0.3,E3
TPOT_FORMAL_V2,20260923,10.1002/2017tc004942,7,0.8571428571428571,E3
TPOT_FORMAL_V2,20260923,10.1002/gj.3131,3,0.6666666666666666,E2
TPOT_FORMAL_V2,20260923,10.1007/s00343-021-0405-6,1,0.0,E1
TPOT_FORMAL_V2,20260923,10.1016/j.epsl.2017.08.019,6,0.5,E3
TPOT_FORMAL_V2,20260923,10.1016/j.epsl.2021.117298,3,0.3333333333333333,E2
TPOT_FORMAL_V2,20260923,10.1016/j.gr.2010.10.010,9,0.8888888888888888,E2
TPOT_FORMAL_V2,20260923,10.1016/j.gr.2013.03.019,1,1.0,E2
TPOT_FORMAL_V2,20260923,10.1016/j.gr.2013.05.020,4,1.0,E2
TPOT_FORMAL_V2,20260923,10.1016/j.gr.2013.07.006,2,0.5,E3
TPOT_FORMAL_V2,20260923,10.1016/j.gr.2018.06.001,9,0.0,E1
TPOT_FORMAL_V2,20260923,10.1016/j.jseaes.2019.103878,8,0.5,E2
TPOT_FORMAL_V2,20260923,10.1016/j.jseaes.2021.104876,6,1.0,E2
TPOT_FORMAL_V2,20260923,10.1016/j.jseaes.2022.105111,6,0.0,E1
TPOT_FORMAL_V2,20260923,10.1029/2020gc009622,2,1.0,E2
TPOT_FORMAL_V2,20260923,10.1029/2021tc006753,2,1.0,E3
TPOT_FORMAL_V2,20260923,10.1029/2025tc009062,17,0.8235294117647058,E2
TPOT_FORMAL_V2,20260923,10.1111/iar.12160,1,1.0,E3
TPOT_FORMAL_V2,20260923,10.1130/b35707.1,6,0.5,E3
TPOT_FORMAL_V2,20260923,10.1130/g50966.1,5,0.0,E1
TPOT_FORMAL_V2,20260923,10.3389/feart.2020.568715,9,0.5555555555555556,E1
TPOT_FORMAL_V2,20260923,10.3390/geosciences16010017,10,0.4,E3
TPOT_FORMAL_V2,20260924,10.1002/2017tc004942,7,0.42857142857142855,E3
TPOT_FORMAL_V2,20260924,10.1002/gj.3131,3,0.0,E2
TPOT_FORMAL_V2,20260924,10.1007/s00343-021-0405-6,1,0.0,E1
TPOT_FORMAL_V2,20260924,10.1016/j.epsl.2017.08.019,6,0.16666666666666666,E3
TPOT_FORMAL_V2,20260924,10.1016/j.epsl.2021.117298,3,0.3333333333333333,E2
TPOT_FORMAL_V2,20260924,10.1016/j.gr.2010.10.010,9,0.6666666666666666,E2
TPOT_FORMAL_V2,20260924,10.1016/j.gr.2013.03.019,1,0.0,E2
TPOT_FORMAL_V2,20260924,10.1016/j.gr.2013.05.020,4,1.0,E2
TPOT_FORMAL_V2,20260924,10.1016/j.gr.2013.07.006,2,0.0,E3
TPOT_FORMAL_V2,20260924,10.1016/j.gr.2018.06.001,9,0.0,E1
TPOT_FORMAL_V2,20260924,10.1016/j.jseaes.2019.103878,8,0.75,E2
TPOT_FORMAL_V2,20260924,10.1016/j.jseaes.2021.104876,6,1.0,E2
TPOT_FORMAL_V2,20260924,10.1016/j.jseaes.2022.105111,6,0.0,E1
TPOT_FORMAL_V2,20260924,10.1029/2020gc009622,2,1.0,E2
TPOT_FORMAL_V2,20260924,10.1029/2021tc006753,2,1.0,E3
TPOT_FORMAL_V2,20260924,10.1029/2025tc009062,17,1.0,E2
TPOT_FORMAL_V2,20260924,10.1111/iar.12160,1,0.0,E3
TPOT_FORMAL_V2,20260924,10.1130/b35707.1,6,0.5,E3
TPOT_FORMAL_V2,20260924,10.1130/g50966.1,5,0.0,E1
TPOT_FORMAL_V2,20260924,10.3389/feart.2020.568715,9,0.4444444444444444,E1
TPOT_FORMAL_V2,20260924,10.3390/geosciences16010017,10,0.3,E3
