method,search_seed,fold,accuracy,balanced_accuracy,macro_f1,n_test,E1_precision,E1_recall,E1_f1,E1_n,E2_precision,E2_recall,E2_f1,E2_n,E3_precision,E3_recall,E3_f1,E3_n
TPOT_FORMAL_V2,20260920,0,0.2413793103448276,0.23611111111111108,0.2368627450980392,29,0.0,0.0,0.0,9,0.8,0.3333333333333333,0.47058823529411764,12,0.17647058823529413,0.375,0.24,8
TPOT_FORMAL_V2,20260920,1,0.6551724137931034,0.625,0.6143274853801169,29,0.5,0.3333333333333333,0.4,9,0.9166666666666666,0.9166666666666666,0.9166666666666666,12,0.45454545454545453,0.625,0.5263157894736842,8
TPOT_FORMAL_V2,20260920,2,0.6451612903225806,0.4583333333333333,0.44916344916344914,31,0.0,0.0,0.0,6,0.85,1.0,0.918918918918919,17,0.5,0.375,0.42857142857142855,8
TPOT_FORMAL_V2,20260920,3,0.4642857142857143,0.43333333333333335,0.4339869281045751,28,0.18181818181818182,0.3333333333333333,0.23529411764705882,6,0.6666666666666666,0.6666666666666666,0.6666666666666666,12,0.6,0.3,0.4,10
TPOT_FORMAL_V2,20260921,0,0.4827586206896552,0.48611111111111116,0.38238573021181715,29,0.0,0.0,0.0,9,0.6363636363636364,0.5833333333333334,0.6086956521739131,12,0.3888888888888889,0.875,0.5384615384615384,8
TPOT_FORMAL_V2,20260921,1,0.5862068965517241,0.5370370370370371,0.48667122351332875,29,0.5,0.1111111111111111,0.18181818181818182,9,0.75,1.0,0.8571428571428571,12,0.36363636363636365,0.5,0.42105263157894735,8
TPOT_FORMAL_V2,20260921,2,0.7096774193548387,0.5416666666666666,0.5146396396396397,31,0.0,0.0,0.0,6,0.85,1.0,0.918918918918919,17,0.625,0.625,0.625,8
TPOT_FORMAL_V2,20260921,3,0.5357142857142857,0.47222222222222215,0.4681818181818182,28,0.25,0.16666666666666666,0.2,6,0.75,0.75,0.75,12,0.4166666666666667,0.5,0.45454545454545453,10
TPOT_FORMAL_V2,20260922,0,0.4482758620689655,0.47222222222222227,0.36274509803921573,29,0.0,0.0,0.0,9,1.0,0.4166666666666667,0.5882352941176471,12,0.3333333333333333,1.0,0.5,8
TPOT_FORMAL_V2,20260922,1,0.7241379310344828,0.6851851851851851,0.6827450980392157,29,0.625,0.5555555555555556,0.5882352941176471,9,0.9230769230769231,1.0,0.96,12,0.5,0.5,0.5,8
TPOT_FORMAL_V2,20260922,2,0.6451612903225806,0.4583333333333333,0.4481481481481482,31,0.0,0.0,0.0,6,0.8947368421052632,1.0,0.9444444444444444,17,0.42857142857142855,0.375,0.4,8
TPOT_FORMAL_V2,20260922,3,0.21428571428571427,0.2111111111111111,0.22474747474747478,28,0.0625,0.16666666666666666,0.09090909090909091,6,0.5,0.16666666666666666,0.25,12,0.375,0.3,0.3333333333333333,10
TPOT_FORMAL_V2,20260923,0,0.6206896551724138,0.6435185185185185,0.6198830409356725,29,0.5,0.5555555555555556,0.5263157894736842,9,1.0,0.5,0.6666666666666666,12,0.5384615384615384,0.875,0.6666666666666666,8
TPOT_FORMAL_V2,20260923,1,0.5862068965517241,0.5416666666666666,0.45502645502645506,29,0.0,0.0,0.0,9,0.8,1.0,0.8888888888888888,12,0.38461538461538464,0.625,0.47619047619047616,8
TPOT_FORMAL_V2,20260923,2,0.5806451612903226,0.4411764705882353,0.43969102792632203,31,0.0,0.0,0.0,6,0.875,0.8235294117647058,0.8484848484848485,17,0.4444444444444444,0.5,0.47058823529411764,8
TPOT_FORMAL_V2,20260923,3,0.5,0.41111111111111115,0.3702359346642468,28,0.0,0.0,0.0,6,0.5882352941176471,0.8333333333333334,0.6896551724137931,12,0.4444444444444444,0.4,0.42105263157894735,10
TPOT_FORMAL_V2,20260924,0,0.4827586206896552,0.46759259259259256,0.473202614379085,29,0.36363636363636365,0.4444444444444444,0.4,9,0.7777777777777778,0.5833333333333334,0.6666666666666666,12,0.3333333333333333,0.375,0.35294117647058826,8
TPOT_FORMAL_V2,20260924,1,0.5862068965517241,0.5416666666666666,0.45502645502645506,29,0.0,0.0,0.0,9,0.8,1.0,0.8888888888888888,12,0.38461538461538464,0.625,0.47619047619047616,8
TPOT_FORMAL_V2,20260924,2,0.5806451612903226,0.375,0.36186186186186187,31,0.0,0.0,0.0,6,0.85,1.0,0.918918918918919,17,0.25,0.125,0.16666666666666666,8
TPOT_FORMAL_V2,20260924,3,0.32142857142857145,0.26666666666666666,0.2727272727272727,28,0.0,0.0,0.0,6,0.6,0.5,0.5454545454545454,12,0.25,0.3,0.2727272727272727,10
