method,search_seed,true_label,predicted_label,n
TPOT_FORMAL_V2,20260920,E1,E1,5
TPOT_FORMAL_V2,20260920,E1,E2,6
TPOT_FORMAL_V2,20260920,E1,E3,19
TPOT_FORMAL_V2,20260920,E2,E1,7
TPOT_FORMAL_V2,20260920,E2,E2,40
TPOT_FORMAL_V2,20260920,E2,E3,6
TPOT_FORMAL_V2,20260920,E3,E1,17
TPOT_FORMAL_V2,20260920,E3,E2,3
TPOT_FORMAL_V2,20260920,E3,E3,14
TPOT_FORMAL_V2,20260921,E1,E1,2
TPOT_FORMAL_V2,20260921,E1,E2,7
TPOT_FORMAL_V2,20260921,E1,E3,21
TPOT_FORMAL_V2,20260921,E2,E1,1
TPOT_FORMAL_V2,20260921,E2,E2,45
TPOT_FORMAL_V2,20260921,E2,E3,7
TPOT_FORMAL_V2,20260921,E3,E1,6
TPOT_FORMAL_V2,20260921,E3,E2,7
TPOT_FORMAL_V2,20260921,E3,E3,21
TPOT_FORMAL_V2,20260922,E1,E1,6
TPOT_FORMAL_V2,20260922,E1,E2,4
TPOT_FORMAL_V2,20260922,E1,E3,20
TPOT_FORMAL_V2,20260922,E2,E1,8
TPOT_FORMAL_V2,20260922,E2,E2,36
TPOT_FORMAL_V2,20260922,E2,E3,9
TPOT_FORMAL_V2,20260922,E3,E1,15
TPOT_FORMAL_V2,20260922,E3,E2,1
TPOT_FORMAL_V2,20260922,E3,E3,18
TPOT_FORMAL_V2,20260923,E1,E1,5
TPOT_FORMAL_V2,20260923,E1,E2,5
TPOT_FORMAL_V2,20260923,E1,E3,20
TPOT_FORMAL_V2,20260923,E2,E1,7
TPOT_FORMAL_V2,20260923,E2,E2,42
TPOT_FORMAL_V2,20260923,E2,E3,4
TPOT_FORMAL_V2,20260923,E3,E1,7
TPOT_FORMAL_V2,20260923,E3,E2,7
TPOT_FORMAL_V2,20260923,E3,E3,20
TPOT_FORMAL_V2,20260924,E1,E1,4
TPOT_FORMAL_V2,20260924,E1,E2,5
TPOT_FORMAL_V2,20260924,E1,E3,21
TPOT_FORMAL_V2,20260924,E2,E1,6
TPOT_FORMAL_V2,20260924,E2,E2,42
TPOT_FORMAL_V2,20260924,E2,E3,5
TPOT_FORMAL_V2,20260924,E3,E1,15
TPOT_FORMAL_V2,20260924,E3,E2,7
TPOT_FORMAL_V2,20260924,E3,E3,12
