sample_instance_uid,sample_id,doi,n_grains_model,TPOT_FORMAL_V2_predicted_class,TPOT_FORMAL_V2_probability_E1,TPOT_FORMAL_V2_probability_E2,TPOT_FORMAL_V2_probability_E3
Li2021_JOceanLimnol_11LA-1,11LA-1,10.1007/s00343-021-0405-6,113,E1,0.41264288964295653,0.3727543454171121,0.2146027649399314
Zhang2025_JEarthSci_17SB-08A,17SB-08A,10.1007/s12583-023-1940-z,64,E3,0.3950279160705811,0.19771463626997168,0.40725744765944705
Zhang2025_JEarthSci_17SB-11,17SB-11,10.1007/s12583-023-1940-z,57,E3,0.21774513353590613,0.3509774387129695,0.4312774277511243
Zhang2025_JEarthSci_17SB-12,17SB-12,10.1007/s12583-023-1940-z,78,E3,0.1846259355488971,0.3742069780383705,0.44116708641273256
Zhang2025_JEarthSci_17SB-13,17SB-13,10.1007/s12583-023-1940-z,59,E1,0.4746303086938349,0.07905961707272195,0.446310074233443
Zhang2025_JEarthSci_17SB-14A,17SB-14A,10.1007/s12583-023-1940-z,68,E3,0.20443632278435697,0.2949429816872999,0.5006206955283433
Zhang2025_JEarthSci_17SB-24,17SB-24,10.1007/s12583-023-1940-z,71,E3,0.23012282278646204,0.28517204172415345,0.48470513548938465
Zhang2025_JEarthSci_17SB-26,17SB-26,10.1007/s12583-023-1940-z,66,E2,0.21252313706446638,0.44319994806553725,0.34427691486999634
Zhang2025_JEarthSci_17SB-9,17SB-9,10.1007/s12583-023-1940-z,71,E2,0.2782367390597297,0.4285437436951128,0.29321951724515755
HennigBreitfeld2019_EarthSciRev_LTB-2,LTB-2,10.1016/j.earscirev.2018.12.006,136,E3,0.22778415766784446,0.23261515478778688,0.5396006875443687
HennigBreitfeld2019_EarthSciRev_LTB-4,LTB-4,10.1016/j.earscirev.2018.12.006,123,E3,0.22376324417292096,0.31072054789552217,0.46551620793155696
HennigBreitfeld2019_EarthSciRev_LTB-5,LTB-5,10.1016/j.earscirev.2018.12.006,126,E3,0.2592731485484843,0.30907181210540413,0.4316550393461116
HennigBreitfeld2019_EarthSciRev_MB-01,MB-01,10.1016/j.earscirev.2018.12.006,115,E3,0.19258229467739732,0.34038934822171535,0.4670283571008874
HennigBreitfeld2019_EarthSciRev_MB-03,MB-03,10.1016/j.earscirev.2018.12.006,116,E3,0.23435333079687368,0.3576070650628558,0.4080396041402707
HennigBreitfeld2019_EarthSciRev_MB-07,MB-07,10.1016/j.earscirev.2018.12.006,117,E3,0.34095479976175097,0.20707710120982392,0.45196809902842516
HennigBreitfeld2019_EarthSciRev_MB-11,MB-11,10.1016/j.earscirev.2018.12.006,67,E3,0.2499188094840892,0.21899558988279721,0.5310856006331137
HennigBreitfeld2019_EarthSciRev_MB-12,MB-12,10.1016/j.earscirev.2018.12.006,116,E2,0.252085394373119,0.4099239739257701,0.3379906317011109
HennigBreitfeld2019_EarthSciRev_TA-01,TA-01,10.1016/j.earscirev.2018.12.006,94,E3,0.25819524691520046,0.09101719863330404,0.6507875544514954
HennigBreitfeld2019_EarthSciRev_TA-04,TA-04,10.1016/j.earscirev.2018.12.006,128,E3,0.29838648625870573,0.20225984441361186,0.49935366932768255
HennigBreitfeld2019_EarthSciRev_TB-199b,TB-199b,10.1016/j.earscirev.2018.12.006,127,E3,0.22511228853939524,0.14456478207264767,0.630322929387957
HennigBreitfeld2019_EarthSciRev_TB-200a,TB-200a,10.1016/j.earscirev.2018.12.006,131,E2,0.18452057058138385,0.4593053669986713,0.3561740624199448
HennigBreitfeld2019_EarthSciRev_TB-201,TB-201,10.1016/j.earscirev.2018.12.006,116,E3,0.27411363450851384,0.15938538579310102,0.5665009796983851
HennigBreitfeld2019_EarthSciRev_TB-54,TB-54,10.1016/j.earscirev.2018.12.006,132,E3,0.292165663260051,0.2028521748885545,0.5049821618513946
HennigBreitfeld2019_EarthSciRev_TB-56,TB-56,10.1016/j.earscirev.2018.12.006,102,E3,0.3551513254410788,0.13553561235126355,0.5093130622076578
White2016_GondwanaRes_R1,R1,10.1016/j.gr.2015.12.007,31,E1,0.40162845521056545,0.3161505498800043,0.2822209949094302
White2016_GondwanaRes_R4,R4,10.1016/j.gr.2015.12.007,14,E1,0.3826566600965687,0.2755181559870845,0.34182518391634664
Galin2017_GondwanaRes_TB179a,TB179a,10.1016/j.gr.2017.07.016,92,E2,0.1882611561739254,0.5109233494624966,0.30081549436357796
Galin2017_GondwanaRes_TB189a,TB189a,10.1016/j.gr.2017.07.016,124,E3,0.2448983332495812,0.34750858564533793,0.40759308110508097
Galin2017_GondwanaRes_TB193,TB193,10.1016/j.gr.2017.07.016,118,E3,0.21320062216472235,0.10332731358135924,0.6834720642539184
Galin2017_GondwanaRes_TB195,TB195,10.1016/j.gr.2017.07.016,129,E3,0.21502950778748123,0.31662073919989164,0.4683497530126272
Galin2017_GondwanaRes_TB199a,TB199a,10.1016/j.gr.2017.07.016,114,E3,0.348839228500457,0.21617144031357036,0.43498933118597266
Galin2017_GondwanaRes_TB203a,TB203a,10.1016/j.gr.2017.07.016,104,E3,0.24585635806358433,0.3415080684353516,0.41263557350106406
Galin2017_GondwanaRes_TB238,TB238,10.1016/j.gr.2017.07.016,117,E3,0.16815332552519527,0.35645741691502403,0.4753892575597808
Galin2017_GondwanaRes_TB241,TB241,10.1016/j.gr.2017.07.016,113,E3,0.20472974914556957,0.07040126717156528,0.7248689836828653
Galin2017_GondwanaRes_TB39,TB39,10.1016/j.gr.2017.07.016,129,E3,0.28017971506033,0.13960858772046966,0.5802116972192004
Galin2017_GondwanaRes_TB40,TB40,10.1016/j.gr.2017.07.016,133,E2,0.1807377394722314,0.472132392963741,0.34712986756402764
Galin2017_GondwanaRes_TB43b,TB43b,10.1016/j.gr.2017.07.016,79,E3,0.41014666972041264,0.08724630146559806,0.5026070288139892
Galin2017_GondwanaRes_TB47,TB47,10.1016/j.gr.2017.07.016,143,E3,0.32244397716695544,0.1473865824829096,0.5301694403501351
BreitfeldHall2018_GondwanaRes_STB01,STB01,10.1016/j.gr.2018.06.001,148,E2,0.22266643863278685,0.4690342821127602,0.30829927925445283
BreitfeldHall2018_GondwanaRes_STB10,STB10,10.1016/j.gr.2018.06.001,66,E3,0.2881753580722644,0.29927074937631043,0.4125538925514252
BreitfeldHall2018_GondwanaRes_STB18a,STB18a,10.1016/j.gr.2018.06.001,170,E3,0.3687379650364214,0.13825028217874222,0.49301175278483633
BreitfeldHall2018_GondwanaRes_STB18b,STB18b,10.1016/j.gr.2018.06.001,119,E2,0.19143369531128768,0.4841754915165179,0.3243908131721944
BreitfeldHall2018_GondwanaRes_STB20a,STB20a,10.1016/j.gr.2018.06.001,44,E1,0.7517074975005151,0.08171419900968274,0.1665783034898023
BreitfeldHall2018_GondwanaRes_STB21,STB21,10.1016/j.gr.2018.06.001,70,E2,0.330783705558381,0.3530666431150521,0.3161496513265668
BreitfeldHall2018_GondwanaRes_STB48c,STB48c,10.1016/j.gr.2018.06.001,168,E3,0.28865853342843506,0.2537585715695696,0.4575828950019954
BreitfeldHall2018_GondwanaRes_STB50,STB50,10.1016/j.gr.2018.06.001,72,E1,0.4180060060320972,0.1909721488220756,0.3910218451458273
BreitfeldHall2018_GondwanaRes_STB74b,STB74b,10.1016/j.gr.2018.06.001,129,E2,0.190866575261631,0.5361905814425469,0.2729428432958221
BreitfeldHall2018_GondwanaRes_STB75,STB75,10.1016/j.gr.2018.06.001,64,E3,0.23547500895259676,0.1916233978321043,0.5729015932152989
BreitfeldHall2018_GondwanaRes_STB75b,STB75b,10.1016/j.gr.2018.06.001,146,E3,0.24357096785564103,0.32910869512167873,0.4273203370226801
BreitfeldHall2018_GondwanaRes_STB77,STB77,10.1016/j.gr.2018.06.001,76,E2,0.25062199071339153,0.37869799858486874,0.3706800107017398
BreitfeldHall2018_GondwanaRes_STB88,STB88,10.1016/j.gr.2018.06.001,200,E3,0.21738060363554024,0.3729092508052297,0.4097101455592301
BreitfeldHall2018_GondwanaRes_STB95,STB95,10.1016/j.gr.2018.06.001,61,E1,0.4998135139461602,0.15161498186626868,0.3485715041875711
BreitfeldHall2018_GondwanaRes_TB119,TB119,10.1016/j.gr.2018.06.001,167,E3,0.17559403194255171,0.4041541041600542,0.42025186389739405
BreitfeldHall2018_GondwanaRes_TB121,TB121,10.1016/j.gr.2018.06.001,133,E3,0.2771729492479331,0.25299558010980794,0.469831470642259
BreitfeldHall2018_GondwanaRes_TB124b,TB124b,10.1016/j.gr.2018.06.001,115,E1,0.6455038670841632,0.08267268571309577,0.27182344720274126
BreitfeldHall2018_GondwanaRes_TB144,TB144,10.1016/j.gr.2018.06.001,142,E3,0.15913516463581281,0.2838573107865138,0.5570075245776737
BreitfeldHall2018_GondwanaRes_TB167,TB167,10.1016/j.gr.2018.06.001,132,E3,0.20154691494834964,0.38196173402768135,0.41649135102396895
BreitfeldHall2018_GondwanaRes_TB171,TB171,10.1016/j.gr.2018.06.001,137,E3,0.19238109444829088,0.39461415942992617,0.41300474612178295
BreitfeldHall2018_GondwanaRes_TB21,TB21,10.1016/j.gr.2018.06.001,149,E3,0.21797264839144972,0.3270049076464096,0.45502244396214075
BreitfeldHall2018_GondwanaRes_TB210,TB210,10.1016/j.gr.2018.06.001,162,E2,0.17761561543764598,0.4148532138310907,0.4075311707312633
BreitfeldHall2018_GondwanaRes_TB218,TB218,10.1016/j.gr.2018.06.001,178,E3,0.19446026883853573,0.31146485219012043,0.49407487897134394
BreitfeldHall2018_GondwanaRes_TB227,TB227,10.1016/j.gr.2018.06.001,168,E3,0.22209169432101278,0.28751840429132663,0.4903899013876606
BreitfeldHall2018_GondwanaRes_TB60a,TB60a,10.1016/j.gr.2018.06.001,139,E3,0.26339342132550003,0.3028245406769613,0.43378203799753867
BreitfeldHall2018_GondwanaRes_TB89b,TB89b,10.1016/j.gr.2018.06.001,143,E1,0.5543941260269973,0.14751041785651747,0.2980954561164853
Witts2012_JAES_BT236,BT236,10.1016/j.jseaes.2012.04.022,119,E3,0.22253880243683227,0.31257628272519195,0.4648849148379758
Witts2012_JAES_BT239,BT239,10.1016/j.jseaes.2012.04.022,120,E2,0.20064564359255435,0.4487148992823065,0.350639457125139
Witts2012_JAES_BT303,BT303,10.1016/j.jseaes.2012.04.022,119,E3,0.34944118418750914,0.16273834884457164,0.4878204669679193
Witts2012_JAES_BT305,BT305,10.1016/j.jseaes.2012.04.022,120,E2,0.19687837439799308,0.4443156655521598,0.35880596004984705
Witts2012_JAES_BT321,BT321,10.1016/j.jseaes.2012.04.022,119,E2,0.15181740932664195,0.4800412795578757,0.3681413111154823
Witts2012_JAES_BT330,BT330,10.1016/j.jseaes.2012.04.022,117,E3,0.3480443919709304,0.22514835121124216,0.42680725681782744
Witts2012_JAES_BT376a,BT376a,10.1016/j.jseaes.2012.04.022,118,E2,0.23102764180700913,0.41938434915269435,0.3495880090402966
vanHattum2013_JAES_03-41A,03-41A,10.1016/j.jseaes.2013.02.033,66,E2,0.2244776389794213,0.49755045891355126,0.2779719021070273
vanHattum2013_JAES_03-41B,03-41B,10.1016/j.jseaes.2013.02.033,48,E2,0.2692869189839814,0.37572786968247307,0.3549852113335457
vanHattum2013_JAES_03-41C,03-41C,10.1016/j.jseaes.2013.02.033,54,E3,0.3109902850177484,0.24484554464608974,0.44416417033616196
vanHattum2013_JAES_03-43A,03-43A,10.1016/j.jseaes.2013.02.033,72,E3,0.35333069155646796,0.17109651349766133,0.47557279494587074
vanHattum2013_JAES_03-43B,03-43B,10.1016/j.jseaes.2013.02.033,70,E2,0.20301940838679408,0.4375243675541415,0.3594562240590645
vanHattum2013_JAES_MVH02-087,MVH02-087,10.1016/j.jseaes.2013.02.033,57,E3,0.27932631214159104,0.18955020231429565,0.5311234855441135
vanHattum2013_JAES_MVH02-115,MVH02-115,10.1016/j.jseaes.2013.02.033,20,E3,0.22420411925248268,0.32026356407292716,0.45553231667459015
vanHattum2013_JAES_MVH02-116,MVH02-116,10.1016/j.jseaes.2013.02.033,66,E2,0.21999155467680426,0.5108653955478635,0.2691430497753322
vanHattum2013_JAES_MVH02-142,MVH02-142,10.1016/j.jseaes.2013.02.033,66,E3,0.19462834613519367,0.3812213373946967,0.4241503164701096
vanHattum2013_JAES_MVH02-264,MVH02-264,10.1016/j.jseaes.2013.02.033,27,E3,0.3165479957755822,0.3311068955891767,0.3523451086352412
vanHattum2013_JAES_MVH02-271,MVH02-271,10.1016/j.jseaes.2013.02.033,72,E3,0.3788073465520944,0.1578560940232118,0.4633365594246937
Breitfeld2020_JAES_Ny-03,Ny-03,10.1016/j.jseaes.2020.104331,120,E2,0.24858910274830248,0.3901308696757679,0.36128002757592964
Breitfeld2020_JAES_Ny-05,Ny-05,10.1016/j.jseaes.2020.104331,116,E2,0.19445860863526296,0.49490682229761845,0.3106345690671185
Breitfeld2020_JAES_TB243,TB243,10.1016/j.jseaes.2020.104331,123,E2,0.23561856492549438,0.39010109799255743,0.3742803370819482
Breitfeld2020_JAES_TB244a,TB244a,10.1016/j.jseaes.2020.104331,138,E3,0.27132781158878855,0.33978155462019544,0.38889063379101607
Breitfeld2020_JAES_TB50,TB50,10.1016/j.jseaes.2020.104331,121,E3,0.2987590201896283,0.2116668801074395,0.4895740997029321
Breitfeld2020_JAES_TB51,TB51,10.1016/j.jseaes.2020.104331,129,E3,0.2824119477968032,0.3501066875240458,0.36748136467915105
Breitfeld2020_JAES_TB52,TB52,10.1016/j.jseaes.2020.104331,131,E2,0.2571335283704066,0.40463159542637184,0.3382348762032215
Kueter2016_Lithos_Cem,Cem,10.1016/j.lithos.2016.05.003,99,E3,0.3120381195690396,0.22473045952999618,0.4632314209009642
Kueter2016_Lithos_IK20-1,IK20-1,10.1016/j.lithos.2016.05.003,131,E3,0.31228557677488045,0.24226760042808987,0.4454468227970297
Kueter2016_Lithos_IK21-1,IK21-1,10.1016/j.lithos.2016.05.003,126,E1,0.760381993646787,0.17111363575238117,0.06850437060083196
Kueter2016_Lithos_IK22-8,IK22-8,10.1016/j.lithos.2016.05.003,167,E2,0.22302347395661656,0.3981895813966669,0.37878694464671664
Kueter2016_Lithos_IK9-1,IK9-1,10.1016/j.lithos.2016.05.003,93,E1,0.7227151565489744,0.10253621172169726,0.17474863172932859
Kueter2016_Lithos_M3,M3,10.1016/j.lithos.2016.05.003,143,E2,0.20123278932096791,0.4212778181221696,0.3774893925568627
Zhang2023_Lithos_15SB05,15SB05,10.1016/j.lithos.2023.107089,190,E2,0.20321295642100876,0.6150746213841576,0.18171242219483358
Zhang2023_Lithos_15SB10,15SB10,10.1016/j.lithos.2023.107089,150,E2,0.17941978291158708,0.41104711645314784,0.40953310063526516
Zhang2023_Lithos_15SB19,15SB19,10.1016/j.lithos.2023.107089,148,E2,0.19469939734331407,0.5995141076350422,0.20578649502164348
Zhang2023_Lithos_15SB20,15SB20,10.1016/j.lithos.2023.107089,156,E3,0.2089415622474261,0.2991422866223547,0.4919161511302192
Zhang2023_Lithos_15SB30,15SB30,10.1016/j.lithos.2023.107089,111,E3,0.3003458363460924,0.22952630938189356,0.4701278542720141
Zhang2023_Lithos_15SB39,15SB39,10.1016/j.lithos.2023.107089,97,E1,0.33773917868930303,0.32920708019309236,0.3330537411176046
Zhu2022_MarPetGeol_RJ-02c,RJ-02c,10.1016/j.marpetgeo.2021.105500,117,E3,0.22371140898121752,0.2756345743794984,0.5006540166392841
Zhu2022_MarPetGeol_RJ-09g,RJ-09g,10.1016/j.marpetgeo.2021.105500,120,E3,0.21969833008516446,0.1943680108414157,0.5859336590734199
Zhu2022_MarPetGeol_RJ-17e,RJ-17e,10.1016/j.marpetgeo.2021.105500,120,E2,0.2570080757707093,0.45759551569354473,0.28539640853574577
Breitfeld2023_MarPetGeol_Be-01,Be-01,10.1016/j.marpetgeo.2023.106537,241,E2,0.1974519797979326,0.4248555203370641,0.3776924998650033
Breitfeld2023_MarPetGeol_La-01,La-01,10.1016/j.marpetgeo.2023.106537,44,E2,0.22759765418443537,0.4227535238518776,0.34964882196368696
Breitfeld2023_MarPetGeol_La-02,La-02,10.1016/j.marpetgeo.2023.106537,136,E3,0.16754783825022723,0.3945400781675778,0.43791208358219497
Breitfeld2023_MarPetGeol_Mi-01,Mi-01,10.1016/j.marpetgeo.2023.106537,130,E2,0.2508674841106988,0.38406514149386023,0.365067374395441
Breitfeld2023_MarPetGeol_Mi-02,Mi-02,10.1016/j.marpetgeo.2023.106537,45,E3,0.23804269315396326,0.30888445662489494,0.45307285022114185
Breitfeld2023_MarPetGeol_Tu-01,Tu-01,10.1016/j.marpetgeo.2023.106537,114,E2,0.20753661696272452,0.44504712485514997,0.3474162581821256
Breitfeld2017_Tectonophysics_712,712,10.1016/j.tecto.2016.11.034,131,E3,0.3081026916673454,0.2669171275514066,0.42498018078124794
Breitfeld2017_Tectonophysics_713b,713b,10.1016/j.tecto.2016.11.034,148,E3,0.28659767753394977,0.2837928610348525,0.42960946143119777
Breitfeld2017_Tectonophysics_STB-07a,STB-07a,10.1016/j.tecto.2016.11.034,86,E3,0.18995235153965834,0.3897274242305965,0.42032022422974524
Breitfeld2017_Tectonophysics_STB-34,STB-34,10.1016/j.tecto.2016.11.034,79,E3,0.18690910471270372,0.1706696451822457,0.6424212501050504
Breitfeld2017_Tectonophysics_STB-68b,STB-68b,10.1016/j.tecto.2016.11.034,113,E1,0.7819861146187852,0.08136861092388076,0.13664527445733413
Breitfeld2017_Tectonophysics_TB-250a,TB-250a,10.1016/j.tecto.2016.11.034,132,E3,0.2882006622691972,0.2768889479287,0.43491038980210267
Breitfeld2026_Tectonophysics_K-01E,K-01E,10.1016/j.tecto.2025.230980,86,E3,0.3096703512704742,0.34415016207761767,0.3461794866519082
Breitfeld2026_Tectonophysics_KSF12,KSF12,10.1016/j.tecto.2025.230980,117,E2,0.2322725745370821,0.4847128016032686,0.2830146238596494
Breitfeld2026_Tectonophysics_MVH02-084,MVH02-084,10.1016/j.tecto.2025.230980,70,E3,0.20043844720346385,0.09965034179560896,0.699911211000927
Breitfeld2026_Tectonophysics_MVH02-087,MVH02-087,10.1016/j.tecto.2025.230980,100,E3,0.21867913886634083,0.19234498999741875,0.5889758711362406
Breitfeld2026_Tectonophysics_MVH02-091,MVH02-091,10.1016/j.tecto.2025.230980,27,E3,0.2833674219675486,0.1905270895036038,0.5261054885288473
Breitfeld2026_Tectonophysics_MVH02-103,MVH02-103,10.1016/j.tecto.2025.230980,90,E1,0.49684197703538335,0.16573192098693265,0.3374261019776839
Breitfeld2026_Tectonophysics_MVH02-115,MVH02-115,10.1016/j.tecto.2025.230980,61,E3,0.2715942740871205,0.31417587324462015,0.4142298526682595
Breitfeld2026_Tectonophysics_MVH02-116,MVH02-116,10.1016/j.tecto.2025.230980,52,E2,0.19429993111484717,0.5828770302450547,0.2228230386400979
Breitfeld2026_Tectonophysics_MVH02-239,MVH02-239,10.1016/j.tecto.2025.230980,92,E2,0.20220578048548496,0.5157414549095143,0.28205276460500067
Breitfeld2026_Tectonophysics_MvH02-142,MvH02-142,10.1016/j.tecto.2025.230980,48,E3,0.28894167122002173,0.3339239402934336,0.37713438848654474
Breitfeld2026_Tectonophysics_MvH02-264,MvH02-264,10.1016/j.tecto.2025.230980,45,E3,0.34993988630342787,0.2993321252052852,0.350727988491287
Breitfeld2026_Tectonophysics_MvH02-271,MvH02-271,10.1016/j.tecto.2025.230980,59,E3,0.3833699284599583,0.17894540091093727,0.43768467062910427
Breitfeld2026_Tectonophysics_RB2,RB2,10.1016/j.tecto.2025.230980,129,E2,0.18169681461650253,0.46797286120910386,0.3503303241743936
Breitfeld2026_Tectonophysics_RK1,RK1,10.1016/j.tecto.2025.230980,119,E3,0.26664237024697296,0.20791113984332915,0.5254464899096981
Breitfeld2026_Tectonophysics_S17,S17,10.1016/j.tecto.2025.230980,78,E2,0.21237205851553728,0.49368631526048556,0.2939416262239769
Breitfeld2026_Tectonophysics_S6,S6,10.1016/j.tecto.2025.230980,121,E2,0.20065499804401665,0.5737216496123565,0.22562335234362665
Breitfeld2026_Tectonophysics_S99/224,S99/224,10.1016/j.tecto.2025.230980,125,E2,0.18117857048218083,0.4878049105545748,0.33101651896324435
Breitfeld2026_Tectonophysics_SK-02A,SK-02A,10.1016/j.tecto.2025.230980,108,E2,0.23060450990823395,0.5459091499356815,0.22348634015608435
Breitfeld2026_Tectonophysics_SK-06,SK-06,10.1016/j.tecto.2025.230980,93,E3,0.31001242633220905,0.28684521244931394,0.403142361218477
Breitfeld2026_Tectonophysics_SP-a,SP-a,10.1016/j.tecto.2025.230980,48,E2,0.18130925448393062,0.554459657244854,0.2642310882712152
Zhou2026_Gcubed_SR09,SR09,10.1029/2025gc012837,98,E3,0.24463139857611907,0.11892355554545421,0.6364450458784267
Zhou2026_Gcubed_SR30,SR30,10.1029/2025gc012837,97,E3,0.29350243160072875,0.16969989402244873,0.5367976743768225
Breitfeld2021_BeritaSedimentologi_TB15b,TB15b,10.1594/PANGAEA.959520,99,E3,0.3468486316160143,0.153600488884577,0.49955087949940885
Breitfeld2021_BeritaSedimentologi_TB72,TB72,10.1594/PANGAEA.959520,49,E1,0.7554920268675769,0.11903916384411634,0.1254688092883069
