global_sample_uid,endpoint,source_partition,sample_instance_uid,sample_id,study_id,doi,source_component,dataset_role,material_group,formation,latitude,longitude,depositional_age_text,depositional_age_min_Ma,depositional_age_max_Ma,estimated_depositional_age_Ma,n_analysis_rows,n_grains,n_valid_ages,age_min_Ma,age_median_Ma,age_max_Ma,spectrum_fingerprint,doi_present,n_hf_measurements,hf_available_flag,ge_20_grains,ge_30_grains,ge_50_grains,cv_group,training_eligible,sample_uid,scs_meta_study_id,sample_id_original,sample_id_normalized,sample_aliases,region,scs_meta_formation,location_or_well_depth,latitude_original,longitude_original,latitude_decimal,longitude_decimal,lithology,previous_chronostratigraphy,author_assigned_age,youngest_zircon_published_Ma,n_total_raw,n_author_accepted,n_default_after_dedup,upb_method,upb_source,hf_available,notes,scs_meta_depositional_age_min_Ma,scs_meta_depositional_age_max_Ma,depositional_age_preferred_Ma,depositional_age_confidence,source_domain,tectonic_stage,data_role,main_statistics,age_constraint_type,maximum_depositional_age_Ma,maximum_depositional_age_1s_Ma,comparison_role,stage_assignment_basis,metadata_rc3_note,tectonic_domain,subdomain,subdomain_basis,subdomain_confidence,comparison_group,age_type,syntectonic_magmatism,sedimentary_age_published,sample_age_rc4,sedimentary_age_status,stage_assignment_method,stage_assignment_confidence,role_basis,QC_flag,review_status,sample_id_canonical,scs_meta_sample_id,sample_stage_final,domain_label,endpoint_assigned,source_component_assigned,dataset_role_assigned,material_group_assigned,sample_instance_uid_assigned,scs_metadata_source_row_count,cross_endpoint_exact_spectrum_flag,cross_endpoint_group,model_leakage_guard,audit_decision,formation_audit,audit_reason,basis_type,source_evidence_url,exact_duplicate_within_original_E1,exact_duplicate_elsewhere_in_current_db,uid_collision_elsewhere_in_current_db,identity_confirmed,source_identity_note,n_grain_rows_recounted,n_author_accepted_known,n_count_convention
E1::MAIN::10.1029/2025gc012837::SR09,E1,MAIN,10.1029/2025gc012837::SR09,SR09,Zhou2026_G3_2025GC012837,10.1029/2025GC012837,Kuching Zone,MAIN_TRAIN_CANDIDATE,SEDIMENTARY_DETRITAL,Serabang Formation,1.83,109.62,Cretaceous (poorly constrained; see MDA note),,,,97,97,97,90.9,151.3,2336.4,e652eb626ccedbdbfbc762077e3364bce9be57bc18f6e7e0709e4e28dafc69b6,True,0,NO,True,True,True,10.1029/2025gc012837,True,,,,,,,,,,,,,,,,,,,,,,,,,,,,,,,,,,,,,,,,,,,,,,,,,,,,,,,,,,,,,,,NO,,NONE,EXTERNAL_REFERENCE,Serabang Formation,Serabang 属 West Sarawak 早期活动陆缘；该研究重点检验 Hainan–Borneo 亲缘，未给出本样品直接 Schwaner 输出证据。留作外部构造参照。,地理构造单元及原文研究设计,https://agupubs.onlinelibrary.wiley.com/doi/10.1029/2025GC012837,False,False,False,True,DOI/study + original sample ID + unique sample UID + grain records,97,,数据库 VALID_AGE 行；不是跨研究统一谐和度筛选后数
E1::MAIN::10.1029/2025gc012837::SR30,E1,MAIN,10.1029/2025gc012837::SR30,SR30,Zhou2026_G3_2025GC012837,10.1029/2025GC012837,Kuching Zone,MAIN_TRAIN_CANDIDATE,SEDIMENTARY_DETRITAL,Serabang Formation,1.83,109.62,Cretaceous (poorly constrained; see MDA note),,,,97,97,97,106.8,235.8,1981.5,a24df7b5c79e97c315d677be2849a4429b51b2efd7d9b2cde46703c156d60a66,True,0,NO,True,True,True,10.1029/2025gc012837,True,,,,,,,,,,,,,,,,,,,,,,,,,,,,,,,,,,,,,,,,,,,,,,,,,,,,,,,,,,,,,,,NO,,NONE,EXTERNAL_REFERENCE,Serabang Formation,Serabang 属 West Sarawak 早期活动陆缘；该研究重点检验 Hainan–Borneo 亲缘，未给出本样品直接 Schwaner 输出证据。留作外部构造参照。,地理构造单元及原文研究设计,https://agupubs.onlinelibrary.wiley.com/doi/10.1029/2025GC012837,False,False,False,True,DOI/study + original sample ID + unique sample UID + grain records,97,,数据库 VALID_AGE 行；不是跨研究统一谐和度筛选后数
E1::MAIN::10.1016/j.gr.2018.06.001::STB75,E1,MAIN,10.1016/j.gr.2018.06.001::STB75,STB75,Breitfeld2018_GondwanaRes63,10.1016/j.gr.2018.06.001,Kuching Zone,MAIN_TRAIN_CANDIDATE,SEDIMENTARY_DETRITAL,Ngili Sst,1.37728,110.81594,Paleogene (latest Cretaceous to Late Eocene Kuching Zone succession; unit age see source),,,,64,64,64,85.5,257.04999999999995,2530.3,7923956be08d9a80a2ead848f463870b4c22ba972c540190156aa119d7246026,True,0,NO,True,True,True,10.1016/j.gr.2018.06.001,True,,,,,,,,,,,,,,,,,,,,,,,,,,,,,,,,,,,,,,,,,,,,,,,,,,,,,,,,,,,,,,,NO,,NONE,EXTERNAL_REFERENCE,Ngili Sst,原文将 Ngili Sandstone 的主要物源解释为邻近 Sadong/Kuching 地层；未确立 Schwaner/SW Borneo 输出联系。保留数据，但不作为 E1 训练。,地层、沉积体系和原文物源解释,https://www.sciencedirect.com/science/article/abs/pii/S1342937X18301588,False,False,False,True,DOI/study + original sample ID + unique sample UID + grain records,64,,数据库 VALID_AGE 行；不是跨研究统一谐和度筛选后数
E1::MAIN::10.1016/j.gr.2018.06.001::STB75B,E1,MAIN,10.1016/j.gr.2018.06.001::STB75B,STB75b,Breitfeld2018_GondwanaRes63,10.1016/j.gr.2018.06.001,Kuching Zone,MAIN_TRAIN_CANDIDATE,SEDIMENTARY_DETRITAL,Ngili Sst,1.37708,110.81585,Paleogene (latest Cretaceous to Late Eocene Kuching Zone succession; unit age see source),,,,146,146,146,22.0,63.5,239.0,4427232a460b79d1a5a7d36207030780421eb2342f8803f24ad0a2a15572cb75,True,0,NO,True,True,True,10.1016/j.gr.2018.06.001,True,,,,,,,,,,,,,,,,,,,,,,,,,,,,,,,,,,,,,,,,,,,,,,,,,,,,,,,,,,,,,,,NO,,NONE,EXTERNAL_REFERENCE,Ngili Sst,原文将 Ngili Sandstone 的主要物源解释为邻近 Sadong/Kuching 地层；未确立 Schwaner/SW Borneo 输出联系。保留数据，但不作为 E1 训练。,地层、沉积体系和原文物源解释,https://www.sciencedirect.com/science/article/abs/pii/S1342937X18301588,False,False,False,True,DOI/study + original sample ID + unique sample UID + grain records,146,,数据库 VALID_AGE 行；不是跨研究统一谐和度筛选后数
E1::MAIN::10.1016/j.gr.2018.06.001::STB77,E1,MAIN,10.1016/j.gr.2018.06.001::STB77,STB77,Breitfeld2018_GondwanaRes63,10.1016/j.gr.2018.06.001,Kuching Zone,MAIN_TRAIN_CANDIDATE,SEDIMENTARY_DETRITAL,Ngili Sst,1.36719,110.79088,Paleogene (latest Cretaceous to Late Eocene Kuching Zone succession; unit age see source),,,,76,76,76,30.0,72.5,206.0,26e4afdeb7e6454390baf784e9d0eb94cc188127dfe25e98d617e284dd86225a,True,0,NO,True,True,True,10.1016/j.gr.2018.06.001,True,,,,,,,,,,,,,,,,,,,,,,,,,,,,,,,,,,,,,,,,,,,,,,,,,,,,,,,,,,,,,,,NO,,NONE,EXTERNAL_REFERENCE,Ngili Sst,原文将 Ngili Sandstone 的主要物源解释为邻近 Sadong/Kuching 地层；未确立 Schwaner/SW Borneo 输出联系。保留数据，但不作为 E1 训练。,地层、沉积体系和原文物源解释,https://www.sciencedirect.com/science/article/abs/pii/S1342937X18301588,False,False,False,True,DOI/study + original sample ID + unique sample UID + grain records,76,,数据库 VALID_AGE 行；不是跨研究统一谐和度筛选后数
E1::MAIN::10.1016/j.gr.2018.06.001::TB60A,E1,MAIN,10.1016/j.gr.2018.06.001::TB60A,TB60a,Breitfeld2018_GondwanaRes63,10.1016/j.gr.2018.06.001,Kuching Zone,MAIN_TRAIN_CANDIDATE,SEDIMENTARY_DETRITAL,Ngili Sst,1.34482,110.82286,Paleogene (latest Cretaceous to Late Eocene Kuching Zone succession; unit age see source),,,,139,139,139,6.0,33.0,113.0,7031378052048e38fa423fa7caecfd98dfcb821fe5e691f2051619a02de076f4,True,0,NO,True,True,True,10.1016/j.gr.2018.06.001,True,,,,,,,,,,,,,,,,,,,,,,,,,,,,,,,,,,,,,,,,,,,,,,,,,,,,,,,,,,,,,,,NO,,NONE,EXTERNAL_REFERENCE,Ngili Sst,原文将 Ngili Sandstone 的主要物源解释为邻近 Sadong/Kuching 地层；未确立 Schwaner/SW Borneo 输出联系。保留数据，但不作为 E1 训练。,地层、沉积体系和原文物源解释,https://www.sciencedirect.com/science/article/abs/pii/S1342937X18301588,False,False,False,True,DOI/study + original sample ID + unique sample UID + grain records,139,,数据库 VALID_AGE 行；不是跨研究统一谐和度筛选后数
E1::MAIN::10.1016/j.lithos.2016.05.003::IK228,E1,MAIN,10.1016/j.lithos.2016.05.003::IK228,IK22-8,Kueter2016_Lithos_IK22-8,10.1016/j.lithos.2016.05.003,Schwaner,MAIN_TRAIN_CANDIDATE,SEDIMENTARY_DETRITAL,Manunggul Formation,,,,,,,161,161,161,73.3,208.3,2336.0,c4a7b32e3d9fc532af78fa865c8da540d3a8917007774fa7ec2424038ffbf2bb,True,0,NO,True,True,True,10.1016/j.lithos.2016.05.003,True,,,,,,,,,,,,,,,,,,,,,,,,,,,,,,,,,,,,,,,,,,,,,,,,,,,,,,,,,,,,,,,NO,,NONE,EXTERNAL_REFERENCE,Manunggul Formation,Manunggul Formation 采自婆罗洲东南部 Meratus 含金刚石沉积体系；原文讨论澳大利亚/Gondwana 来源，不属于 SW Borneo/Schwaner 集水或沉积系统。,采样位置、地层及原文地质背景,https://www.sciencedirect.com/science/article/abs/pii/S0024493716300706,False,False,False,True,DOI/study + original sample ID + unique sample UID + grain records,161,,数据库 VALID_AGE 行；不是跨研究统一谐和度筛选后数
E1::MAIN::10.1016/j.lithos.2021.106425::17MY60A1,E1,MAIN,10.1016/j.lithos.2021.106425::17MY60A1,17MY-60A1,Wang2021a_Lithos106425_Lupar,10.1016/j.lithos.2021.106425,Schwaner,MAIN_TRAIN_CANDIDATE,SEDIMENTARY_DETRITAL,Lupar Complex-Lubok Antu mélange,1.1472,111.8642,,,,,50,50,50,88.0,152.5,2515.0,ba92cd97b51efed9c215d7fd528facfd16f0a724d6540a36a30d5b4286c31a2b,True,0,NO,True,True,True,10.1016/j.lithos.2021.106425,True,,,,,,,,,,,,,,,,,,,,,,,,,,,,,,,,,,,,,,,,,,,,,,,,,,,,,,,,,,,,,,,NO,,NONE,EXTERNAL_REFERENCE,Lupar Complex-Lubok Antu mélange,Lupar/Lubok Antu 构造混杂岩中的 greywacke；原文将其置于 Kuching 增生/海沟–弧系统并强调东马来半岛—越南大陆边缘亲缘，不能直接代表 Schwaner 输出。,构造环境及原文物源解释,https://research.monash.edu/en/publications/cretaceous-kuching-accretionary-orogenesis-in-malaysia-sarawak-ge/,False,False,False,True,DOI/study + original sample ID + unique sample UID + grain records,50,,数据库 VALID_AGE 行；不是跨研究统一谐和度筛选后数
E1::MAIN::10.1016/j.lithos.2021.106425::17MY61C1,E1,MAIN,10.1016/j.lithos.2021.106425::17MY61C1,17MY-61C1,Wang2021a_Lithos106425_Lupar,10.1016/j.lithos.2021.106425,Schwaner,MAIN_TRAIN_CANDIDATE,SEDIMENTARY_DETRITAL,Lupar Complex-Lubok Antu mélange,1.1456,111.8842,,,,,46,46,46,90.0,157.0,2148.0,d2b801f32cfc224464716fdf29ce14ac1ae050c3014a2b232bb60d1e1d31cecb,True,0,NO,True,True,False,10.1016/j.lithos.2021.106425,True,,,,,,,,,,,,,,,,,,,,,,,,,,,,,,,,,,,,,,,,,,,,,,,,,,,,,,,,,,,,,,,NO,,NONE,EXTERNAL_REFERENCE,Lupar Complex-Lubok Antu mélange,Lupar/Lubok Antu 构造混杂岩中的 greywacke；原文将其置于 Kuching 增生/海沟–弧系统并强调东马来半岛—越南大陆边缘亲缘，不能直接代表 Schwaner 输出。,构造环境及原文物源解释,https://research.monash.edu/en/publications/cretaceous-kuching-accretionary-orogenesis-in-malaysia-sarawak-ge/,False,False,False,True,DOI/study + original sample ID + unique sample UID + grain records,46,,数据库 VALID_AGE 行；不是跨研究统一谐和度筛选后数
