cv_group,E_label,test_fold,n_samples,n_ages
10.3389/feart.2020.568715,E1,0,9,837
10.1016/j.epsl.2021.117298,E2,0,3,136
10.1016/j.gr.2013.03.019,E2,0,1,59
10.1016/j.jseaes.2019.103878,E2,0,8,811
10.1002/2017tc004942,E3,0,7,642
10.1111/iar.12160,E3,0,1,22
10.1016/j.gr.2018.06.001,E1,1,9,1220
10.1016/j.gr.2013.05.020,E2,1,4,150
10.1016/j.jseaes.2021.104876,E2,1,6,602
10.1029/2020gc009622,E2,1,2,75
10.1029/2021tc006753,E3,1,2,162
10.1130/b35707.1,E3,1,6,688
10.1016/j.jseaes.2022.105111,E1,2,6,406
10.1029/2025tc009062,E2,2,17,3102
10.1016/j.epsl.2017.08.019,E3,2,6,756
10.1016/j.gr.2013.07.006,E3,2,2,171
10.1007/s00343-021-0405-6,E1,3,1,113
10.1130/g50966.1,E1,3,5,410
10.1002/gj.3131,E2,3,3,68
10.1016/j.gr.2010.10.010,E2,3,9,592
10.3390/geosciences16010017,E3,3,10,615
