global_sample_uid,sample_id,E_label,cv_group,test_fold,n_model_ages
E1::MAIN::10.1007/s00343-021-0405-6::11LA1,11LA-1,E1,10.1007/s00343-021-0405-6,3,113
E1::MAIN::10.1016/j.gr.2018.06.001::STB21,STB21,E1,10.1016/j.gr.2018.06.001,1,43
E1::MAIN::10.1016/j.gr.2018.06.001::STB74B,STB74b,E1,10.1016/j.gr.2018.06.001,1,129
E1::MAIN::10.1016/j.gr.2018.06.001::STB88,STB88,E1,10.1016/j.gr.2018.06.001,1,200
E1::MAIN::10.1016/j.gr.2018.06.001::STB95,STB95,E1,10.1016/j.gr.2018.06.001,1,61
E1::MAIN::10.1016/j.gr.2018.06.001::TB144,TB144,E1,10.1016/j.gr.2018.06.001,1,142
E1::MAIN::10.1016/j.gr.2018.06.001::TB171,TB171,E1,10.1016/j.gr.2018.06.001,1,137
E1::MAIN::10.1016/j.gr.2018.06.001::TB210,TB210,E1,10.1016/j.gr.2018.06.001,1,162
E1::MAIN::10.1016/j.gr.2018.06.001::TB218,TB218,E1,10.1016/j.gr.2018.06.001,1,178
E1::MAIN::10.1016/j.gr.2018.06.001::TB227,TB227,E1,10.1016/j.gr.2018.06.001,1,168
E1::MAIN::10.1016/j.jseaes.2022.105111::18JV52,18JV-52,E1,10.1016/j.jseaes.2022.105111,2,80
E1::MAIN::10.1016/j.jseaes.2022.105111::18JV531,18JV-53-1,E1,10.1016/j.jseaes.2022.105111,2,71
E1::MAIN::10.1016/j.jseaes.2022.105111::18JV561,18JV-56-1,E1,10.1016/j.jseaes.2022.105111,2,79
E1::MAIN::10.1016/j.jseaes.2022.105111::18JV73E,18JV-73E,E1,10.1016/j.jseaes.2022.105111,2,90
E1::MAIN::10.1016/j.jseaes.2022.105111::18JV85,18JV-85,E1,10.1016/j.jseaes.2022.105111,2,57
E1::MAIN::10.1016/j.jseaes.2022.105111::18JV931,18JV-93-1,E1,10.1016/j.jseaes.2022.105111,2,29
E1::MAIN::10.1130/g50966.1::WK153,WK-15.3,E1,10.1130/g50966.1,3,57
E1::MAIN::10.1130/g50966.1::WK16,WK-16,E1,10.1130/g50966.1,3,77
E1::MAIN::10.1130/g50966.1::WK18,WK-18,E1,10.1130/g50966.1,3,86
E1::MAIN::10.1130/g50966.1::WK272,WK-27.2,E1,10.1130/g50966.1,3,102
E1::MAIN::10.1130/g50966.1::WK36,WK-36,E1,10.1130/g50966.1,3,88
E1::MAIN::10.3389/feart.2020.568715::LD10013C,LD10-013C,E1,10.3389/feart.2020.568715,0,90
E1::MAIN::10.3389/feart.2020.568715::LD10042,LD10-042,E1,10.3389/feart.2020.568715,0,90
E1::MAIN::10.3389/feart.2020.568715::LD10062,LD10-062,E1,10.3389/feart.2020.568715,0,96
E1::MAIN::10.3389/feart.2020.568715::LD10104,LD10-104,E1,10.3389/feart.2020.568715,0,121
E1::MAIN::10.3389/feart.2020.568715::SW15,SW15,E1,10.3389/feart.2020.568715,0,104
E1::MAIN::10.3389/feart.2020.568715::SW20,SW20,E1,10.3389/feart.2020.568715,0,103
E1::MAIN::10.3389/feart.2020.568715::SW3,SW3,E1,10.3389/feart.2020.568715,0,98
E1::MAIN::10.3389/feart.2020.568715::SW4,SW4,E1,10.3389/feart.2020.568715,0,51
E1::MAIN::10.3389/feart.2020.568715::SW8,SW8,E1,10.3389/feart.2020.568715,0,84
E2::MAIN::10.1002/gj.3131::BR2,BR2,E2,10.1002/gj.3131,3,25
E2::MAIN::10.1002/gj.3131::BR305,BR305,E2,10.1002/gj.3131,3,22
E2::MAIN::10.1002/gj.3131::BR307,BR307,E2,10.1002/gj.3131,3,21
E2::MAIN::10.1016/j.epsl.2021.117298::18TAT01-Tx,18TAT01-Tx,E2,10.1016/j.epsl.2021.117298,0,31
E2::MAIN::10.1016/j.epsl.2021.117298::18TPN01,18TPN01,E2,10.1016/j.epsl.2021.117298,0,62
E2::MAIN::10.1016/j.epsl.2021.117298::18TTP01,18TTP01,E2,10.1016/j.epsl.2021.117298,0,43
E2::MAIN::10.1016/j.gr.2010.10.010::IS02,IS02,E2,10.1016/j.gr.2010.10.010,3,81
E2::MAIN::10.1016/j.gr.2010.10.010::IS14,IS14,E2,10.1016/j.gr.2010.10.010,3,47
E2::MAIN::10.1016/j.gr.2010.10.010::IS18,IS18,E2,10.1016/j.gr.2010.10.010,3,109
E2::MAIN::10.1016/j.gr.2010.10.010::IS19,IS19,E2,10.1016/j.gr.2010.10.010,3,63
E2::MAIN::10.1016/j.gr.2010.10.010::IS26,IS26,E2,10.1016/j.gr.2010.10.010,3,45
E2::MAIN::10.1016/j.gr.2010.10.010::IS31,IS31,E2,10.1016/j.gr.2010.10.010,3,55
E2::MAIN::10.1016/j.gr.2010.10.010::IS37,IS37,E2,10.1016/j.gr.2010.10.010,3,70
E2::MAIN::10.1016/j.gr.2010.10.010::IS40,IS40,E2,10.1016/j.gr.2010.10.010,3,57
E2::MAIN::10.1016/j.gr.2010.10.010::IS41,IS41,E2,10.1016/j.gr.2010.10.010,3,65
E2::MAIN::10.1016/j.gr.2013.03.019::Labrador,Labrador,E2,10.1016/j.gr.2013.03.019,0,59
E2::MAIN::10.1016/j.gr.2013.05.020::SELDD001-102,SELDD001-102,E2,10.1016/j.gr.2013.05.020,1,22
E2::MAIN::10.1016/j.gr.2013.05.020::SM09-07,SM09-07,E2,10.1016/j.gr.2013.05.020,1,23
E2::MAIN::10.1016/j.gr.2013.05.020::SM09-17,SM09-17,E2,10.1016/j.gr.2013.05.020,1,21
E2::MAIN::10.1016/j.gr.2013.05.020::SM09-28,SM09-28,E2,10.1016/j.gr.2013.05.020,1,84
E2::MAIN::10.1016/j.jseaes.2019.103878::157a,157a,E2,10.1016/j.jseaes.2019.103878,0,128
E2::MAIN::10.1016/j.jseaes.2019.103878::AGLE_65_01,AGLE_65_01,E2,10.1016/j.jseaes.2019.103878,0,145
E2::MAIN::10.1016/j.jseaes.2019.103878::AGLE_65_02,AGLE_65_02,E2,10.1016/j.jseaes.2019.103878,0,76
E2::MAIN::10.1016/j.jseaes.2019.103878::BH1B2,BH1B2,E2,10.1016/j.jseaes.2019.103878,0,140
E2::MAIN::10.1016/j.jseaes.2019.103878::BH1F11,BH1F11,E2,10.1016/j.jseaes.2019.103878,0,98
E2::MAIN::10.1016/j.jseaes.2019.103878::BH2B4_bottom,BH2B4_bottom,E2,10.1016/j.jseaes.2019.103878,0,43
E2::MAIN::10.1016/j.jseaes.2019.103878::BH2B4_top,BH2B4_top,E2,10.1016/j.jseaes.2019.103878,0,33
E2::MAIN::10.1016/j.jseaes.2019.103878::BH2B5,BH2B5,E2,10.1016/j.jseaes.2019.103878,0,148
E2::MAIN::10.1016/j.jseaes.2021.104876::BR-1,BR-1,E2,10.1016/j.jseaes.2021.104876,1,106
E2::MAIN::10.1016/j.jseaes.2021.104876::JF-1,JF-1,E2,10.1016/j.jseaes.2021.104876,1,43
E2::MAIN::10.1016/j.jseaes.2021.104876::LR-1,LR-1,E2,10.1016/j.jseaes.2021.104876,1,116
E2::MAIN::10.1016/j.jseaes.2021.104876::MR-1,MR-1,E2,10.1016/j.jseaes.2021.104876,1,112
E2::MAIN::10.1016/j.jseaes.2021.104876::SK-1,SK-1,E2,10.1016/j.jseaes.2021.104876,1,116
E2::MAIN::10.1016/j.jseaes.2021.104876::SP-1,SP-1,E2,10.1016/j.jseaes.2021.104876,1,109
E2::MAIN::10.1029/2020gc009622::BK-10,BK-10,E2,10.1029/2020gc009622,1,46
E2::MAIN::10.1029/2020gc009622::BK-8,BK-8,E2,10.1029/2020gc009622,1,29
E2::MAIN::10.1029/2025tc009062::LANGAT,LANGAT,E2,10.1029/2025tc009062,2,150
E2::MAIN::10.1029/2025tc009062::SIPUT,SIPUT,E2,10.1029/2025tc009062,2,144
E2::MAIN::10.1029/2025tc009062::SM10,SM10,E2,10.1029/2025tc009062,2,118
E2::MAIN::10.1029/2025tc009062::SM12,SM12,E2,10.1029/2025tc009062,2,119
E2::MAIN::10.1029/2025tc009062::SM15,SM15,E2,10.1029/2025tc009062,2,222
E2::MAIN::10.1029/2025tc009062::SM16,SM16,E2,10.1029/2025tc009062,2,149
E2::MAIN::10.1029/2025tc009062::SM21,SM21,E2,10.1029/2025tc009062,2,213
E2::MAIN::10.1029/2025tc009062::SM25,SM25,E2,10.1029/2025tc009062,2,198
E2::MAIN::10.1029/2025tc009062::SM3,SM3,E2,10.1029/2025tc009062,2,216
E2::MAIN::10.1029/2025tc009062::SM30,SM30,E2,10.1029/2025tc009062,2,214
E2::MAIN::10.1029/2025tc009062::SM4,SM4,E2,10.1029/2025tc009062,2,177
E2::MAIN::10.1029/2025tc009062::SM40,SM40,E2,10.1029/2025tc009062,2,221
E2::MAIN::10.1029/2025tc009062::SM41,SM41,E2,10.1029/2025tc009062,2,215
E2::MAIN::10.1029/2025tc009062::SM42,SM42,E2,10.1029/2025tc009062,2,178
E2::MAIN::10.1029/2025tc009062::SM43,SM43,E2,10.1029/2025tc009062,2,249
E2::MAIN::10.1029/2025tc009062::SM5,SM5,E2,10.1029/2025tc009062,2,204
E2::MAIN::10.1029/2025tc009062::SM9,SM9,E2,10.1029/2025tc009062,2,115
E3::SCS::YAN2018_AB-02f,AB-02f,E3,10.1002/2017tc004942,0,70
E3::SCS::YAN2018_P-06,P-06,E3,10.1002/2017tc004942,0,95
E3::SCS::YAN2018_QU-26,QU-26,E3,10.1002/2017tc004942,0,115
E3::SCS::YAN2018_S-03-2,S-03-2,E3,10.1002/2017tc004942,0,92
E3::SCS::YAN2018_S-04-1,S-04-1,E3,10.1002/2017tc004942,0,87
E3::SCS::YAN2018_S-04-3,S-04-3,E3,10.1002/2017tc004942,0,92
E3::SCS::YAN2018_S-04-4,S-04-4,E3,10.1002/2017tc004942,0,91
E3::SCS::SHAO2017_P011,P011,E3,10.1016/j.epsl.2017.08.019,2,131
E3::SCS::SHAO2017_P017,P017,E3,10.1016/j.epsl.2017.08.019,2,117
E3::SCS::SHAO2017_P018,P018,E3,10.1016/j.epsl.2017.08.019,2,126
E3::SCS::SHAO2017_P019,P019,E3,10.1016/j.epsl.2017.08.019,2,129
E3::SCS::SHAO2017_P022,P022,E3,10.1016/j.epsl.2017.08.019,2,133
E3::SCS::SHAO2017_P023,P023,E3,10.1016/j.epsl.2017.08.019,2,120
E3::SCS::SUGGATE2014_PAL-5,PAL-5,E3,10.1016/j.gr.2013.07.006,2,118
E3::SCS::SUGGATE2014_PAL-8,PAL-8,E3,10.1016/j.gr.2013.07.006,2,53
E3::EXISTING_REPAIRED::BSPM-DCEC8AB9B9C0E1DB-E3,RZ-01,E3,10.1029/2021tc006753,1,77
E3::EXISTING_REPAIRED::BSPM-3EA434152B4DF18F-E3,RZ-12b,E3,10.1029/2021tc006753,1,85
E3::EXISTING_REPAIRED::BSPM-FCD3CCD3E71300D8-E3,MIN14A,E3,10.1111/iar.12160,0,22
E3::SCS::PCT_P003,P003,E3,10.1130/b35707.1,1,98
E3::SCS::PCT_P005,P005,E3,10.1130/b35707.1,1,95
E3::SCS::PCT_P006,P006,E3,10.1130/b35707.1,1,122
E3::SCS::PCT_P007,P007,E3,10.1130/b35707.1,1,117
E3::EXISTING_REPAIRED::BSPM-59CA221D3EBE3474-E3,P024,E3,10.1130/b35707.1,1,137
E3::EXISTING_REPAIRED::BSPM-45E4187BE443A5CB-E3,P025,E3,10.1130/b35707.1,1,119
E3::EXISTING_REPAIRED::BSPM-A70956C87A2E4851-E3,MIN-06,E3,10.3390/geosciences16010017,3,89
E3::EXISTING_REPAIRED::BSPM-E90070124D4956E0-E3,MIN-09,E3,10.3390/geosciences16010017,3,82
E3::EXISTING_REPAIRED::BSPM-8BA2B640123C951C-E3,MIN-21A,E3,10.3390/geosciences16010017,3,48
E3::SCS::KNITTEL2026_MIN12B,MIN12-B,E3,10.3390/geosciences16010017,3,71
E3::SCS::KNITTEL2026_MIN13,MIN13,E3,10.3390/geosciences16010017,3,101
E3::SCS::KNITTEL2026_MIN17A,MIN17-A,E3,10.3390/geosciences16010017,3,42
E3::SCS::KNITTEL2026_MIN19,MIN19,E3,10.3390/geosciences16010017,3,36
E3::SCS::KNITTEL2026_MIN20A,MIN20-A,E3,10.3390/geosciences16010017,3,49
E3::SCS::KNITTEL2026_MIN40A,MIN40-A,E3,10.3390/geosciences16010017,3,32
E3::SCS::KNITTEL2026_MIN41,MIN41,E3,10.3390/geosciences16010017,3,65
