global_sample_uid,sample_instance_uid,sample_id,E_label,study_id,doi,cv_group,test_fold,material_group,material_for_training,material_audit_flag,material_audit_evidence,source_component,formation,latitude,longitude,n_db_valid_age_rows,n_model_ages,geology_audit_decision
E1::MAIN::10.1007/s00343-021-0405-6::11LA1,10.1007/s00343-021-0405-6::11LA1,11LA-1,E1,Li2022_JOL0405_Ketapang,10.1007/s00343-021-0405-6,10.1007/s00343-021-0405-6,3,SEDIMENTARY_DETRITAL,SEDIMENTARY_DETRITAL,,,Schwaner,,-1.53333,111.29167,113,113,E1_RETAIN_AFFINITY
E1::MAIN::10.1016/j.gr.2018.06.001::STB21,10.1016/j.gr.2018.06.001::STB21,STB21,E1,Breitfeld2018_GondwanaRes63,10.1016/j.gr.2018.06.001,10.1016/j.gr.2018.06.001,1,SEDIMENTARY_DETRITAL,SEDIMENTARY_DETRITAL,,,Kuching Zone,Kayan Sst (Bungo Range),1.18649,110.24229,43,43,E1_RETAIN_AFFINITY
E1::MAIN::10.1016/j.gr.2018.06.001::STB74B,10.1016/j.gr.2018.06.001::STB74B,STB74b,E1,Breitfeld2018_GondwanaRes63,10.1016/j.gr.2018.06.001,10.1016/j.gr.2018.06.001,1,SEDIMENTARY_DETRITAL,SEDIMENTARY_DETRITAL,,,Kuching Zone,,1.37728,110.81594,129,129,E1_RETAIN_AFFINITY
E1::MAIN::10.1016/j.gr.2018.06.001::STB88,10.1016/j.gr.2018.06.001::STB88,STB88,E1,Breitfeld2018_GondwanaRes63,10.1016/j.gr.2018.06.001,10.1016/j.gr.2018.06.001,1,SEDIMENTARY_DETRITAL,SEDIMENTARY_DETRITAL,,,Kuching Zone,Tutoop Sst,1.10539,111.21823,200,200,E1_RETAIN_AFFINITY
E1::MAIN::10.1016/j.gr.2018.06.001::STB95,10.1016/j.gr.2018.06.001::STB95,STB95,E1,Breitfeld2018_GondwanaRes63,10.1016/j.gr.2018.06.001,10.1016/j.gr.2018.06.001,1,SEDIMENTARY_DETRITAL,SEDIMENTARY_DETRITAL,,,Kuching Zone,Tutoop Sst,1.05905,111.15567,61,61,E1_RETAIN_AFFINITY
E1::MAIN::10.1016/j.gr.2018.06.001::TB144,10.1016/j.gr.2018.06.001::TB144,TB144,E1,Breitfeld2018_GondwanaRes63,10.1016/j.gr.2018.06.001,10.1016/j.gr.2018.06.001,1,SEDIMENTARY_DETRITAL,SEDIMENTARY_DETRITAL,,,Kuching Zone,Bako-Mintu Sst,1.72465,110.52362,142,142,E1_RETAIN_AFFINITY
E1::MAIN::10.1016/j.gr.2018.06.001::TB171,10.1016/j.gr.2018.06.001::TB171,TB171,E1,Breitfeld2018_GondwanaRes63,10.1016/j.gr.2018.06.001,10.1016/j.gr.2018.06.001,1,SEDIMENTARY_DETRITAL,SEDIMENTARY_DETRITAL,,,Kuching Zone,Bako-Mintu Sst,1.28258,111.00742,137,137,E1_RETAIN_AFFINITY
E1::MAIN::10.1016/j.gr.2018.06.001::TB210,10.1016/j.gr.2018.06.001::TB210,TB210,E1,Breitfeld2018_GondwanaRes63,10.1016/j.gr.2018.06.001,10.1016/j.gr.2018.06.001,1,SEDIMENTARY_DETRITAL,SEDIMENTARY_DETRITAL,,,Kuching Zone,Silantek Fm (Marup Sst Mbr),1.08941,111.69948,162,162,E1_RETAIN_AFFINITY
E1::MAIN::10.1016/j.gr.2018.06.001::TB218,10.1016/j.gr.2018.06.001::TB218,TB218,E1,Breitfeld2018_GondwanaRes63,10.1016/j.gr.2018.06.001,10.1016/j.gr.2018.06.001,1,SEDIMENTARY_DETRITAL,SEDIMENTARY_DETRITAL,,,Kuching Zone,Silantek Fm (Temudok Sst Mbr),1.16492,111.47015,178,178,E1_RETAIN_AFFINITY
E1::MAIN::10.1016/j.gr.2018.06.001::TB227,10.1016/j.gr.2018.06.001::TB227,TB227,E1,Breitfeld2018_GondwanaRes63,10.1016/j.gr.2018.06.001,10.1016/j.gr.2018.06.001,1,SEDIMENTARY_DETRITAL,SEDIMENTARY_DETRITAL,,,Kuching Zone,Tutoop Sst,1.02157,111.51125,168,168,E1_RETAIN_AFFINITY
E1::MAIN::10.1016/j.jseaes.2022.105111::18JV52,10.1016/j.jseaes.2022.105111::18JV52,18JV-52,E1,Wang2022_JSEAS105111,10.1016/j.jseaes.2022.105111,10.1016/j.jseaes.2022.105111,2,SEDIMENTARY_DETRITAL,SEDIMENTARY_DETRITAL,,,Schwaner,Bengkayang Formation,1.03861,109.62028,80,80,E1_RETAIN_AFFINITY
E1::MAIN::10.1016/j.jseaes.2022.105111::18JV531,10.1016/j.jseaes.2022.105111::18JV531,18JV-53-1,E1,Wang2022_JSEAS105111,10.1016/j.jseaes.2022.105111,10.1016/j.jseaes.2022.105111,2,SEDIMENTARY_DETRITAL,SEDIMENTARY_DETRITAL,,,Schwaner,Bengkayang Formation,1.35,109.72,71,71,E1_RETAIN_AFFINITY
E1::MAIN::10.1016/j.jseaes.2022.105111::18JV561,10.1016/j.jseaes.2022.105111::18JV561,18JV-56-1,E1,Wang2022_JSEAS105111,10.1016/j.jseaes.2022.105111,10.1016/j.jseaes.2022.105111,2,SEDIMENTARY_DETRITAL,SEDIMENTARY_DETRITAL,,,Schwaner,Bengkayang Formation,0.87889,109.50667,79,79,E1_RETAIN_AFFINITY
E1::MAIN::10.1016/j.jseaes.2022.105111::18JV73E,10.1016/j.jseaes.2022.105111::18JV73E,18JV-73E,E1,Wang2022_JSEAS105111,10.1016/j.jseaes.2022.105111,10.1016/j.jseaes.2022.105111,2,SEDIMENTARY_DETRITAL,SEDIMENTARY_DETRITAL,,,Schwaner,Kerabai Volcanics (volcaniclastic / sandstone interval),-0.56639,110.42667,90,90,E1_RETAIN_AFFINITY
E1::MAIN::10.1016/j.jseaes.2022.105111::18JV85,10.1016/j.jseaes.2022.105111::18JV85,18JV-85,E1,Wang2022_JSEAS105111,10.1016/j.jseaes.2022.105111,10.1016/j.jseaes.2022.105111,2,SEDIMENTARY_DETRITAL,SEDIMENTARY_DETRITAL,,,Schwaner,Kuayan Formation (inferred from youngest-zircon age),,,57,57,E1_RETAIN_AFFINITY
E1::MAIN::10.1016/j.jseaes.2022.105111::18JV931,10.1016/j.jseaes.2022.105111::18JV931,18JV-93-1,E1,Wang2022_JSEAS105111,10.1016/j.jseaes.2022.105111,10.1016/j.jseaes.2022.105111,2,SEDIMENTARY_DETRITAL,SEDIMENTARY_DETRITAL,,,Schwaner,Kuayan Formation,-1.98833,111.18361,29,29,E1_RETAIN_AFFINITY
E1::MAIN::10.1130/g50966.1::WK153,10.1130/g50966.1::WK153,WK-15.3,E1,Quek2023_Geology51,10.1130/G50966.1,10.1130/g50966.1,3,SEDIMENTARY_DETRITAL,SEDIMENTARY_DETRITAL,,,NW Borneo (Kuching Zone side),,0.781806,109.529361,57,57,E1_RETAIN_AFFINITY
E1::MAIN::10.1130/g50966.1::WK16,10.1130/g50966.1::WK16,WK-16,E1,Quek2023_Geology51,10.1130/G50966.1,10.1130/g50966.1,3,SEDIMENTARY_DETRITAL,SEDIMENTARY_DETRITAL,,,NW Borneo (Kuching Zone side),,1.025944,109.602056,77,77,E1_RETAIN_AFFINITY
E1::MAIN::10.1130/g50966.1::WK18,10.1130/g50966.1::WK18,WK-18,E1,Quek2023_Geology51,10.1130/G50966.1,10.1130/g50966.1,3,SEDIMENTARY_DETRITAL,SEDIMENTARY_DETRITAL,,,NW Borneo (Kuching Zone side),,1.137583,109.48025,86,86,E1_RETAIN_AFFINITY
E1::MAIN::10.1130/g50966.1::WK272,10.1130/g50966.1::WK272,WK-27.2,E1,Quek2023_Geology51,10.1130/G50966.1,10.1130/g50966.1,3,SEDIMENTARY_DETRITAL,SEDIMENTARY_DETRITAL,,,Schwaner,,-0.168889,110.848056,102,102,E1_RETAIN_AFFINITY
E1::MAIN::10.1130/g50966.1::WK36,10.1130/g50966.1::WK36,WK-36,E1,Quek2023_Geology51,10.1130/G50966.1,10.1130/g50966.1,3,SEDIMENTARY_DETRITAL,SEDIMENTARY_DETRITAL,,,Schwaner,,-0.6925,111.705278,88,88,E1_RETAIN_AFFINITY
E1::MAIN::10.3389/feart.2020.568715::LD10013C,10.3389/feart.2020.568715::LD10013C,LD10-013C,E1,Breitfeld2020_Frontiers568715_RiverSand,10.3389/feart.2020.568715,10.3389/feart.2020.568715,0,MODERN_RIVER_OR_SAND,MODERN_RIVER_OR_SAND,,,Schwaner,,-0.99571788,111.50113556,120,90,E1_RETAIN_AFFINITY
E1::MAIN::10.3389/feart.2020.568715::LD10042,10.3389/feart.2020.568715::LD10042,LD10-042,E1,Breitfeld2020_Frontiers568715_RiverSand,10.3389/feart.2020.568715,10.3389/feart.2020.568715,0,MODERN_RIVER_OR_SAND,MODERN_RIVER_OR_SAND,,,Schwaner,,-0.75420457,111.67671673,110,90,E1_RETAIN_AFFINITY
E1::MAIN::10.3389/feart.2020.568715::LD10062,10.3389/feart.2020.568715::LD10062,LD10-062,E1,Breitfeld2020_Frontiers568715_RiverSand,10.3389/feart.2020.568715,10.3389/feart.2020.568715,0,MODERN_RIVER_OR_SAND,MODERN_RIVER_OR_SAND,,,Schwaner,,-0.40892347,111.99935077,99,96,E1_RETAIN_AFFINITY
E1::MAIN::10.3389/feart.2020.568715::LD10104,10.3389/feart.2020.568715::LD10104,LD10-104,E1,Breitfeld2020_Frontiers568715_RiverSand,10.3389/feart.2020.568715,10.3389/feart.2020.568715,0,MODERN_RIVER_OR_SAND,MODERN_RIVER_OR_SAND,,,Schwaner,,-1.29064042,112.75728495,147,121,E1_RETAIN_AFFINITY
E1::MAIN::10.3389/feart.2020.568715::SW15,10.3389/feart.2020.568715::SW15,SW15,E1,Breitfeld2020_Frontiers568715_RiverSand,10.3389/feart.2020.568715,10.3389/feart.2020.568715,0,MODERN_RIVER_OR_SAND,MODERN_RIVER_OR_SAND,,,Schwaner,,-0.606426,111.71986,124,104,E1_RETAIN_AFFINITY
E1::MAIN::10.3389/feart.2020.568715::SW20,10.3389/feart.2020.568715::SW20,SW20,E1,Breitfeld2020_Frontiers568715_RiverSand,10.3389/feart.2020.568715,10.3389/feart.2020.568715,0,MODERN_RIVER_OR_SAND,MODERN_RIVER_OR_SAND,,,Schwaner,,-0.631457,111.655045,115,103,E1_RETAIN_AFFINITY
E1::MAIN::10.3389/feart.2020.568715::SW3,10.3389/feart.2020.568715::SW3,SW3,E1,Breitfeld2020_Frontiers568715_RiverSand,10.3389/feart.2020.568715,10.3389/feart.2020.568715,0,MODERN_RIVER_OR_SAND,MODERN_RIVER_OR_SAND,,,Schwaner,,-0.422766,111.76395,120,98,E1_RETAIN_AFFINITY
E1::MAIN::10.3389/feart.2020.568715::SW4,10.3389/feart.2020.568715::SW4,SW4,E1,Breitfeld2020_Frontiers568715_RiverSand,10.3389/feart.2020.568715,10.3389/feart.2020.568715,0,MODERN_RIVER_OR_SAND,MODERN_RIVER_OR_SAND,,,Schwaner,,-0.43729,111.757512,89,51,E1_RETAIN_AFFINITY
E1::MAIN::10.3389/feart.2020.568715::SW8,10.3389/feart.2020.568715::SW8,SW8,E1,Breitfeld2020_Frontiers568715_RiverSand,10.3389/feart.2020.568715,10.3389/feart.2020.568715,0,MODERN_RIVER_OR_SAND,MODERN_RIVER_OR_SAND,,,Schwaner,,-0.459465,111.753274,101,84,E1_RETAIN_AFFINITY
E2::MAIN::10.1002/gj.3131::BR2,10.1002/gj.3131::BR2,BR2,E2,Basori2018,10.1002/gj.3131,10.1002/gj.3131,3,SEDIMENTARY_DETRITAL,SEDIMENTARY_DETRITAL,,sedimentary rock (detrital),E2_Sukhothai_EastMalaya,Upper Jurassic,,,25,25,E2E3_KEEP_MAIN
E2::MAIN::10.1002/gj.3131::BR305,10.1002/gj.3131::BR305,BR305,E2,Basori2018,10.1002/gj.3131,10.1002/gj.3131,3,SEDIMENTARY_DETRITAL,SEDIMENTARY_DETRITAL,,sedimentary rock (detrital),E2_Sukhothai_EastMalaya,Upper Jurassic-Lower Cretaceous,,,22,22,E2E3_KEEP_MAIN
E2::MAIN::10.1002/gj.3131::BR307,10.1002/gj.3131::BR307,BR307,E2,Basori2018,10.1002/gj.3131,10.1002/gj.3131,3,SEDIMENTARY_DETRITAL,SEDIMENTARY_DETRITAL,,sedimentary rock (detrital),E2_Sukhothai_EastMalaya,Upper Jurassic-Lower Cretaceous,,,21,21,E2E3_KEEP_MAIN
E2::MAIN::10.1016/j.epsl.2021.117298::18TAT01-Tx,10.1016/j.epsl.2021.117298::18TAT01-Tx,18TAT01-Tx,E2,Liu2022,10.1016/j.epsl.2021.117298,10.1016/j.epsl.2021.117298,0,MODERN_RIVER_OR_SAND,MODERN_RIVER_OR_SAND,,modern river sediment,E2_Sibumasu,,7.3771,100.1014,31,31,E2E3_KEEP_MAIN
E2::MAIN::10.1016/j.epsl.2021.117298::18TPN01,10.1016/j.epsl.2021.117298::18TPN01,18TPN01,E2,Liu2022,10.1016/j.epsl.2021.117298,10.1016/j.epsl.2021.117298,0,MODERN_RIVER_OR_SAND,MODERN_RIVER_OR_SAND,,modern river sediment,E2_Sibumasu,,8.5218,98.5032,62,62,E2E3_KEEP_MAIN
E2::MAIN::10.1016/j.epsl.2021.117298::18TTP01,10.1016/j.epsl.2021.117298::18TTP01,18TTP01,E2,Liu2022,10.1016/j.epsl.2021.117298,10.1016/j.epsl.2021.117298,0,MODERN_RIVER_OR_SAND,MODERN_RIVER_OR_SAND,,modern river sediment,E2_Sibumasu,,8.7845,98.3775,43,43,E2E3_KEEP_MAIN
E2::MAIN::10.1016/j.gr.2010.10.010::IS02,10.1016/j.gr.2010.10.010::IS02,IS02,E2,Sevastjanova2011,10.1016/j.gr.2010.10.010,10.1016/j.gr.2010.10.010,3,MODERN_RIVER_OR_SAND,MODERN_RIVER_OR_SAND,,modern river sand,E2_Sibumasu,Modern,,,81,81,E2E3_KEEP_MAIN
E2::MAIN::10.1016/j.gr.2010.10.010::IS14,10.1016/j.gr.2010.10.010::IS14,IS14,E2,Sevastjanova2011,10.1016/j.gr.2010.10.010,10.1016/j.gr.2010.10.010,3,MODERN_RIVER_OR_SAND,MODERN_RIVER_OR_SAND,,modern river sand,E2_Sukhothai_EastMalaya,,5.53565,102.1123,47,47,E2E3_KEEP_MAIN
E2::MAIN::10.1016/j.gr.2010.10.010::IS18,10.1016/j.gr.2010.10.010::IS18,IS18,E2,Sevastjanova2011,10.1016/j.gr.2010.10.010,10.1016/j.gr.2010.10.010,3,MODERN_RIVER_OR_SAND,MODERN_RIVER_OR_SAND,,modern river sand,E2_Sukhothai_EastMalaya,,4.04281,102.1907,109,109,E2E3_KEEP_MAIN
E2::MAIN::10.1016/j.gr.2010.10.010::IS19,10.1016/j.gr.2010.10.010::IS19,IS19,E2,Sevastjanova2011,10.1016/j.gr.2010.10.010,10.1016/j.gr.2010.10.010,3,MODERN_RIVER_OR_SAND,MODERN_RIVER_OR_SAND,,modern river sand,E2_Sukhothai_EastMalaya,,4.09164,102.0158,63,63,E2E3_KEEP_MAIN
E2::MAIN::10.1016/j.gr.2010.10.010::IS26,10.1016/j.gr.2010.10.010::IS26,IS26,E2,Sevastjanova2011,10.1016/j.gr.2010.10.010,10.1016/j.gr.2010.10.010,3,MODERN_RIVER_OR_SAND,MODERN_RIVER_OR_SAND,,modern river sand,E2_Sukhothai_EastMalaya,,3.44557,101.8965,45,45,E2E3_KEEP_MAIN
E2::MAIN::10.1016/j.gr.2010.10.010::IS31,10.1016/j.gr.2010.10.010::IS31,IS31,E2,Sevastjanova2011,10.1016/j.gr.2010.10.010,10.1016/j.gr.2010.10.010,3,MODERN_RIVER_OR_SAND,MODERN_RIVER_OR_SAND,,modern river sand,E2_Sukhothai_EastMalaya,,3.55614,102.6844,55,55,E2E3_KEEP_MAIN
E2::MAIN::10.1016/j.gr.2010.10.010::IS37,10.1016/j.gr.2010.10.010::IS37,IS37,E2,Sevastjanova2011,10.1016/j.gr.2010.10.010,10.1016/j.gr.2010.10.010,3,MODERN_RIVER_OR_SAND,MODERN_RIVER_OR_SAND,,modern river sand,E2_Sukhothai_EastMalaya,,4.64011,103.4361,70,70,E2E3_KEEP_MAIN
E2::MAIN::10.1016/j.gr.2010.10.010::IS40,10.1016/j.gr.2010.10.010::IS40,IS40,E2,Sevastjanova2011,10.1016/j.gr.2010.10.010,10.1016/j.gr.2010.10.010,3,MODERN_RIVER_OR_SAND,MODERN_RIVER_OR_SAND,,modern river sand,E2_Sukhothai_EastMalaya,,5.73763,102.4911,57,57,E2E3_KEEP_MAIN
E2::MAIN::10.1016/j.gr.2010.10.010::IS41,10.1016/j.gr.2010.10.010::IS41,IS41,E2,Sevastjanova2011,10.1016/j.gr.2010.10.010,10.1016/j.gr.2010.10.010,3,MODERN_RIVER_OR_SAND,MODERN_RIVER_OR_SAND,,modern river sand,E2_Sukhothai_EastMalaya,,5.66084,101.6909,65,65,E2E3_KEEP_MAIN
E2::MAIN::10.1016/j.gr.2013.03.019::Labrador,10.1016/j.gr.2013.03.019::Labrador,Labrador,E2,Oliver2014,10.1016/j.gr.2013.03.019,10.1016/j.gr.2013.03.019,0,SEDIMENTARY_DETRITAL,SEDIMENTARY_DETRITAL,,sedimentary rock (detrital),E2_Sukhothai_EastMalaya,,1.26802,103.7993,59,59,E2E3_KEEP_MAIN
E2::MAIN::10.1016/j.gr.2013.05.020::SELDD001-102,10.1016/j.gr.2013.05.020::SELDD001-102,SELDD001-102,E2,Burrett2014,10.1016/j.gr.2013.05.020,10.1016/j.gr.2013.05.020,1,SEDIMENTARY_DETRITAL,SEDIMENTARY_DETRITAL,,sedimentary rock (detrital),E2_Sibumasu,Early Carboniferous-Devonian,4.24985,101.78691,22,22,E2E3_KEEP_MAIN
E2::MAIN::10.1016/j.gr.2013.05.020::SM09-07,10.1016/j.gr.2013.05.020::SM09-07,SM09-07,E2,Burrett2014,10.1016/j.gr.2013.05.020,10.1016/j.gr.2013.05.020,1,SEDIMENTARY_DETRITAL,SEDIMENTARY_DETRITAL,,sedimentary rock (detrital),E2_Sibumasu,Early Permian-Carboniferous,4.24985,101.78691,23,23,E2E3_KEEP_MAIN
E2::MAIN::10.1016/j.gr.2013.05.020::SM09-17,10.1016/j.gr.2013.05.020::SM09-17,SM09-17,E2,Burrett2014,10.1016/j.gr.2013.05.020,10.1016/j.gr.2013.05.020,1,SEDIMENTARY_DETRITAL,SEDIMENTARY_DETRITAL,,sedimentary rock (detrital),E2_Sibumasu,Early Permian-Carboniferous,3.98399,101.81727,21,21,E2E3_KEEP_MAIN
E2::MAIN::10.1016/j.gr.2013.05.020::SM09-28,10.1016/j.gr.2013.05.020::SM09-28,SM09-28,E2,Burrett2014,10.1016/j.gr.2013.05.020,10.1016/j.gr.2013.05.020,1,SEDIMENTARY_DETRITAL,SEDIMENTARY_DETRITAL,,sedimentary rock (detrital),E2_Sibumasu,Ordovician,3.97667,101.75667,84,84,E2E3_KEEP_MAIN
E2::MAIN::10.1016/j.jseaes.2019.103878::157a,10.1016/j.jseaes.2019.103878::157a,157a,E2,Dodd2019,10.1016/j.jseaes.2019.103878,10.1016/j.jseaes.2019.103878,0,SEDIMENTARY_DETRITAL,SEDIMENTARY_DETRITAL,,sandstone (outcrop),E2_Sukhothai_EastMalaya,Sentosa Group (Fort Siloso Fm),1.2586,103.8083,128,128,E2E3_KEEP_MAIN
E2::MAIN::10.1016/j.jseaes.2019.103878::AGLE_65_01,10.1016/j.jseaes.2019.103878::AGLE_65_01,AGLE_65_01,E2,Dodd2019,10.1016/j.jseaes.2019.103878,10.1016/j.jseaes.2019.103878,0,SEDIMENTARY_DETRITAL,SEDIMENTARY_DETRITAL,,sandstone (outcrop),E2_Sukhothai_EastMalaya,Jurong Group,1.2722,103.8023,145,145,E2E3_KEEP_MAIN
E2::MAIN::10.1016/j.jseaes.2019.103878::AGLE_65_02,10.1016/j.jseaes.2019.103878::AGLE_65_02,AGLE_65_02,E2,Dodd2019,10.1016/j.jseaes.2019.103878,10.1016/j.jseaes.2019.103878,0,SEDIMENTARY_DETRITAL,SEDIMENTARY_DETRITAL,,sandstone (borehole core),E2_Sukhothai_EastMalaya,Tebak Fm,1.3,103.8,76,76,E2E3_KEEP_MAIN
E2::MAIN::10.1016/j.jseaes.2019.103878::BH1B2,10.1016/j.jseaes.2019.103878::BH1B2,BH1B2,E2,Dodd2019,10.1016/j.jseaes.2019.103878,10.1016/j.jseaes.2019.103878,0,OTHER_OR_UNSPECIFIED,SEDIMENTARY_DETRITAL,VOLCANIC_CONGLOMERATE_IS_DETRITAL; SOURCE_MATERIAL_NORMALIZATION,volcanic conglomerate (outcrop),E2_Sukhothai_EastMalaya,Jurong Group (Labrador Park volcanic conglomerate),1.2722,103.8023,140,140,E2E3_KEEP_MAIN
E2::MAIN::10.1016/j.jseaes.2019.103878::BH1F11,10.1016/j.jseaes.2019.103878::BH1F11,BH1F11,E2,Dodd2019,10.1016/j.jseaes.2019.103878,10.1016/j.jseaes.2019.103878,0,SEDIMENTARY_DETRITAL,SEDIMENTARY_DETRITAL,,sandstone (borehole core),E2_Sukhothai_EastMalaya,Bukit Batok Fm,1.3494,103.7498,98,98,E2E3_KEEP_MAIN
E2::MAIN::10.1016/j.jseaes.2019.103878::BH2B4_bottom,10.1016/j.jseaes.2019.103878::BH2B4_bottom,BH2B4_bottom,E2,Dodd2019,10.1016/j.jseaes.2019.103878,10.1016/j.jseaes.2019.103878,0,SEDIMENTARY_DETRITAL,SEDIMENTARY_DETRITAL,,volcanic sandstone (borehole core),E2_Sukhothai_EastMalaya,Bukit Batok Fm,1.3494,103.7498,43,43,E2E3_KEEP_MAIN
E2::MAIN::10.1016/j.jseaes.2019.103878::BH2B4_top,10.1016/j.jseaes.2019.103878::BH2B4_top,BH2B4_top,E2,Dodd2019,10.1016/j.jseaes.2019.103878,10.1016/j.jseaes.2019.103878,0,SEDIMENTARY_DETRITAL,SEDIMENTARY_DETRITAL,,volcanic sandstone (borehole core),E2_Sukhothai_EastMalaya,Bukit Batok Fm,1.3494,103.7498,33,33,E2E3_KEEP_MAIN
E2::MAIN::10.1016/j.jseaes.2019.103878::BH2B5,10.1016/j.jseaes.2019.103878::BH2B5,BH2B5,E2,Dodd2019,10.1016/j.jseaes.2019.103878,10.1016/j.jseaes.2019.103878,0,SEDIMENTARY_DETRITAL,SEDIMENTARY_DETRITAL,,volcanic sandstone (borehole core),E2_Sukhothai_EastMalaya,Bukit Batok Fm,1.3494,103.7498,148,148,E2E3_KEEP_MAIN
E2::MAIN::10.1016/j.jseaes.2021.104876::BR-1,10.1016/j.jseaes.2021.104876::BR-1,BR-1,E2,Quek2021JAES,10.1016/j.jseaes.2021.104876,10.1016/j.jseaes.2021.104876,1,MODERN_RIVER_OR_SAND,MODERN_RIVER_OR_SAND,,modern river sand,E2_Sukhothai_EastMalaya,,3.1167,103.45,106,106,E2E3_KEEP_MAIN
E2::MAIN::10.1016/j.jseaes.2021.104876::JF-1,10.1016/j.jseaes.2021.104876::JF-1,JF-1,E2,Quek2021JAES,10.1016/j.jseaes.2021.104876,10.1016/j.jseaes.2021.104876,1,MODERN_RIVER_OR_SAND,MODERN_RIVER_OR_SAND,,modern river sand,E2_Sibumasu,,3.7242,101.7156,43,43,E2E3_KEEP_MAIN
E2::MAIN::10.1016/j.jseaes.2021.104876::LR-1,10.1016/j.jseaes.2021.104876::LR-1,LR-1,E2,Quek2021JAES,10.1016/j.jseaes.2021.104876,10.1016/j.jseaes.2021.104876,1,MODERN_RIVER_OR_SAND,MODERN_RIVER_OR_SAND,,modern river sand,E2_Sibumasu,,2.3906,101.9738,116,116,E2E3_KEEP_MAIN
E2::MAIN::10.1016/j.jseaes.2021.104876::MR-1,10.1016/j.jseaes.2021.104876::MR-1,MR-1,E2,Quek2021JAES,10.1016/j.jseaes.2021.104876,10.1016/j.jseaes.2021.104876,1,MODERN_RIVER_OR_SAND,MODERN_RIVER_OR_SAND,,modern river sand,E2_Sukhothai_EastMalaya,,2.4311,103.8403,112,112,E2E3_KEEP_MAIN
E2::MAIN::10.1016/j.jseaes.2021.104876::SK-1,10.1016/j.jseaes.2021.104876::SK-1,SK-1,E2,Quek2021JAES,10.1016/j.jseaes.2021.104876,10.1016/j.jseaes.2021.104876,1,MODERN_RIVER_OR_SAND,MODERN_RIVER_OR_SAND,,modern river sand,E2_Sukhothai_EastMalaya,,1.8439,104.1469,116,116,E2E3_KEEP_MAIN
E2::MAIN::10.1016/j.jseaes.2021.104876::SP-1,10.1016/j.jseaes.2021.104876::SP-1,SP-1,E2,Quek2021JAES,10.1016/j.jseaes.2021.104876,10.1016/j.jseaes.2021.104876,1,MODERN_RIVER_OR_SAND,MODERN_RIVER_OR_SAND,,modern river sand,E2_Sibumasu,,2.5833,101.7167,109,109,E2E3_KEEP_MAIN
E2::MAIN::10.1029/2020gc009622::BK-10,10.1029/2020gc009622::BK-10,BK-10,E2,Wang2021,10.1029/2020GC009622,10.1029/2020gc009622,1,SEDIMENTARY_DETRITAL,SEDIMENTARY_DETRITAL,,sedimentary rock (detrital),E2_Sibumasu,,8.28833,99.80717,46,46,E2E3_KEEP_MAIN
E2::MAIN::10.1029/2020gc009622::BK-8,10.1029/2020gc009622::BK-8,BK-8,E2,Wang2021,10.1029/2020GC009622,10.1029/2020gc009622,1,SEDIMENTARY_DETRITAL,SEDIMENTARY_DETRITAL,,sedimentary rock (detrital),E2_Sibumasu,,8.153,99.74833,29,29,E2E3_KEEP_MAIN
E2::MAIN::10.1029/2025tc009062::LANGAT,10.1029/2025tc009062::LANGAT,LANGAT,E2,Quek2026Tect,10.1029/2025TC009062,10.1029/2025tc009062,2,SEDIMENTARY_DETRITAL,SEDIMENTARY_DETRITAL,,sedimentary rock (detrital),E2_Sibumasu,Kajang Schist / Belata Fm / Kenny Hill Fm / Kati Fm / Papulut Quartzite (sample-level mapping 待验证),,,150,150,E2E3_KEEP_MAIN
E2::MAIN::10.1029/2025tc009062::SIPUT,10.1029/2025tc009062::SIPUT,SIPUT,E2,Quek2026Tect,10.1029/2025TC009062,10.1029/2025tc009062,2,SEDIMENTARY_DETRITAL,SEDIMENTARY_DETRITAL,,sedimentary rock (detrital),E2_Sibumasu,Kajang Schist / Belata Fm / Kenny Hill Fm / Kati Fm / Papulut Quartzite (sample-level mapping 待验证),,,144,144,E2E3_KEEP_MAIN
E2::MAIN::10.1029/2025tc009062::SM10,10.1029/2025tc009062::SM10,SM10,E2,Quek2026Tect,10.1029/2025TC009062,10.1029/2025tc009062,2,SEDIMENTARY_DETRITAL,SEDIMENTARY_DETRITAL,,sedimentary rock (detrital),E2_Sibumasu,Lawin Tuff / Hawthornden Schist / Gerik Siltstone (sample-level mapping 待验证),,,118,118,E2E3_KEEP_MAIN
E2::MAIN::10.1029/2025tc009062::SM12,10.1029/2025tc009062::SM12,SM12,E2,Quek2026Tect,10.1029/2025TC009062,10.1029/2025tc009062,2,SEDIMENTARY_DETRITAL,SEDIMENTARY_DETRITAL,,sedimentary rock (detrital),E2_Sibumasu,Lawin Tuff / Hawthornden Schist / Gerik Siltstone (sample-level mapping 待验证),,,119,119,E2E3_KEEP_MAIN
E2::MAIN::10.1029/2025tc009062::SM15,10.1029/2025tc009062::SM15,SM15,E2,Quek2026Tect,10.1029/2025TC009062,10.1029/2025tc009062,2,SEDIMENTARY_DETRITAL,SEDIMENTARY_DETRITAL,,sedimentary rock (detrital),E2_Sibumasu,Lawin Tuff / Hawthornden Schist / Gerik Siltstone (sample-level mapping 待验证),,,222,222,E2E3_KEEP_MAIN
E2::MAIN::10.1029/2025tc009062::SM16,10.1029/2025tc009062::SM16,SM16,E2,Quek2026Tect,10.1029/2025TC009062,10.1029/2025tc009062,2,SEDIMENTARY_DETRITAL,SEDIMENTARY_DETRITAL,,sedimentary rock (detrital),E2_Sibumasu,Kajang Schist / Belata Fm / Kenny Hill Fm / Kati Fm / Papulut Quartzite (sample-level mapping 待验证),,,149,149,E2E3_KEEP_MAIN
E2::MAIN::10.1029/2025tc009062::SM21,10.1029/2025tc009062::SM21,SM21,E2,Quek2026Tect,10.1029/2025TC009062,10.1029/2025tc009062,2,SEDIMENTARY_DETRITAL,SEDIMENTARY_DETRITAL,,sedimentary rock (detrital),E2_Sibumasu,Lawin Tuff / Hawthornden Schist / Gerik Siltstone (sample-level mapping 待验证),,,213,213,E2E3_KEEP_MAIN
E2::MAIN::10.1029/2025tc009062::SM25,10.1029/2025tc009062::SM25,SM25,E2,Quek2026Tect,10.1029/2025TC009062,10.1029/2025tc009062,2,SEDIMENTARY_DETRITAL,SEDIMENTARY_DETRITAL,,sedimentary rock (detrital),E2_Sibumasu,Kajang Schist / Belata Fm / Kenny Hill Fm / Kati Fm / Papulut Quartzite (sample-level mapping 待验证),,,198,198,E2E3_KEEP_MAIN
E2::MAIN::10.1029/2025tc009062::SM3,10.1029/2025tc009062::SM3,SM3,E2,Quek2026Tect,10.1029/2025TC009062,10.1029/2025tc009062,2,SEDIMENTARY_DETRITAL,SEDIMENTARY_DETRITAL,,sedimentary rock (detrital),E2_Sibumasu,Kajang Schist / Belata Fm / Kenny Hill Fm / Kati Fm / Papulut Quartzite (sample-level mapping 待验证),,,216,216,E2E3_KEEP_MAIN
E2::MAIN::10.1029/2025tc009062::SM30,10.1029/2025tc009062::SM30,SM30,E2,Quek2026Tect,10.1029/2025TC009062,10.1029/2025tc009062,2,SEDIMENTARY_DETRITAL,SEDIMENTARY_DETRITAL,,sedimentary rock (detrital),E2_Sibumasu,Kajang Schist / Belata Fm / Kenny Hill Fm / Kati Fm / Papulut Quartzite (sample-level mapping 待验证),,,214,214,E2E3_KEEP_MAIN
E2::MAIN::10.1029/2025tc009062::SM4,10.1029/2025tc009062::SM4,SM4,E2,Quek2026Tect,10.1029/2025TC009062,10.1029/2025tc009062,2,SEDIMENTARY_DETRITAL,SEDIMENTARY_DETRITAL,,sedimentary rock (detrital),E2_Sibumasu,Kajang Schist / Belata Fm / Kenny Hill Fm / Kati Fm / Papulut Quartzite (sample-level mapping 待验证),,,177,177,E2E3_KEEP_MAIN
E2::MAIN::10.1029/2025tc009062::SM40,10.1029/2025tc009062::SM40,SM40,E2,Quek2026Tect,10.1029/2025TC009062,10.1029/2025tc009062,2,SEDIMENTARY_DETRITAL,SEDIMENTARY_DETRITAL,,sedimentary rock (detrital),E2_Sibumasu,Kubang Pasu Formation,,,221,221,E2E3_KEEP_MAIN
E2::MAIN::10.1029/2025tc009062::SM41,10.1029/2025tc009062::SM41,SM41,E2,Quek2026Tect,10.1029/2025TC009062,10.1029/2025tc009062,2,SEDIMENTARY_DETRITAL,SEDIMENTARY_DETRITAL,,sedimentary rock (detrital),E2_Sibumasu,Kubang Pasu Formation,,,215,215,E2E3_KEEP_MAIN
E2::MAIN::10.1029/2025tc009062::SM42,10.1029/2025tc009062::SM42,SM42,E2,Quek2026Tect,10.1029/2025TC009062,10.1029/2025tc009062,2,SEDIMENTARY_DETRITAL,SEDIMENTARY_DETRITAL,,sedimentary rock (detrital),E2_Sibumasu,Kubang Pasu Formation,,,178,178,E2E3_KEEP_MAIN
E2::MAIN::10.1029/2025tc009062::SM43,10.1029/2025tc009062::SM43,SM43,E2,Quek2026Tect,10.1029/2025TC009062,10.1029/2025tc009062,2,SEDIMENTARY_DETRITAL,SEDIMENTARY_DETRITAL,,sedimentary rock (detrital),E2_Sibumasu,Kubang Pasu Formation,,,249,249,E2E3_KEEP_MAIN
E2::MAIN::10.1029/2025tc009062::SM5,10.1029/2025tc009062::SM5,SM5,E2,Quek2026Tect,10.1029/2025TC009062,10.1029/2025tc009062,2,SEDIMENTARY_DETRITAL,SEDIMENTARY_DETRITAL,,sedimentary rock (detrital),E2_Sibumasu,Kajang Schist / Belata Fm / Kenny Hill Fm / Kati Fm / Papulut Quartzite (sample-level mapping 待验证),,,204,204,E2E3_KEEP_MAIN
E2::MAIN::10.1029/2025tc009062::SM9,10.1029/2025tc009062::SM9,SM9,E2,Quek2026Tect,10.1029/2025TC009062,10.1029/2025tc009062,2,SEDIMENTARY_DETRITAL,SEDIMENTARY_DETRITAL,,sedimentary rock (detrital),E2_Sibumasu,Lawin Tuff / Hawthornden Schist / Gerik Siltstone (sample-level mapping 待验证),,,115,115,E2E3_KEEP_MAIN
E3::SCS::YAN2018_AB-02f,SCS::YAN2018_AB-02f,AB-02f,E3,YAN2018,10.1002/2017TC004942,10.1002/2017tc004942,0,SEDIMENTARY_DETRITAL,SEDIMENTARY_DETRITAL,,SEDIMENTARY_DETRITAL,E3a_Palawan_Mindoro_core,Cenozoic clastic sequence,,,70,70,E2E3_KEEP_MAIN
E3::SCS::YAN2018_P-06,SCS::YAN2018_P-06,P-06,E3,YAN2018,10.1002/2017TC004942,10.1002/2017tc004942,0,SEDIMENTARY_DETRITAL,SEDIMENTARY_DETRITAL,,SEDIMENTARY_DETRITAL,E3a_Palawan_Mindoro_core,Cenozoic clastic sequence,,,95,95,E2E3_KEEP_MAIN
E3::SCS::YAN2018_QU-26,SCS::YAN2018_QU-26,QU-26,E3,YAN2018,10.1002/2017TC004942,10.1002/2017tc004942,0,SEDIMENTARY_DETRITAL,SEDIMENTARY_DETRITAL,,SEDIMENTARY_DETRITAL,E3a_Palawan_Mindoro_core,Cenozoic clastic sequence,,,115,115,E2E3_KEEP_MAIN
E3::SCS::YAN2018_S-03-2,SCS::YAN2018_S-03-2,S-03-2,E3,YAN2018,10.1002/2017TC004942,10.1002/2017tc004942,0,SEDIMENTARY_DETRITAL,SEDIMENTARY_DETRITAL,,SEDIMENTARY_DETRITAL,E3a_Palawan_Mindoro_core,Cenozoic clastic sequence,,,92,92,E2E3_KEEP_MAIN
E3::SCS::YAN2018_S-04-1,SCS::YAN2018_S-04-1,S-04-1,E3,YAN2018,10.1002/2017TC004942,10.1002/2017tc004942,0,SEDIMENTARY_DETRITAL,SEDIMENTARY_DETRITAL,,SEDIMENTARY_DETRITAL,E3a_Palawan_Mindoro_core,Cenozoic clastic sequence,,,87,87,E2E3_KEEP_MAIN
E3::SCS::YAN2018_S-04-3,SCS::YAN2018_S-04-3,S-04-3,E3,YAN2018,10.1002/2017TC004942,10.1002/2017tc004942,0,SEDIMENTARY_DETRITAL,SEDIMENTARY_DETRITAL,,SEDIMENTARY_DETRITAL,E3a_Palawan_Mindoro_core,Cenozoic clastic sequence,,,92,92,E2E3_KEEP_MAIN
E3::SCS::YAN2018_S-04-4,SCS::YAN2018_S-04-4,S-04-4,E3,YAN2018,10.1002/2017TC004942,10.1002/2017tc004942,0,SEDIMENTARY_DETRITAL,SEDIMENTARY_DETRITAL,,SEDIMENTARY_DETRITAL,E3a_Palawan_Mindoro_core,Cenozoic clastic sequence,,,91,91,E2E3_KEEP_MAIN
E3::SCS::SHAO2017_P011,SCS::SHAO2017_P011,P011,E3,SHAO2017,10.1016/j.epsl.2017.08.019,10.1016/j.epsl.2017.08.019,2,SEDIMENTARY_DETRITAL,SEDIMENTARY_DETRITAL,,SEDIMENTARY_DETRITAL,E3a_Palawan_Mindoro_core,Boayan Formation,10.19897222222222,118.9026138888889,131,131,E2E3_KEEP_MAIN
E3::SCS::SHAO2017_P017,SCS::SHAO2017_P017,P017,E3,SHAO2017,10.1016/j.epsl.2017.08.019,10.1016/j.epsl.2017.08.019,2,SEDIMENTARY_DETRITAL,SEDIMENTARY_DETRITAL,,SEDIMENTARY_DETRITAL,E3a_Palawan_Mindoro_core,Guinlo Formation,10.32170277777778,119.3361111111111,117,117,E2E3_KEEP_MAIN
E3::SCS::SHAO2017_P018,SCS::SHAO2017_P018,P018,E3,SHAO2017,10.1016/j.epsl.2017.08.019,10.1016/j.epsl.2017.08.019,2,SEDIMENTARY_DETRITAL,SEDIMENTARY_DETRITAL,,SEDIMENTARY_DETRITAL,E3a_Palawan_Mindoro_core,Guinlo Formation,10.32170277777778,119.3361111111111,126,126,E2E3_KEEP_MAIN
E3::SCS::SHAO2017_P019,SCS::SHAO2017_P019,P019,E3,SHAO2017,10.1016/j.epsl.2017.08.019,10.1016/j.epsl.2017.08.019,2,SEDIMENTARY_DETRITAL,SEDIMENTARY_DETRITAL,,SEDIMENTARY_DETRITAL,E3a_Palawan_Mindoro_core,Guinlo Formation,10.32170277777778,119.3361111111111,129,129,E2E3_KEEP_MAIN
E3::SCS::SHAO2017_P022,SCS::SHAO2017_P022,P022,E3,SHAO2017,10.1016/j.epsl.2017.08.019,10.1016/j.epsl.2017.08.019,2,SEDIMENTARY_DETRITAL,SEDIMENTARY_DETRITAL,,SEDIMENTARY_DETRITAL,E3a_Palawan_Mindoro_core,Guinlo Formation,10.83641666666667,119.3495777777778,133,133,E2E3_KEEP_MAIN
E3::SCS::SHAO2017_P023,SCS::SHAO2017_P023,P023,E3,SHAO2017,10.1016/j.epsl.2017.08.019,10.1016/j.epsl.2017.08.019,2,SEDIMENTARY_DETRITAL,SEDIMENTARY_DETRITAL,,SEDIMENTARY_DETRITAL,E3a_Palawan_Mindoro_core,Guinlo Formation,10.83641666666667,119.3495777777778,120,120,E2E3_KEEP_MAIN
E3::SCS::SUGGATE2014_PAL-5,SCS::SUGGATE2014_PAL-5,PAL-5,E3,SUGGATE2014,10.1016/j.gr.2013.07.006,10.1016/j.gr.2013.07.006,2,SEDIMENTARY_DETRITAL,SEDIMENTARY_DETRITAL,,SEDIMENTARY_DETRITAL,E3a_Palawan_Mindoro_core,Babuyan River turbidites,,,118,118,E2E3_KEEP_MAIN
E3::SCS::SUGGATE2014_PAL-8,SCS::SUGGATE2014_PAL-8,PAL-8,E3,SUGGATE2014,10.1016/j.gr.2013.07.006,10.1016/j.gr.2013.07.006,2,SEDIMENTARY_DETRITAL,SEDIMENTARY_DETRITAL,,SEDIMENTARY_DETRITAL,E3a_Palawan_Mindoro_core,PAL-8 sandstone (NPCT),,,53,53,E2E3_KEEP_MAIN
E3::EXISTING_REPAIRED::BSPM-DCEC8AB9B9C0E1DB-E3,BSPM-DCEC8AB9B9C0E1DB-E3,RZ-01,E3,10.1029/2021tc006753,10.1029/2021tc006753,10.1029/2021tc006753,1,OTHER_OR_UNSPECIFIED,SEDIMENTARY_DETRITAL,CURRENT_OTHER_TAG; SEDIMENTARY_IN_GRAIN_SOURCE,sandstone; Panas-Pandian Formation,E3a_Palawan_Mindoro_core,,9.05,117.95,77,77,E2E3_KEEP_MAIN
E3::EXISTING_REPAIRED::BSPM-3EA434152B4DF18F-E3,BSPM-3EA434152B4DF18F-E3,RZ-12b,E3,10.1029/2021tc006753,10.1029/2021tc006753,10.1029/2021tc006753,1,OTHER_OR_UNSPECIFIED,SEDIMENTARY_DETRITAL,CURRENT_OTHER_TAG; SEDIMENTARY_IN_GRAIN_SOURCE,sandstone; Panas-Pandian Formation,E3a_Palawan_Mindoro_core,,9.1,118.3,85,85,E2E3_KEEP_MAIN
E3::EXISTING_REPAIRED::BSPM-FCD3CCD3E71300D8-E3,BSPM-FCD3CCD3E71300D8-E3,MIN14A,E3,10.1111/iar.12160,10.1111/iar.12160,10.1111/iar.12160,0,MODERN_RIVER_OR_SAND,MODERN_RIVER_OR_SAND,,MODERN_RIVER_OR_SAND,E3a_Palawan_Mindoro_core,,13.46815,120.31446,22,22,E2E3_KEEP_MAIN
E3::SCS::PCT_P003,SCS::PCT_P003,P003,E3,CAO2020,10.1130/B35707.1,10.1130/b35707.1,1,SEDIMENTARY_DETRITAL,SEDIMENTARY_DETRITAL,,SEDIMENTARY_DETRITAL,E3a_Palawan_Mindoro_core,Bacuit Fm. (Malampaya Sound Group),11.33618055555556,119.4535361111111,98,98,E2E3_KEEP_MAIN
E3::SCS::PCT_P005,SCS::PCT_P005,P005,E3,CAO2020,10.1130/B35707.1,10.1130/b35707.1,1,SEDIMENTARY_DETRITAL,SEDIMENTARY_DETRITAL,,SEDIMENTARY_DETRITAL,E3a_Palawan_Mindoro_core,Bacuit Fm.,11.33618055555556,119.4535361111111,95,95,E2E3_KEEP_MAIN
E3::SCS::PCT_P006,SCS::PCT_P006,P006,E3,CAO2020,10.1130/B35707.1,10.1130/b35707.1,1,SEDIMENTARY_DETRITAL,SEDIMENTARY_DETRITAL,,SEDIMENTARY_DETRITAL,E3a_Palawan_Mindoro_core,Bacuit Fm.,11.29408055555556,119.5621805555556,122,122,E2E3_KEEP_MAIN
E3::SCS::PCT_P007,SCS::PCT_P007,P007,E3,CAO2020,10.1130/B35707.1,10.1130/b35707.1,1,SEDIMENTARY_DETRITAL,SEDIMENTARY_DETRITAL,,SEDIMENTARY_DETRITAL,E3a_Palawan_Mindoro_core,Bacuit Fm.,11.14966944444444,119.3976833333333,117,117,E2E3_KEEP_MAIN
E3::EXISTING_REPAIRED::BSPM-59CA221D3EBE3474-E3,BSPM-59CA221D3EBE3474-E3,P024,E3,10.1130/b35707.1,10.1130/b35707.1,10.1130/b35707.1,1,OTHER_OR_UNSPECIFIED,SEDIMENTARY_DETRITAL,CURRENT_OTHER_TAG; SEDIMENTARY_IN_GRAIN_SOURCE,detrital sediment; Isugod Formation,E3a_Palawan_Mindoro_core,,,,137,137,E2E3_KEEP_MAIN
E3::EXISTING_REPAIRED::BSPM-45E4187BE443A5CB-E3,BSPM-45E4187BE443A5CB-E3,P025,E3,10.1130/b35707.1,10.1130/b35707.1,10.1130/b35707.1,1,OTHER_OR_UNSPECIFIED,SEDIMENTARY_DETRITAL,CURRENT_OTHER_TAG; SEDIMENTARY_IN_GRAIN_SOURCE,detrital sediment; Isugod Formation,E3a_Palawan_Mindoro_core,,,,119,119,E2E3_KEEP_MAIN
E3::EXISTING_REPAIRED::BSPM-A70956C87A2E4851-E3,BSPM-A70956C87A2E4851-E3,MIN-06,E3,10.3390/geosciences16010017,10.3390/geosciences16010017,10.3390/geosciences16010017,3,OTHER_OR_UNSPECIFIED,MODERN_RIVER_OR_SAND,CURRENT_OTHER_TAG; RIVER_SEDIMENT_IN_GRAIN_SOURCE,modern river sediment,E3a_Palawan_Mindoro_core,,,,89,89,E2E3_KEEP_MAIN
E3::EXISTING_REPAIRED::BSPM-E90070124D4956E0-E3,BSPM-E90070124D4956E0-E3,MIN-09,E3,10.3390/geosciences16010017,10.3390/geosciences16010017,10.3390/geosciences16010017,3,OTHER_OR_UNSPECIFIED,MODERN_RIVER_OR_SAND,CURRENT_OTHER_TAG; RIVER_SEDIMENT_IN_GRAIN_SOURCE,modern river sediment,E3a_Palawan_Mindoro_core,,,,82,82,E2E3_KEEP_MAIN
E3::EXISTING_REPAIRED::BSPM-8BA2B640123C951C-E3,BSPM-8BA2B640123C951C-E3,MIN-21A,E3,10.3390/geosciences16010017,10.3390/geosciences16010017,10.3390/geosciences16010017,3,OTHER_OR_UNSPECIFIED,MODERN_RIVER_OR_SAND,CURRENT_OTHER_TAG; RIVER_SEDIMENT_IN_GRAIN_SOURCE,modern river sediment,E3a_Palawan_Mindoro_core,,,,48,48,E2E3_KEEP_MAIN
E3::SCS::KNITTEL2026_MIN12B,SCS::KNITTEL2026_MIN12B,MIN12-B,E3,KNITTEL2026,10.3390/geosciences16010017,10.3390/geosciences16010017,3,SEDIMENTARY_DETRITAL,SEDIMENTARY_DETRITAL,,SEDIMENTARY_DETRITAL,E3a_Palawan_Mindoro_core,Lasala Fm. clastic unit,,,71,71,E2E3_KEEP_MAIN
E3::SCS::KNITTEL2026_MIN13,SCS::KNITTEL2026_MIN13,MIN13,E3,KNITTEL2026,10.3390/geosciences16010017,10.3390/geosciences16010017,3,SEDIMENTARY_DETRITAL,SEDIMENTARY_DETRITAL,,SEDIMENTARY_DETRITAL,E3a_Palawan_Mindoro_core,Lasala Fm. clastic unit,,,101,101,E2E3_KEEP_MAIN
E3::SCS::KNITTEL2026_MIN17A,SCS::KNITTEL2026_MIN17A,MIN17-A,E3,KNITTEL2026,10.3390/geosciences16010017,10.3390/geosciences16010017,3,MODERN_RIVER_OR_SAND,MODERN_RIVER_OR_SAND,,MODERN_RIVER_OR_SAND,E3a_Palawan_Mindoro_core,unit unresolved (see source table),,,42,42,E2E3_KEEP_MAIN
E3::SCS::KNITTEL2026_MIN19,SCS::KNITTEL2026_MIN19,MIN19,E3,KNITTEL2026,10.3390/geosciences16010017,10.3390/geosciences16010017,3,MODERN_RIVER_OR_SAND,MODERN_RIVER_OR_SAND,,MODERN_RIVER_OR_SAND,E3a_Palawan_Mindoro_core,unit unresolved (see source table),,,36,36,E2E3_KEEP_MAIN
E3::SCS::KNITTEL2026_MIN20A,SCS::KNITTEL2026_MIN20A,MIN20-A,E3,KNITTEL2026,10.3390/geosciences16010017,10.3390/geosciences16010017,3,MODERN_RIVER_OR_SAND,MODERN_RIVER_OR_SAND,,MODERN_RIVER_OR_SAND,E3a_Palawan_Mindoro_core,unit unresolved (see source table),,,49,49,E2E3_KEEP_MAIN
E3::SCS::KNITTEL2026_MIN40A,SCS::KNITTEL2026_MIN40A,MIN40-A,E3,KNITTEL2026,10.3390/geosciences16010017,10.3390/geosciences16010017,3,MODERN_RIVER_OR_SAND,MODERN_RIVER_OR_SAND,,MODERN_RIVER_OR_SAND,E3a_Palawan_Mindoro_core,unit unresolved (see source table),,,32,32,E2E3_KEEP_MAIN
E3::SCS::KNITTEL2026_MIN41,SCS::KNITTEL2026_MIN41,MIN41,E3,KNITTEL2026,10.3390/geosciences16010017,10.3390/geosciences16010017,3,MODERN_RIVER_OR_SAND,MODERN_RIVER_OR_SAND,,MODERN_RIVER_OR_SAND,E3a_Palawan_Mindoro_core,unit unresolved (see source table),,,65,65,E2E3_KEEP_MAIN
