,balanced_accuracy_score,Parents,Variation_Function,Individual,Generation,Submitted Timestamp,Completed Timestamp,Eval Error,Pareto_Front,Instance
0,0.3333333333333333,,,<tpot.search_spaces.pipelines.sequential.SequentialPipelineIndividual object at 0x0000022123233110>,0.0,1790656967.7445414,1790656969.6670752,None,1.0,"Pipeline(steps=[('maxabsscaler', MaxAbsScaler()),
                ('rfe',
                 RFE(estimator=ExtraTreesClassifier(bootstrap=np.False_,
                                                    class_weight='balanced',
                                                    criterion=np.str_('entropy'),
                                                    max_features=0.0865195823122,
                                                    min_samples_leaf=15,
                                                    min_samples_split=10,
                                                    n_jobs=1,
                                                    random_state=999001),
                     step=0.8988813937588)),
                ('featureunion-1',
                 FeatureUnion(transformer_list=[('featureunion'...
                               feature_types=None, feature_weights=None,
                               gamma=0.0326141283038, grow_policy=None,
                               importance_type=None,
                               interaction_constraints=None,
                               learning_rate=0.0043843850653, max_bin=None,
                               max_cat_threshold=None, max_cat_to_onehot=None,
                               max_delta_step=None, max_depth=3,
                               max_leaves=None, min_child_weight=20,
                               missing=nan, monotone_constraints=None,
                               multi_strategy=None, n_estimators=100, n_jobs=1,
                               nthread=1, ...))])"
1,,,,<tpot.search_spaces.pipelines.sequential.SequentialPipelineIndividual object at 0x000002212324D6E0>,0.0,1790656961.9641526,1790656967.652907,'INVALID',,"Pipeline(steps=[('normalizer', Normalizer(norm=np.str_('max'))),
                ('selectfrommodel',
                 SelectFromModel(estimator=ExtraTreesClassifier(bootstrap=np.True_,
                                                                class_weight='balanced',
                                                                criterion=np.str_('entropy'),
                                                                max_features=0.5242013752513,
                                                                min_samples_leaf=10,
                                                                min_samples_split=20,
                                                                n_jobs=1,
                                                                random_state=999001),
                                 threshold=0.0302539584029)),
                ('featureunion-1',
                 Fea...
                                                                                ('estimatortransformer-2',
                                                                                 EstimatorTransformer(cross_val_predict_cv=StratifiedKFold(n_splits=5, random_state=42, shuffle=True),
                                                                                                      estimator=AdaBoostClassifier(learning_rate=1.8315668823192,
                                                                                                                                   n_estimators=423,
                                                                                                                                   random_state=999001)))])),
                                                ('passthrough',
                                                 Passthrough())])),
                ('kneighborsclassifier',
                 KNeighborsClassifier(n_jobs=1, n_neighbors=9,
                                      weights=np.str_('uniform')))])"
