sample_instance_uid,reference_class,Pearson_R2_KDE,KS_ECDF,Wasserstein_1_Ma,Pearson_r_signed
Li2021_JOceanLimnol_11LA-1,E1,0.19103541811566588,0.6205964880511844,672.8615681865517,0.43707598666097625
Li2021_JOceanLimnol_11LA-1,E2,0.5349879493088681,0.1979564395390241,277.3256789828482,0.7314287041871327
Li2021_JOceanLimnol_11LA-1,E3,0.38889624367861336,0.45821986299572226,410.7960565278501,0.6236154613851499
Zhang2025_JEarthSci_17SB-08A,E1,0.6369144340715546,0.31443173852512935,129.22927892030555,0.7980691912807777
Zhang2025_JEarthSci_17SB-08A,E2,0.29405410947486826,0.5653255825475274,471.0863416646842,0.5422675626246404
Zhang2025_JEarthSci_17SB-08A,E3,0.8681107172682806,0.27657737969305374,333.63981563601214,0.931724593036097
Zhang2025_JEarthSci_17SB-11,E1,0.3507638434628788,0.4772029779001884,480.5888671899767,0.592253192024221
Zhang2025_JEarthSci_17SB-11,E2,0.37771862580753157,0.2040275868574365,155.68118669526766,0.6145881757791404
Zhang2025_JEarthSci_17SB-11,E3,0.6726700080227527,0.29637781419733933,219.39774375912953,0.8201646225135248
Zhang2025_JEarthSci_17SB-12,E1,0.4553676828915415,0.5211340196522241,487.0587891424456,0.6748093678154902
Zhang2025_JEarthSci_17SB-12,E2,0.4938453229568021,0.17388080962314717,178.80003990733627,0.7027412916264435
Zhang2025_JEarthSci_17SB-12,E3,0.7829654962066747,0.27007248859860766,229.470631383703,0.8848533755412106
Zhang2025_JEarthSci_17SB-13,E1,0.7174080910875427,0.2005409924904049,151.26031414599657,0.8469994634517443
Zhang2025_JEarthSci_17SB-13,E2,0.0642017136524071,0.7578904064616405,531.4407366614496,0.25338057078712073
Zhang2025_JEarthSci_17SB-13,E3,0.7638264780803786,0.4217240469014169,391.4598478879179,0.8739716689231858
Zhang2025_JEarthSci_17SB-14A,E1,0.2104348845934211,0.5975763576501798,695.2705534913749,0.45873182208499674
Zhang2025_JEarthSci_17SB-14A,E2,0.3679840792049147,0.28378885404194765,322.0915230830679,0.6066169130554429
Zhang2025_JEarthSci_17SB-14A,E3,0.49353061832354833,0.4143395935640428,434.42524903694505,0.702517343788428
Zhang2025_JEarthSci_17SB-24,E1,0.37949204987989327,0.5709349604386945,653.8096693003183,0.616029260571195
Zhang2025_JEarthSci_17SB-24,E2,0.5408811208075074,0.2182823333599635,284.59823043702414,0.7354462052438012
Zhang2025_JEarthSci_17SB-24,E3,0.611562208866583,0.3363305222498845,391.7419472491642,0.7820244298400038
Zhang2025_JEarthSci_17SB-26,E1,0.6766224938193328,0.3695159212755136,184.39335832997844,0.8225706619004429
Zhang2025_JEarthSci_17SB-26,E2,0.18373243437785894,0.3340452748940089,257.4397255769663,0.4286402155396282
Zhang2025_JEarthSci_17SB-26,E3,0.4917672431873974,0.23489503866129358,191.19085493118928,0.7012611804366454
Zhang2025_JEarthSci_17SB-9,E1,0.22833469102833037,0.5754740370033453,561.9417846803465,0.47784379354380063
Zhang2025_JEarthSci_17SB-9,E2,0.49436851677414206,0.19706843513244476,189.46590342857283,0.7031134451666687
Zhang2025_JEarthSci_17SB-9,E3,0.5750740547554376,0.35208872879608516,302.8190813379091,0.7583363730927309
HennigBreitfeld2019_EarthSciRev_LTB-2,E1,0.722289828434998,0.31954279260951046,325.16406474281996,0.8498763606754797
HennigBreitfeld2019_EarthSciRev_LTB-2,E2,0.20197466996734872,0.36799212755454336,174.54091254915528,0.44941592090996146
HennigBreitfeld2019_EarthSciRev_LTB-2,E3,0.8474171107527724,0.12426473371648428,83.67408805900409,0.9205526116158557
HennigBreitfeld2019_EarthSciRev_LTB-4,E1,0.6937725148476103,0.4111257672627864,400.0517494927356,0.8329300780063176
HennigBreitfeld2019_EarthSciRev_LTB-4,E2,0.4591823199820605,0.25016846038884627,177.96070663099403,0.6776299284875635
HennigBreitfeld2019_EarthSciRev_LTB-4,E3,0.8570424893761022,0.17366804529097446,142.96394481499075,0.9257658933964364
HennigBreitfeld2019_EarthSciRev_LTB-5,E1,0.7391666909981318,0.34367557219221545,267.8198909620551,0.8597480392522753
HennigBreitfeld2019_EarthSciRev_LTB-5,E2,0.35187669984185466,0.3466131375766096,181.66196267781459,0.5931919586793593
HennigBreitfeld2019_EarthSciRev_LTB-5,E3,0.9399684694056923,0.09834736612402062,69.39384425639753,0.9695197106844669
HennigBreitfeld2019_EarthSciRev_MB-01,E1,0.6630966084154977,0.40242967730099416,528.8666968466397,0.814307440967782
HennigBreitfeld2019_EarthSciRev_MB-01,E2,0.2870752214977417,0.2746417439228298,265.72818956377705,0.5357940103227561
HennigBreitfeld2019_EarthSciRev_MB-01,E3,0.8566935945341064,0.19192610428858592,269.4606578134917,0.9255774384318723
HennigBreitfeld2019_EarthSciRev_MB-03,E1,0.668037549585491,0.3574818278500592,332.0452512650365,0.8173356407165241
HennigBreitfeld2019_EarthSciRev_MB-03,E2,0.4220188659110198,0.313467998127821,197.73321692501577,0.6496297914281793
HennigBreitfeld2019_EarthSciRev_MB-03,E3,0.8738201937385662,0.10818650571838206,94.51118080656903,0.9347835009982612
HennigBreitfeld2019_EarthSciRev_MB-07,E1,0.7822978586403915,0.2355099085205411,54.6338398651404,0.8844760362160139
HennigBreitfeld2019_EarthSciRev_MB-07,E2,0.20577203120996046,0.5692575980149672,419.8311905190248,0.4536210215697245
HennigBreitfeld2019_EarthSciRev_MB-07,E3,0.8600215370019663,0.2748940389042991,279.8558540947523,0.9273734614501141
HennigBreitfeld2019_EarthSciRev_MB-11,E1,0.5275549168582925,0.407049180341943,331.63723971381916,0.7263297576571488
HennigBreitfeld2019_EarthSciRev_MB-11,E2,0.3107437679367656,0.2936840322226614,182.75864337514926,0.5574439594584962
HennigBreitfeld2019_EarthSciRev_MB-11,E3,0.8382436056717136,0.2060669564108092,107.45869803303026,0.915556445923305
HennigBreitfeld2019_EarthSciRev_MB-12,E1,0.5967025921964967,0.3750925775137106,256.69542788075546,0.7724652692493668
HennigBreitfeld2019_EarthSciRev_MB-12,E2,0.5619177532643512,0.3195011564856257,186.19760298607494,0.7496117350097657
HennigBreitfeld2019_EarthSciRev_MB-12,E3,0.8722829459655722,0.13305359663101202,86.29898482793082,0.9339608910257282
HennigBreitfeld2019_EarthSciRev_TA-01,E1,0.589903673046589,0.3432850468385472,57.64761089644179,0.7680518687215004
HennigBreitfeld2019_EarthSciRev_TA-01,E2,0.11767787952651212,0.6063880274748495,347.4798816180523,0.34304209585196993
HennigBreitfeld2019_EarthSciRev_TA-01,E3,0.8046104982651382,0.24320593956614261,210.16727719865094,0.897000835152977
HennigBreitfeld2019_EarthSciRev_TA-04,E1,0.6483802611512877,0.31469462130663234,73.14312655369108,0.8052206288659572
HennigBreitfeld2019_EarthSciRev_TA-04,E2,0.265891649765538,0.49668936802378943,334.2412156852472,0.5156468265834068
HennigBreitfeld2019_EarthSciRev_TA-04,E3,0.8752088312587045,0.19713161046580208,194.29398088900663,0.9355259650371573
HennigBreitfeld2019_EarthSciRev_TB-199b,E1,0.4959343132410554,0.413842361544618,81.6178039958607,0.7042260384571529
HennigBreitfeld2019_EarthSciRev_TB-199b,E2,0.10701890954695767,0.655446642516605,331.7798793681671,0.32713744748493356
HennigBreitfeld2019_EarthSciRev_TB-199b,E3,0.7533387404147796,0.2607562127022088,193.1704317672914,0.867950885946192
HennigBreitfeld2019_EarthSciRev_TB-200a,E1,0.29601834582794057,0.5801155588939925,489.51415994055935,0.5440756802393768
HennigBreitfeld2019_EarthSciRev_TB-200a,E2,0.6794181029193977,0.13902237414905771,157.13486117300135,0.8242682226796068
HennigBreitfeld2019_EarthSciRev_TB-200a,E3,0.6504153662628784,0.32412371948939633,229.19556589347377,0.806483332910779
HennigBreitfeld2019_EarthSciRev_TB-201,E1,0.6440973892720088,0.356206315383035,48.68936884665977,0.802556782584266
HennigBreitfeld2019_EarthSciRev_TB-201,E2,0.10751425206272573,0.63273783673256,403.66911488367697,0.32789365968668216
HennigBreitfeld2019_EarthSciRev_TB-201,E3,0.813198161469104,0.25675123244278886,267.6313742586285,0.9017750060126439
HennigBreitfeld2019_EarthSciRev_TB-54,E1,0.5875932321447196,0.3762813996994393,43.307814951300635,0.7665463013704519
HennigBreitfeld2019_EarthSciRev_TB-54,E2,0.08788572380454156,0.6270790705351617,369.92311369232726,0.29645526442372644
HennigBreitfeld2019_EarthSciRev_TB-54,E3,0.7623349760540165,0.27644726254891494,233.97615283152697,0.8731179622788758
HennigBreitfeld2019_EarthSciRev_TB-56,E1,0.6986164164437467,0.29015584929540006,146.4632305922936,0.835832768228039
HennigBreitfeld2019_EarthSciRev_TB-56,E2,0.1819717629545639,0.6306441329237534,508.81742940332856,0.42658148454259465
HennigBreitfeld2019_EarthSciRev_TB-56,E3,0.8633780774236876,0.3396271544004532,371.04583626148195,0.929181401785296
White2016_GondwanaRes_R1,E1,0.5652613759212501,0.3372235824378136,132.4544605449957,0.7518386634918759
White2016_GondwanaRes_R1,E2,0.03571261413575372,0.47529879711656564,315.48175491462194,0.18897781387177098
White2016_GondwanaRes_R1,E3,0.2881944481755452,0.34252901997348356,223.56507472304625,0.5368374504219552
White2016_GondwanaRes_R4,E1,0.6579340906832114,0.2735566668275469,121.39037554372383,0.8111313646279568
White2016_GondwanaRes_R4,E2,0.05549928230922201,0.602026907715644,462.06261150832916,0.23558285656902545
White2016_GondwanaRes_R4,E3,0.31007229682641646,0.5376354578026393,324.93110814001307,0.556841356964815
Galin2017_GondwanaRes_TB179a,E1,0.7482541321368195,0.41557233763365065,383.45126434262465,0.8650168392215376
Galin2017_GondwanaRes_TB179a,E2,0.3810178907328523,0.28070315728661344,116.21527197627994,0.6172664665546415
Galin2017_GondwanaRes_TB179a,E3,0.7160762534249617,0.24561436663530228,167.81332243593755,0.8462128889499153
Galin2017_GondwanaRes_TB189a,E1,0.8511897536527937,0.24600784493586192,298.45879694381136,0.922599454613319
Galin2017_GondwanaRes_TB189a,E2,0.17806734592474854,0.41920245602434136,160.90894362439101,0.42198026722199766
Galin2017_GondwanaRes_TB189a,E3,0.7276586858139692,0.16556808392638858,116.58294471241354,0.8530291236610678
Galin2017_GondwanaRes_TB193,E1,0.6843216599125561,0.28751628256081346,101.81251341603111,0.8272373661244734
Galin2017_GondwanaRes_TB193,E2,0.047688573686047245,0.7429272074743101,468.3819784703124,0.21837713636286937
Galin2017_GondwanaRes_TB193,E3,0.7151996678965281,0.4163914509393606,330.4721288048636,0.8456947841251761
Galin2017_GondwanaRes_TB195,E1,0.4519957182458563,0.49435601294589204,421.2755807842131,0.6723062681887298
Galin2017_GondwanaRes_TB195,E2,0.6197441758164757,0.1923985349972856,172.19789109658097,0.7872383221213737
Galin2017_GondwanaRes_TB195,E3,0.7915573583636705,0.23834991596797417,161.46699286052774,0.8896950929187316
Galin2017_GondwanaRes_TB199a,E1,0.4728401796858415,0.4297655762171705,71.94138117056663,0.6876337540332365
Galin2017_GondwanaRes_TB199a,E2,0.04209290978400233,0.7582985416896593,422.88812172072755,0.20516556676012263
Galin2017_GondwanaRes_TB199a,E3,0.6725695173809008,0.3816269606940674,289.4835753544465,0.8201033577427304
Galin2017_GondwanaRes_TB203a,E1,0.5195838571761995,0.4760356861665388,451.16784520879446,0.7208216542087228
Galin2017_GondwanaRes_TB203a,E2,0.6077673609545892,0.18281242603293035,177.85948285340237,0.7795943566718458
Galin2017_GondwanaRes_TB203a,E3,0.8131453626068216,0.23538811399125062,191.24685304001642,0.9017457305731043
Galin2017_GondwanaRes_TB238,E1,0.6263822120194299,0.35672208314018206,265.727810539609,0.7914431198888711
Galin2017_GondwanaRes_TB238,E2,0.17836543523914655,0.3927758630599264,196.30405309918027,0.42233332243519045
Galin2017_GondwanaRes_TB238,E3,0.8510811799953498,0.1251445728316175,60.3632821137176,0.9225406115696749
Galin2017_GondwanaRes_TB241,E1,0.7982924130676554,0.240276566544774,50.400910247646294,0.893472110962427
Galin2017_GondwanaRes_TB241,E2,0.1111268560711758,0.6462134206786118,420.40011117555605,0.3333569499368144
Galin2017_GondwanaRes_TB241,E3,0.775372542010992,0.30232819631820224,280.4173055260913,0.8805524073052052
Galin2017_GondwanaRes_TB39,E1,0.8011199842600039,0.17541969891432457,139.0892330943647,0.8950530622594416
Galin2017_GondwanaRes_TB39,E2,0.1275545314558259,0.5520145521674074,314.1933845910979,0.35714777257575875
Galin2017_GondwanaRes_TB39,E3,0.7445312049886221,0.29288074829479155,129.50216727836533,0.8628622166885175
Galin2017_GondwanaRes_TB40,E1,0.8278717357596054,0.2165513488275067,202.48894042483775,0.9098745714435619
Galin2017_GondwanaRes_TB40,E2,0.14393251882875022,0.4616179635542646,208.26929505633993,0.3793843945508964
Galin2017_GondwanaRes_TB40,E3,0.7410409671833895,0.171392377560837,93.22121720920322,0.8608373639563919
Galin2017_GondwanaRes_TB43b,E1,0.7173565043182335,0.2373153898439245,173.52732656706127,0.8469690102466757
Galin2017_GondwanaRes_TB43b,E2,0.046200402857942136,0.8116129130121509,547.2871594263192,0.21494278973238934
Galin2017_GondwanaRes_TB43b,E3,0.7100286147983264,0.4628218370454185,407.49724782605733,0.8426319569054608
Galin2017_GondwanaRes_TB47,E1,0.6399756901426473,0.3280689166202321,112.92594983656457,0.7999848061948722
Galin2017_GondwanaRes_TB47,E2,0.2814790415172749,0.5885339497615311,456.44843007934804,0.5305459843569404
Galin2017_GondwanaRes_TB47,E3,0.9115900211372118,0.2937549923777171,319.29814746058577,0.9547722352148766
BreitfeldHall2018_GondwanaRes_STB01,E1,0.7747926015939681,0.31484436279880107,203.12117989886875,0.8802230408220226
BreitfeldHall2018_GondwanaRes_STB01,E2,0.3402002517203328,0.35085709060181014,219.81586213290004,0.5832668786416153
BreitfeldHall2018_GondwanaRes_STB01,E3,0.7312822134990888,0.14949215151368767,137.70331524808591,0.8551504040220579
BreitfeldHall2018_GondwanaRes_STB10,E1,0.699227001586697,0.31538808242361654,123.40934420782425,0.8361979440220462
BreitfeldHall2018_GondwanaRes_STB10,E2,0.5184829607739693,0.41521096859750334,342.0210848838347,0.7200576093438422
BreitfeldHall2018_GondwanaRes_STB10,E3,0.6879756877619597,0.1550314966664318,215.02208303495573,0.8294429985007769
BreitfeldHall2018_GondwanaRes_STB18a,E1,0.7719659556751205,0.2522001062204824,159.93641091235557,0.8786159318354753
BreitfeldHall2018_GondwanaRes_STB18a,E2,0.04067943347461148,0.7836352688421638,542.9467999673984,0.20169143133661252
BreitfeldHall2018_GondwanaRes_STB18a,E3,0.5236720950131485,0.5341322095763464,404.09712483323887,0.7236519156425611
BreitfeldHall2018_GondwanaRes_STB18b,E1,0.79023729799692,0.2330251486266457,139.0168042571662,0.8889529222613085
BreitfeldHall2018_GondwanaRes_STB18b,E2,0.21753808067347405,0.4311448236151196,285.2909046610919,0.46640977763493985
BreitfeldHall2018_GondwanaRes_STB18b,E3,0.5712818977047864,0.29427746128549226,147.65944605637603,0.7558319242429407
BreitfeldHall2018_GondwanaRes_STB20a,E1,0.6816149629040724,0.4125425406776462,219.30637043216495,0.8255997595106678
BreitfeldHall2018_GondwanaRes_STB20a,E2,0.011651567621026584,0.9269431429428506,598.6942013280852,0.10794242734451817
BreitfeldHall2018_GondwanaRes_STB20a,E3,0.4996139063353785,0.6933923659480199,460.028496331856,0.7068337190141529
BreitfeldHall2018_GondwanaRes_STB21,E1,0.6930389713712048,0.2185719055262777,104.52526965478177,0.8324896223804864
BreitfeldHall2018_GondwanaRes_STB21,E2,0.01695600986856414,0.7108948913935831,362.3922353089242,0.1302152443785448
BreitfeldHall2018_GondwanaRes_STB21,E3,0.4524339771620591,0.5048348945480603,227.87154331360637,0.6726321261745227
BreitfeldHall2018_GondwanaRes_STB48c,E1,0.7091175523831845,0.30727184188133083,120.98656987269727,0.8420911781886713
BreitfeldHall2018_GondwanaRes_STB48c,E2,0.281604092829064,0.4624689835726705,285.2478651987609,0.5306638228003338
BreitfeldHall2018_GondwanaRes_STB48c,E3,0.947539215032967,0.09679358289523532,144.76532275869127,0.9734162598975666
BreitfeldHall2018_GondwanaRes_STB50,E1,0.8116039543777528,0.16829193132261538,89.72698391628839,0.9008906450717272
BreitfeldHall2018_GondwanaRes_STB50,E2,0.26599222873798406,0.523543724228982,438.358013348434,0.5157443443586988
BreitfeldHall2018_GondwanaRes_STB50,E3,0.5894539294820662,0.3241206211424955,299.62094218837933,0.7677590308697555
BreitfeldHall2018_GondwanaRes_STB74b,E1,0.6297302041131801,0.4297593095365227,355.9561728608227,0.7935554196860987
BreitfeldHall2018_GondwanaRes_STB74b,E2,0.5987458916749496,0.24035669434230456,120.3387164482129,0.773786722343405
BreitfeldHall2018_GondwanaRes_STB74b,E3,0.8572752775411792,0.20782335969501664,127.80334817199639,0.9258916121993865
BreitfeldHall2018_GondwanaRes_STB75,E1,0.07584830364844093,0.6947202869931259,263.6614967192874,0.2754057073635928
BreitfeldHall2018_GondwanaRes_STB75,E2,0.5300663962889922,0.37667342784098823,227.72404655253678,0.7280565886584588
BreitfeldHall2018_GondwanaRes_STB75,E3,0.33124594325368295,0.4444720019321444,109.41936469431948,0.5755396973742845
BreitfeldHall2018_GondwanaRes_STB75b,E1,0.035188555664966384,0.751720141210446,192.19821019766067,0.18758612865818833
BreitfeldHall2018_GondwanaRes_STB75b,E2,0.49413745566065054,0.4344754054849617,253.2670004802567,0.7029491131373953
BreitfeldHall2018_GondwanaRes_STB75b,E3,0.2637846420343209,0.4970310567725368,192.14662701013538,0.5135996904538795
BreitfeldHall2018_GondwanaRes_STB77,E1,0.03571673432984142,0.7693688457802259,156.78043176815657,0.18898871482139196
BreitfeldHall2018_GondwanaRes_STB77,E2,0.5356448828581664,0.5158225197094924,372.04297766435377,0.7318776419991024
BreitfeldHall2018_GondwanaRes_STB77,E3,0.258456086274507,0.5204122492596375,318.1936710510783,0.508385765216245
BreitfeldHall2018_GondwanaRes_STB88,E1,0.8068114228559103,0.2236323951581406,86.18945014003363,0.8982268214966141
BreitfeldHall2018_GondwanaRes_STB88,E2,0.23425611460939302,0.5039662721867765,376.5370169205104,0.4840001183981188
BreitfeldHall2018_GondwanaRes_STB88,E3,0.9143011770124128,0.15424988496793124,237.33944115679137,0.9561909730866595
BreitfeldHall2018_GondwanaRes_STB95,E1,0.818117645283577,0.2273489698318969,134.50729850740208,0.9044985601335013
BreitfeldHall2018_GondwanaRes_STB95,E2,0.17108436047002082,0.5007136347461293,284.65210417821675,0.4136234525145072
BreitfeldHall2018_GondwanaRes_STB95,E3,0.7761842388291782,0.20103003426664906,135.5808732347232,0.8810131887941168
BreitfeldHall2018_GondwanaRes_TB119,E1,0.8700397163918806,0.24186978232908574,162.70484782070974,0.9327591952866938
BreitfeldHall2018_GondwanaRes_TB119,E2,0.36248711892661295,0.42819410996331586,241.07967408232093,0.6020690316953804
BreitfeldHall2018_GondwanaRes_TB119,E3,0.7943071524582521,0.15536450025376847,108.00405924617733,0.8912391107094954
BreitfeldHall2018_GondwanaRes_TB121,E1,0.8160951901849496,0.18699157587508286,64.33329909336011,0.9033798703673608
BreitfeldHall2018_GondwanaRes_TB121,E2,0.11761047725730006,0.575435345641852,377.3285428742719,0.34294383980077564
BreitfeldHall2018_GondwanaRes_TB121,E3,0.7045878958279249,0.3242583037214114,237.6904630245456,0.8393973408511162
BreitfeldHall2018_GondwanaRes_TB124b,E1,0.6960634210918628,0.35215962256066224,214.510912424172,0.8343041538263266
BreitfeldHall2018_GondwanaRes_TB124b,E2,0.01684287529902134,0.9032809289186726,593.2822644701566,0.12978010363311218
BreitfeldHall2018_GondwanaRes_TB124b,E3,0.5479118087638564,0.6123466810478895,454.5634338987206,0.7402106516146983
BreitfeldHall2018_GondwanaRes_TB144,E1,0.7646239898145283,0.31209354352102686,306.23127362040924,0.8744278070913163
BreitfeldHall2018_GondwanaRes_TB144,E2,0.2905630454504027,0.36299658633364856,232.05290233806892,0.5390390017896689
BreitfeldHall2018_GondwanaRes_TB144,E3,0.9009864483222723,0.114120655112803,53.79848222557811,0.9492030595832865
BreitfeldHall2018_GondwanaRes_TB167,E1,0.7412922377455489,0.31214197175146075,151.67394767056945,0.8609832970189079
BreitfeldHall2018_GondwanaRes_TB167,E2,0.3573896316248356,0.3999631202471836,255.97997161149456,0.5978207353587157
BreitfeldHall2018_GondwanaRes_TB167,E3,0.9376387441313419,0.08695927880731835,114.10924481014919,0.9683174810625603
BreitfeldHall2018_GondwanaRes_TB171,E1,0.7450191563555333,0.32337661768142095,206.19066682176796,0.863144921989079
BreitfeldHall2018_GondwanaRes_TB171,E2,0.4067978915753411,0.3481013568120075,210.58568489364075,0.6378070958960406
BreitfeldHall2018_GondwanaRes_TB171,E3,0.9178029736072532,0.08327507929733058,97.84997006956529,0.9580203409151881
BreitfeldHall2018_GondwanaRes_TB21,E1,0.8075910850654412,0.17697214578712278,67.98836131822934,0.8986607174375885
BreitfeldHall2018_GondwanaRes_TB21,E2,0.06661849646088983,0.5984020528577411,353.6711811417929,0.2581055916885371
BreitfeldHall2018_GondwanaRes_TB21,E3,0.5382658749470238,0.3759403422253792,214.73547430875314,0.7336660513796613
BreitfeldHall2018_GondwanaRes_TB210,E1,0.6302390380772056,0.3746038875817998,247.63819423290758,0.7938759588734285
BreitfeldHall2018_GondwanaRes_TB210,E2,0.4904926260273167,0.2878147928758085,171.75376402598297,0.7003517873378469
BreitfeldHall2018_GondwanaRes_TB210,E3,0.9298436665631868,0.11985649147988392,97.28016178834635,0.9642840175815354
BreitfeldHall2018_GondwanaRes_TB218,E1,0.6283890381485203,0.44833117291957203,360.24553075597254,0.7927099331713463
BreitfeldHall2018_GondwanaRes_TB218,E2,0.5935937440956979,0.21519723149420222,138.58814548624898,0.7704503514800275
BreitfeldHall2018_GondwanaRes_TB218,E3,0.8193678112666545,0.21662879083015013,124.30371701090027,0.9051893786753435
BreitfeldHall2018_GondwanaRes_TB227,E1,0.9046738796755464,0.14955441306760864,77.5891967915843,0.95114345904051
BreitfeldHall2018_GondwanaRes_TB227,E2,0.21608388118314473,0.5417382016723784,400.84251530534965,0.4648482345703216
BreitfeldHall2018_GondwanaRes_TB227,E3,0.7603620097945456,0.22989220066986019,261.23484824395075,0.871987390846075
BreitfeldHall2018_GondwanaRes_TB60a,E1,0.027975614463914982,0.7640649984052937,153.30340643692796,0.16725912370903712
BreitfeldHall2018_GondwanaRes_TB60a,E2,0.39792865592135046,0.4645338538585658,293.5870946062526,0.6308158653056773
BreitfeldHall2018_GondwanaRes_TB60a,E3,0.24737249731114633,0.5165126783571471,245.67392826330547,0.4973655570213385
BreitfeldHall2018_GondwanaRes_TB89b,E1,0.7707140991555326,0.3258626670643393,200.62980874621064,0.8779032402010671
BreitfeldHall2018_GondwanaRes_TB89b,E2,0.022034671111410522,0.8769713445311806,585.787678475513,0.14844080002280546
BreitfeldHall2018_GondwanaRes_TB89b,E3,0.5463854935472692,0.5952714735336826,446.5538855158968,0.7391789320234101
Witts2012_JAES_BT236,E1,0.4623735002442074,0.439019215417704,197.50608184405746,0.6799805146062697
Witts2012_JAES_BT236,E2,0.05896643584743138,0.3666112168043874,212.4454579020464,0.24283005548620085
Witts2012_JAES_BT236,E3,0.2797785912658485,0.29530000073609236,155.5313421561547,0.5289410092494705
Witts2012_JAES_BT239,E1,0.5823231328221323,0.3628836733370299,175.2123555472203,0.7631009977860941
Witts2012_JAES_BT239,E2,0.044738769279222164,0.4145200774573003,266.3459085298488,0.21151541144612174
Witts2012_JAES_BT239,E3,0.3273819668588352,0.2638537094132728,179.84343959525214,0.5721730217852247
Witts2012_JAES_BT303,E1,0.6764325147831147,0.23276545609793553,72.84135403144651,0.8224551749384976
Witts2012_JAES_BT303,E2,0.03482373548347903,0.6211987911182522,406.7912240834239,0.18661118799117868
Witts2012_JAES_BT303,E3,0.3908265884838178,0.4461996340202783,269.00506528815976,0.6251612499858079
Witts2012_JAES_BT305,E1,0.639577596900097,0.2261995346802691,93.09237981145151,0.7997359544875402
Witts2012_JAES_BT305,E2,0.030483858800542437,0.5508364315251678,360.57694923801256,0.1745962737304048
Witts2012_JAES_BT305,E3,0.31213716072058056,0.4291711699790776,235.2753073247382,0.5586923667999953
Witts2012_JAES_BT321,E1,0.739980837717837,0.29694531553037506,192.40154185670502,0.8602213887818861
Witts2012_JAES_BT321,E2,0.142265691489444,0.3888979650186041,240.22209507188177,0.3771812448802883
Witts2012_JAES_BT321,E3,0.5369848628216491,0.24256004482899174,129.40810853699386,0.7327925100747477
Witts2012_JAES_BT330,E1,0.6737919306768954,0.26047307449035995,145.8713897759657,0.8208482994298614
Witts2012_JAES_BT330,E2,0.03694441150622559,0.6498868896316092,514.251141593178,0.19220929089465366
Witts2012_JAES_BT330,E3,0.34183658634460873,0.5349434686918154,375.4052778666234,0.5846679282674985
Witts2012_JAES_BT376a,E1,0.6274364103794569,0.24950461942603186,104.3067412163982,0.7921088374582478
Witts2012_JAES_BT376a,E2,0.04845311114716519,0.49548078075038793,410.22655478382626,0.22012067405667554
Witts2012_JAES_BT376a,E3,0.33643800786466443,0.3742326836806559,287.8096996298035,0.5800327644751324
vanHattum2013_JAES_03-41A,E1,0.3509689327479576,0.5320865411607014,398.22791914621746,0.5924263099727742
vanHattum2013_JAES_03-41A,E2,0.6624422295394833,0.13105059861043472,102.13316832302301,0.813905540919512
vanHattum2013_JAES_03-41A,E3,0.7333181901150152,0.27880303240616905,189.22678501726008,0.8563399967974258
vanHattum2013_JAES_03-41B,E1,0.7175765910409466,0.38571926319774574,262.9335025933992,0.8470989263604025
vanHattum2013_JAES_03-41B,E2,0.2780417140119304,0.30563411920664546,188.00832609676635,0.5272966091413166
vanHattum2013_JAES_03-41B,E3,0.5843179916479904,0.2149902140511239,98.21183003399338,0.7644069542122117
vanHattum2013_JAES_03-41C,E1,0.6840964782551208,0.2952788997596342,212.37211051223755,0.8271012503044115
vanHattum2013_JAES_03-41C,E2,0.052257297864729046,0.46770796972875045,217.6460250141294,0.22859855175553725
vanHattum2013_JAES_03-41C,E3,0.37990741974765346,0.28733283634872864,102.52530027533874,0.6163663032220803
vanHattum2013_JAES_03-43A,E1,0.7439278078102528,0.2972192332019478,53.616617211127604,0.862512497190767
vanHattum2013_JAES_03-43A,E2,0.13828466518097102,0.6032459485300119,412.2567316389964,0.3718664614898351
vanHattum2013_JAES_03-43A,E3,0.8164275630201938,0.2686507135256751,274.26976766904204,0.903563812367557
vanHattum2013_JAES_03-43B,E1,0.197079298840534,0.593027109291407,448.06532084196596,0.44393614275088483
vanHattum2013_JAES_03-43B,E2,0.7392035935700612,0.14162409819980898,140.2125723628982,0.8597695002557727
vanHattum2013_JAES_03-43B,E3,0.553431727061645,0.33445977086256334,196.45185973394976,0.7439299208001013
vanHattum2013_JAES_MVH02-087,E1,0.6361560145368025,0.354247470098902,160.04755374121865,0.7975938907343777
vanHattum2013_JAES_MVH02-087,E2,0.0916160789616096,0.6327963667496229,276.718347395148,0.3026814810351132
vanHattum2013_JAES_MVH02-087,E3,0.7424963789896085,0.2429776058453484,110.32521791293671,0.8616822958548055
vanHattum2013_JAES_MVH02-115,E1,0.12462749863056018,0.6420698617285808,531.0994356150363,0.35302620105391636
vanHattum2013_JAES_MVH02-115,E2,0.3423296823673329,0.1779433691658876,209.07729443728635,0.5850894652677767
vanHattum2013_JAES_MVH02-115,E3,0.3900297147326974,0.40881864300624515,320.0825696306484,0.6245235902131299
vanHattum2013_JAES_MVH02-116,E1,0.33525029880570356,0.5300472096917885,391.1873824721221,0.5790080300010558
vanHattum2013_JAES_MVH02-116,E2,0.6634770895839006,0.13276881153616013,96.36629724741665,0.8145410300186852
vanHattum2013_JAES_MVH02-116,E3,0.7211670352476319,0.27880303240616905,199.7310389350763,0.8492155411010988
vanHattum2013_JAES_MVH02-142,E1,0.7430458140034627,0.40078253477896925,390.06897732663913,0.8620010522055427
vanHattum2013_JAES_MVH02-142,E2,0.19679622125381388,0.29633825927548213,161.54543657783114,0.443617201260066
vanHattum2013_JAES_MVH02-142,E3,0.5605434692680215,0.25648182022970384,151.51891884520543,0.7486945099758789
vanHattum2013_JAES_MVH02-264,E1,0.7132415859086907,0.3153356217326008,282.92717199890336,0.8445363141444485
vanHattum2013_JAES_MVH02-264,E2,0.08471832661868743,0.42453669473838185,193.68256936283544,0.29106412801767145
vanHattum2013_JAES_MVH02-264,E3,0.4417703786897685,0.2915465700435971,146.58235162553802,0.6646580915702212
vanHattum2013_JAES_MVH02-271,E1,0.7447361852202168,0.2910677872883447,53.139628828850235,0.8629809877513043
vanHattum2013_JAES_MVH02-271,E2,0.13800401986132174,0.6020286630765731,411.7579663459894,0.3714889229321942
vanHattum2013_JAES_MVH02-271,E3,0.815089302641485,0.2800934100020051,273.6591865558472,0.9028229630672256
Breitfeld2020_JAES_Ny-03,E1,0.3318319363661292,0.5335032997675975,395.0805164223537,0.5760485538269575
Breitfeld2020_JAES_Ny-03,E2,0.7698138451906683,0.18019987304371804,154.77788974103905,0.8773903607805754
Breitfeld2020_JAES_Ny-03,E3,0.6592055439846519,0.2859440121030462,133.62595829165065,0.8119147393566962
Breitfeld2020_JAES_Ny-05,E1,0.5054794106667622,0.5166797910604042,412.4344783499607,0.7109707523286469
Breitfeld2020_JAES_Ny-05,E2,0.593608618000697,0.15032226921614666,102.04806997143002,0.7704600041538152
Breitfeld2020_JAES_Ny-05,E3,0.6587228849428098,0.3211984147329848,171.384171281683,0.8116174498757465
Breitfeld2020_JAES_TB243,E1,0.6367406425952153,0.3948863707058625,454.4911330527195,0.7979603013904986
Breitfeld2020_JAES_TB243,E2,0.25732099537265807,0.27795001202417485,181.02882642764445,0.5072681690907267
Breitfeld2020_JAES_TB243,E3,0.8458670374405638,0.22128533289280444,193.85601294489467,0.9197103008233428
Breitfeld2020_JAES_TB244a,E1,0.6093113047853941,0.403878952663313,331.764863565408,0.7805839511451629
Breitfeld2020_JAES_TB244a,E2,0.3603056572396405,0.28125680194977987,147.20782737653607,0.6002546603231336
Breitfeld2020_JAES_TB244a,E3,0.8961420359328043,0.1741270160822903,99.46939897532735,0.9466477887434187
Breitfeld2020_JAES_TB50,E1,0.7411487691285973,0.29896568198698337,233.94463990171687,0.8608999762623979
Breitfeld2020_JAES_TB50,E2,0.23423352217666765,0.41903094654471723,251.66941504408493,0.4839767785510661
Breitfeld2020_JAES_TB50,E3,0.884209338657154,0.1216531848207964,73.62563852356196,0.9403240604478618
Breitfeld2020_JAES_TB51,E1,0.44387967641417647,0.49156849116216483,407.48592397242084,0.6662429559959163
Breitfeld2020_JAES_TB51,E2,0.6787212005137372,0.17543252584110314,180.24950943440103,0.8238453741532674
Breitfeld2020_JAES_TB51,E3,0.7757380492239984,0.2502154671922644,148.10623546336976,0.880759927122027
Breitfeld2020_JAES_TB52,E1,0.33251582230035764,0.505411540017951,296.21407212052304,0.576641849244709
Breitfeld2020_JAES_TB52,E2,0.7515145041323291,0.2541298406436466,168.86655164059172,0.8668993621709091
Breitfeld2020_JAES_TB52,E3,0.6930272277945861,0.25754636588768126,90.71728439989198,0.8324825690635127
Kueter2016_Lithos_Cem,E1,0.7317881226404557,0.35415368941206044,162.12600164915588,0.8554461541444065
Kueter2016_Lithos_Cem,E2,0.017729334310540447,0.8107260504707701,547.9664772206615,0.13315154640686847
Kueter2016_Lithos_Cem,E3,0.3969627605446936,0.6119825907011178,409.21338980349617,0.6300498079871889
Kueter2016_Lithos_IK20-1,E1,0.6627024706233052,0.23780983491138766,103.34290713666627,0.8140653970187562
Kueter2016_Lithos_IK20-1,E2,0.037442325337829034,0.5794890810387064,434.3982101466989,0.19350019467129492
Kueter2016_Lithos_IK20-1,E3,0.3629803461709948,0.43636767361235185,300.7670369919277,0.6024785026629538
Kueter2016_Lithos_IK21-1,E1,0.5383831321795503,0.6993910473496456,239.47899878490605,0.7337459588846471
Kueter2016_Lithos_IK21-1,E2,0.012143772408638015,0.9562016978711275,628.1942372473627,0.11019878587642432
Kueter2016_Lithos_IK21-1,E3,0.15579662105761755,0.929840477752988,489.4238672682053,0.39471080686702453
Kueter2016_Lithos_IK22-8,E1,0.826817123003905,0.23280982193717908,152.21022560358546,0.9092948493222124
Kueter2016_Lithos_IK22-8,E2,0.15371760295417583,0.45365326558971997,274.89643398964716,0.392068365153548
Kueter2016_Lithos_IK22-8,E3,0.620485706145569,0.2025447942085263,158.43465327403624,0.7877091507311369
Kueter2016_Lithos_IK9-1,E1,0.5970337124414872,0.41909454987686734,224.71513182654945,0.7726795664707895
Kueter2016_Lithos_IK9-1,E2,0.007981861807354636,0.9347733992403202,597.6129963902747,0.08934126598249342
Kueter2016_Lithos_IK9-1,E3,0.4865295752687994,0.6991443324464076,460.29834376217974,0.6975167204223849
Kueter2016_Lithos_M3,E1,0.720584187375751,0.2843680065659918,166.48039131147632,0.8488723033388185
Kueter2016_Lithos_M3,E2,0.12624830526385541,0.39427551758921753,239.76915601997982,0.35531437525641346
Kueter2016_Lithos_M3,E3,0.5742019483349056,0.19584388555705132,137.6927764991858,0.757761142006441
Zhang2023_Lithos_15SB05,E1,0.20013286173955686,0.6357096374048177,631.4143318236887,0.44736211477901977
Zhang2023_Lithos_15SB05,E2,0.8541135076955539,0.14214063807444421,232.9279210228422,0.9241826159886118
Zhang2023_Lithos_15SB05,E3,0.46095903881648587,0.39367065652211913,369.32355375857554,0.6789396429849165
Zhang2023_Lithos_15SB10,E1,0.7626632295471582,0.30003622142687647,310.7467958680138,0.8733059197939507
Zhang2023_Lithos_15SB10,E2,0.12617450012894385,0.4102910660334036,193.88046216738752,0.3552105011524066
Zhang2023_Lithos_15SB10,E3,0.7187588771605313,0.15863167946515092,78.59830787243892,0.8477964833381484
Zhang2023_Lithos_15SB19,E1,0.14281036077545,0.6478972945830572,794.0969738089439,0.3779025810648162
Zhang2023_Lithos_15SB19,E2,0.5307967045676542,0.26504637516323826,395.15568145058705,0.7285579623939705
Zhang2023_Lithos_15SB19,E3,0.3800936105598811,0.46872951320669165,532.3233643528117,0.6165173238116518
Zhang2023_Lithos_15SB20,E1,0.5911445830917175,0.4769001343801469,577.0025234566174,0.7688592739193028
Zhang2023_Lithos_15SB20,E2,0.5003713733051227,0.1915411471143924,256.5044104432236,0.7073693330256287
Zhang2023_Lithos_15SB20,E3,0.8379806214136348,0.26838539109792486,314.9117453915041,0.9154128147527949
Zhang2023_Lithos_15SB30,E1,0.36770571433545657,0.33757385689828834,116.54521893942189,0.6063874292360096
Zhang2023_Lithos_15SB30,E2,0.5620073124807216,0.5010016224688504,305.0526733759248,0.749671469699042
Zhang2023_Lithos_15SB30,E3,0.5709586603155915,0.2044454056661924,164.50964722597286,0.7556180651066989
Zhang2023_Lithos_15SB39,E1,0.15295587409680297,0.597618979177575,759.2538347023159,0.39109573520661534
Zhang2023_Lithos_15SB39,E2,0.22075833237176604,0.28405949096458394,367.7302770341829,0.4698492655860665
Zhang2023_Lithos_15SB39,E3,0.3330078960871131,0.4612386344823779,497.4505005317003,0.5770683634432866
Zhu2022_MarPetGeol_RJ-02c,E1,0.7969440277840567,0.2564101729359184,86.27238945787961,0.8927172160231126
Zhu2022_MarPetGeol_RJ-02c,E2,0.21623054094833266,0.48906777245889005,323.467871690241,0.4650059579707906
Zhu2022_MarPetGeol_RJ-02c,E3,0.8618592211992855,0.1850609134050521,184.69129779751515,0.9283637332421412
Zhu2022_MarPetGeol_RJ-09g,E1,0.4868199373045907,0.4631310343613421,81.67559165971936,0.6977248292160676
Zhu2022_MarPetGeol_RJ-09g,E2,0.136255034185593,0.6255642216679086,333.50408500233914,0.3691273956042724
Zhu2022_MarPetGeol_RJ-09g,E3,0.7849627421624011,0.23025473519481654,203.73771256053905,0.8859812312698284
Zhu2022_MarPetGeol_RJ-17e,E1,0.32756744328765736,0.5316479462456107,400.6287333375312,0.5723350795536277
Zhu2022_MarPetGeol_RJ-17e,E2,0.6105679149664001,0.15602372630778968,136.58608450310035,0.7813884533101318
Zhu2022_MarPetGeol_RJ-17e,E3,0.7583992029710447,0.27073988493426476,161.88584063875712,0.8708611846735648
Breitfeld2023_MarPetGeol_Be-01,E1,0.4411665345127041,0.4959091485827731,328.37978082089035,0.6642036845070224
Breitfeld2023_MarPetGeol_Be-01,E2,0.7145058054543976,0.19957072063070824,149.9083193821622,0.8452844523912632
Breitfeld2023_MarPetGeol_Be-01,E3,0.7797396009446164,0.23435127895270877,108.32700369311854,0.8830286523916516
Breitfeld2023_MarPetGeol_La-01,E1,0.574955000024005,0.4047114593094525,421.92858560980335,0.7582578717191171
Breitfeld2023_MarPetGeol_La-01,E2,0.44425779602874765,0.2864952202226798,171.02929167570085,0.6665266656546815
Breitfeld2023_MarPetGeol_La-01,E3,0.8783662268615886,0.18984802898548248,159.90856522546775,0.9372119434053263
Breitfeld2023_MarPetGeol_La-02,E1,0.535206439206573,0.4133631811373113,348.8162319784876,0.731578047242106
Breitfeld2023_MarPetGeol_La-02,E2,0.4821881396238465,0.27601388324535225,191.4771418187365,0.6943976811768934
Breitfeld2023_MarPetGeol_La-02,E3,0.9028399365900024,0.15552957853067367,92.50929503837378,0.9501788971504274
Breitfeld2023_MarPetGeol_Mi-01,E1,0.6569347145879451,0.4074335438684467,407.5291901232839,0.8105150921407602
Breitfeld2023_MarPetGeol_Mi-01,E2,0.36068205884752186,0.2795801705436426,162.88516545404445,0.6005681134122273
Breitfeld2023_MarPetGeol_Mi-01,E3,0.85710088339515,0.20063399469622722,145.53625950643854,0.9257974310804443
Breitfeld2023_MarPetGeol_Mi-02,E1,0.5110681728095907,0.40339586087587337,235.34618473895708,0.7148903222240393
Breitfeld2023_MarPetGeol_Mi-02,E2,0.42993985550806435,0.3463659685740233,189.40111091315845,0.655697991081309
Breitfeld2023_MarPetGeol_Mi-02,E3,0.8763718839781723,0.14032398958976577,84.72298584546012,0.9361473623197217
Breitfeld2023_MarPetGeol_Tu-01,E1,0.7511694600272764,0.3494709111766504,268.85801743151364,0.8667003288491798
Breitfeld2023_MarPetGeol_Tu-01,E2,0.35080215318023905,0.31884441752848447,155.80155060508983,0.5922855334889069
Breitfeld2023_MarPetGeol_Tu-01,E3,0.8417867561343497,0.14061531823521856,106.25496775990084,0.9174893765784701
Breitfeld2017_Tectonophysics_712,E1,0.006131806716643179,0.7788291307007648,1210.3572913968133,0.0783058536550313
Breitfeld2017_Tectonophysics_712,E2,0.05703149380075211,0.649580531160648,820.4210944823942,0.2388126751258235
Breitfeld2017_Tectonophysics_712,E3,0.05811264539289557,0.5761410914378009,953.1050738340541,0.24106564540161166
Breitfeld2017_Tectonophysics_713b,E1,0.005532276358179019,0.7865964317239467,1269.218835803682,0.07437927371371018
Breitfeld2017_Tectonophysics_713b,E2,0.05122183334667877,0.6758528782794433,878.0618494010828,0.22632241017336036
Breitfeld2017_Tectonophysics_713b,E3,0.05606675884848944,0.6075501767999154,1010.3828081670915,0.23678420312277895
Breitfeld2017_Tectonophysics_STB-07a,E1,0.5542903838836992,0.39723704632093126,183.89627594123894,0.7445068058007926
Breitfeld2017_Tectonophysics_STB-07a,E2,0.2903781732727931,0.43362701277732635,247.41417686694842,0.5388674913861413
Breitfeld2017_Tectonophysics_STB-07a,E3,0.8774147592663317,0.12003963932811673,121.07377574729348,0.9367042005170745
Breitfeld2017_Tectonophysics_STB-34,E1,0.5547909662707722,0.35624613765386537,56.03933713065348,0.7448429138219496
Breitfeld2017_Tectonophysics_STB-34,E2,0.179269341653393,0.5480365416450611,353.5125417115171,0.4234021039784675
Breitfeld2017_Tectonophysics_STB-34,E3,0.872734426552791,0.2079972105765731,218.79204977660015,0.93420256184234
Breitfeld2017_Tectonophysics_STB-68b,E1,0.708847692935255,0.41260830370657214,224.9674168182435,0.8419309312142267
Breitfeld2017_Tectonophysics_STB-68b,E2,0.012469193972927143,0.9306341192066454,607.7296533059675,0.11166554514677812
Breitfeld2017_Tectonophysics_STB-68b,E3,0.40049489943523175,0.6992678440087364,469.0190706820988,0.6328466634463926
Breitfeld2017_Tectonophysics_TB-250a,E1,0.01064485713616652,0.7591040334846466,1249.3416842957781,0.10317391693721102
Breitfeld2017_Tectonophysics_TB-250a,E2,0.08026484991447123,0.6512308404871401,847.4138937628154,0.2833105185383544
Breitfeld2017_Tectonophysics_TB-250a,E3,0.07255534860901897,0.57610707696207,987.2509062306649,0.26936100053463374
Breitfeld2026_Tectonophysics_K-01E,E1,0.7072429154894404,0.31600003388249276,157.65607782770675,0.8409773572988992
Breitfeld2026_Tectonophysics_K-01E,E2,0.12415547573922171,0.44686023524902174,252.3478870884899,0.3523570287921354
Breitfeld2026_Tectonophysics_K-01E,E3,0.7291722252097503,0.16914914725324634,142.8218857601498,0.8539158185733242
Breitfeld2026_Tectonophysics_KSF12,E1,0.7901494834712574,0.3773672528488003,320.0714079570868,0.8889035287764682
Breitfeld2026_Tectonophysics_KSF12,E2,0.29543039203917226,0.3095805929717106,156.9939166998422,0.5435350881398295
Breitfeld2026_Tectonophysics_KSF12,E3,0.683213974170869,0.19943753086842086,122.33360721676101,0.8265675859667309
Breitfeld2026_Tectonophysics_MVH02-084,E1,0.6490284779147317,0.29403031744835706,107.83314233491728,0.8056230371052777
Breitfeld2026_Tectonophysics_MVH02-084,E2,0.08015999521310979,0.8031587082197239,469.01703911487357,0.2831254054533252
Breitfeld2026_Tectonophysics_MVH02-084,E3,0.7552323798115118,0.40461454276034436,329.27920672381583,0.8690410691167085
Breitfeld2026_Tectonophysics_MVH02-087,E1,0.6603535125524326,0.34489676326864366,66.82056802217272,0.8126213832729438
Breitfeld2026_Tectonophysics_MVH02-087,E2,0.07624116325759532,0.688897555001242,344.4154794318064,0.2761180241447402
Breitfeld2026_Tectonophysics_MVH02-087,E3,0.7675268301753143,0.30122321988043615,206.56805230131778,0.8760860860528001
Breitfeld2026_Tectonophysics_MVH02-091,E1,0.5456927661749466,0.4339075842695953,229.84084254493644,0.7387102044610908
Breitfeld2026_Tectonophysics_MVH02-091,E2,0.13655328803033756,0.6186615621176532,295.9328086059084,0.3695311732862839
Breitfeld2026_Tectonophysics_MVH02-091,E3,0.73518677525577,0.24093735700044716,122.8766795099838,0.8574303325960483
Breitfeld2026_Tectonophysics_MVH02-103,E1,0.846333869394909,0.17513923988086885,156.499359415805,0.9199640587517042
Breitfeld2026_Tectonophysics_MVH02-103,E2,0.060642985635840106,0.767770276915916,544.9841819720164,0.24625796562921595
Breitfeld2026_Tectonophysics_MVH02-103,E3,0.6934765704182472,0.396428491303453,405.06535442255927,0.8327524064319761
Breitfeld2026_Tectonophysics_MVH02-115,E1,0.20247968423996177,0.586235540204756,425.7154379379847,0.4499774263671032
Breitfeld2026_Tectonophysics_MVH02-115,E2,0.7618770176137906,0.180968360494891,169.5071179765243,0.8728556682601027
Breitfeld2026_Tectonophysics_MVH02-115,E3,0.5460500697232451,0.32766820177591227,170.3150140075133,0.7389520077266487
Breitfeld2026_Tectonophysics_MVH02-116,E1,0.3329593100534889,0.5304601122321688,334.4620045140833,0.5770262646132227
Breitfeld2026_Tectonophysics_MVH02-116,E2,0.6667864598544616,0.13600794974419939,102.24729152855484,0.816569935678789
Breitfeld2026_Tectonophysics_MVH02-116,E3,0.7044190533309989,0.2834650370681737,214.7618556283212,0.8392967611822405
Breitfeld2026_Tectonophysics_MVH02-239,E1,0.7566814498125355,0.40664026893025035,278.20663337875874,0.8698743873758644
Breitfeld2026_Tectonophysics_MVH02-239,E2,0.23757107078441475,0.283660860530239,134.03561520552745,0.4874126288725137
Breitfeld2026_Tectonophysics_MVH02-239,E3,0.5450964866428655,0.24070972368004706,160.9595643077429,0.7383064991200237
Breitfeld2026_Tectonophysics_MvH02-142,E1,0.718669467577774,0.38571926319774574,262.20433592673254,0.8477437511287087
Breitfeld2026_Tectonophysics_MvH02-142,E2,0.2772679668465079,0.30563411920664546,188.737492763433,0.526562405462551
Breitfeld2026_Tectonophysics_MvH02-142,E3,0.5887837697415926,0.21702878605160575,98.96679775194367,0.7673224678983358
Breitfeld2026_Tectonophysics_MvH02-264,E1,0.6892074142463833,0.2508344553151898,109.99732076973204,0.8301851686499725
Breitfeld2026_Tectonophysics_MvH02-264,E2,0.062101033258868545,0.5047450067657876,370.2175153053496,0.24920078904142448
Breitfeld2026_Tectonophysics_MvH02-264,E3,0.3872849525321124,0.3134140985299264,250.63754078895266,0.6223222256452942
Breitfeld2026_Tectonophysics_MvH02-271,E1,0.7426983494427222,0.27807444349276483,56.19897649929579,0.8617994833154184
Breitfeld2026_Tectonophysics_MvH02-271,E2,0.16963128751652898,0.5498090370422529,403.3061492464817,0.4118631902908161
Breitfeld2026_Tectonophysics_MvH02-271,E3,0.8020155336570333,0.2772029972134352,264.9433030641554,0.8955531997916334
Breitfeld2026_Tectonophysics_RB2,E1,0.44060217039145905,0.48482573089706604,505.97016964318095,0.6637787058888369
Breitfeld2026_Tectonophysics_RB2,E2,0.5499484555656869,0.17302722386020192,172.19548950519078,0.7415850966448064
Breitfeld2026_Tectonophysics_RB2,E3,0.790471738945961,0.26592912666668717,244.20570625304384,0.8890847760174285
Breitfeld2026_Tectonophysics_RK1,E1,0.7786514833123676,0.23092029379462087,281.3221137029568,0.8824123091346627
Breitfeld2026_Tectonophysics_RK1,E2,0.1314749805109748,0.4549487283509447,195.37987918974784,0.36259478831193204
Breitfeld2026_Tectonophysics_RK1,E3,0.7627453979651758,0.15939842021917106,85.55968772027838,0.8733529629910096
Breitfeld2026_Tectonophysics_S17,E1,0.35456125317694914,0.4976232955777339,414.2397029437967,0.5954504624038419
Breitfeld2026_Tectonophysics_S17,E2,0.542910889169125,0.2484728294560783,188.70662027990295,0.7368248700804859
Breitfeld2026_Tectonophysics_S17,E3,0.7657701286666527,0.2371399149499393,157.71778553118293,0.8750829267370337
Breitfeld2026_Tectonophysics_S6,E1,0.12518564015376749,0.6492443332715808,726.8207279340921,0.35381582801475614
Breitfeld2026_Tectonophysics_S6,E2,0.5463680449837632,0.23014494357033288,332.3579096144176,0.7391671292635809
Breitfeld2026_Tectonophysics_S6,E3,0.4402850152183444,0.47313120287936306,466.0981045602157,0.663539761595599
Breitfeld2026_Tectonophysics_S99/224,E1,0.6209329676187695,0.4100335519879903,357.9372403161589,0.7879929997270086
Breitfeld2026_Tectonophysics_S99/224,E2,0.48118025561580513,0.260965208356326,154.79822400088185,0.6936715761913596
Breitfeld2026_Tectonophysics_S99/224,E3,0.8915665405199557,0.15832463335068414,124.38001505794969,0.9442280129926011
Breitfeld2026_Tectonophysics_SK-02A,E1,0.696708307027186,0.4309090711105571,334.4029411786197,0.8346905456677858
Breitfeld2026_Tectonophysics_SK-02A,E2,0.19816658458864383,0.26225946351287216,106.80698208744236,0.44515905538205536
Breitfeld2026_Tectonophysics_SK-02A,E3,0.5470901155912984,0.2808870486637032,203.96639929893036,0.7396554032732394
Breitfeld2026_Tectonophysics_SK-06,E1,0.6257187665959424,0.30254206557075813,99.99986294893894,0.7910238723299964
Breitfeld2026_Tectonophysics_SK-06,E2,0.07228005753447381,0.44304073260043664,333.7078378859947,0.2688495072237883
Breitfeld2026_Tectonophysics_SK-06,E3,0.323278470306579,0.3038035988690869,225.46887238883136,0.5685758263473563
Breitfeld2026_Tectonophysics_SP-a,E1,0.1424824000415268,0.6668366331009308,591.558678954175,0.37746840932921366
Breitfeld2026_Tectonophysics_SP-a,E2,0.5852509306754341,0.20097703211630918,212.518708935387,0.7650169479661442
Breitfeld2026_Tectonophysics_SP-a,E3,0.33459366451124073,0.4494828407033665,354.4755567081802,0.5784407182341512
Zhou2026_Gcubed_SR09,E1,0.5966802334752422,0.3663874971989569,49.98157805367488,0.7724507967988914
Zhou2026_Gcubed_SR09,E2,0.14082794318872935,0.6129791876543031,389.78792058546,0.3752704933627601
Zhou2026_Gcubed_SR09,E3,0.8089852078487871,0.2401488859045915,253.42855132125928,0.899436049893925
Zhou2026_Gcubed_SR30,E1,0.4609792515535775,0.42460708255187657,373.1611107900138,0.6789545283401367
Zhou2026_Gcubed_SR30,E2,0.24731970139862047,0.36114898990280037,263.88722851622424,0.4973124786274928
Zhou2026_Gcubed_SR30,E3,0.8055455946693876,0.1388746910985415,164.30938144977648,0.8975219187682202
Breitfeld2021_BeritaSedimentologi_TB15b,E1,0.8108752491782222,0.21454478100149105,53.559950990267595,0.9004861182595888
Breitfeld2021_BeritaSedimentologi_TB15b,E2,0.055805933284165714,0.6839526255995471,435.9367072245417,0.23623279468390013
Breitfeld2021_BeritaSedimentologi_TB15b,E3,0.4882483421158074,0.468950985571593,295.94076920867076,0.6987476956067958
Breitfeld2021_BeritaSedimentologi_TB72,E1,0.5696852945098768,0.6704626878949437,232.97264802583052,0.7547749959490423
Breitfeld2021_BeritaSedimentologi_TB72,E2,0.017102547535474077,0.9057761749163578,624.8313952808797,0.13077670868879548
Breitfeld2021_BeritaSedimentologi_TB72,E3,0.1752356092377468,0.8827201669141831,484.8794100149077,0.41861152544781516
