sample_instance_uid,sample_id,doi,n_grains_model
Li2021_JOceanLimnol_11LA-1,11LA-1,10.1007/s00343-021-0405-6,113
Zhang2025_JEarthSci_17SB-08A,17SB-08A,10.1007/s12583-023-1940-z,64
Zhang2025_JEarthSci_17SB-11,17SB-11,10.1007/s12583-023-1940-z,57
Zhang2025_JEarthSci_17SB-12,17SB-12,10.1007/s12583-023-1940-z,78
Zhang2025_JEarthSci_17SB-13,17SB-13,10.1007/s12583-023-1940-z,59
Zhang2025_JEarthSci_17SB-14A,17SB-14A,10.1007/s12583-023-1940-z,68
Zhang2025_JEarthSci_17SB-24,17SB-24,10.1007/s12583-023-1940-z,71
Zhang2025_JEarthSci_17SB-26,17SB-26,10.1007/s12583-023-1940-z,66
Zhang2025_JEarthSci_17SB-9,17SB-9,10.1007/s12583-023-1940-z,71
HennigBreitfeld2019_EarthSciRev_LTB-2,LTB-2,10.1016/j.earscirev.2018.12.006,136
HennigBreitfeld2019_EarthSciRev_LTB-4,LTB-4,10.1016/j.earscirev.2018.12.006,123
HennigBreitfeld2019_EarthSciRev_LTB-5,LTB-5,10.1016/j.earscirev.2018.12.006,126
HennigBreitfeld2019_EarthSciRev_MB-01,MB-01,10.1016/j.earscirev.2018.12.006,115
HennigBreitfeld2019_EarthSciRev_MB-03,MB-03,10.1016/j.earscirev.2018.12.006,116
HennigBreitfeld2019_EarthSciRev_MB-07,MB-07,10.1016/j.earscirev.2018.12.006,117
HennigBreitfeld2019_EarthSciRev_MB-11,MB-11,10.1016/j.earscirev.2018.12.006,67
HennigBreitfeld2019_EarthSciRev_MB-12,MB-12,10.1016/j.earscirev.2018.12.006,116
HennigBreitfeld2019_EarthSciRev_TA-01,TA-01,10.1016/j.earscirev.2018.12.006,94
HennigBreitfeld2019_EarthSciRev_TA-04,TA-04,10.1016/j.earscirev.2018.12.006,128
HennigBreitfeld2019_EarthSciRev_TB-199b,TB-199b,10.1016/j.earscirev.2018.12.006,127
HennigBreitfeld2019_EarthSciRev_TB-200a,TB-200a,10.1016/j.earscirev.2018.12.006,131
HennigBreitfeld2019_EarthSciRev_TB-201,TB-201,10.1016/j.earscirev.2018.12.006,116
HennigBreitfeld2019_EarthSciRev_TB-54,TB-54,10.1016/j.earscirev.2018.12.006,132
HennigBreitfeld2019_EarthSciRev_TB-56,TB-56,10.1016/j.earscirev.2018.12.006,102
White2016_GondwanaRes_R1,R1,10.1016/j.gr.2015.12.007,31
White2016_GondwanaRes_R4,R4,10.1016/j.gr.2015.12.007,14
Galin2017_GondwanaRes_TB179a,TB179a,10.1016/j.gr.2017.07.016,92
Galin2017_GondwanaRes_TB189a,TB189a,10.1016/j.gr.2017.07.016,124
Galin2017_GondwanaRes_TB193,TB193,10.1016/j.gr.2017.07.016,118
Galin2017_GondwanaRes_TB195,TB195,10.1016/j.gr.2017.07.016,129
Galin2017_GondwanaRes_TB199a,TB199a,10.1016/j.gr.2017.07.016,114
Galin2017_GondwanaRes_TB203a,TB203a,10.1016/j.gr.2017.07.016,104
Galin2017_GondwanaRes_TB238,TB238,10.1016/j.gr.2017.07.016,117
Galin2017_GondwanaRes_TB241,TB241,10.1016/j.gr.2017.07.016,113
Galin2017_GondwanaRes_TB39,TB39,10.1016/j.gr.2017.07.016,129
Galin2017_GondwanaRes_TB40,TB40,10.1016/j.gr.2017.07.016,133
Galin2017_GondwanaRes_TB43b,TB43b,10.1016/j.gr.2017.07.016,79
Galin2017_GondwanaRes_TB47,TB47,10.1016/j.gr.2017.07.016,143
BreitfeldHall2018_GondwanaRes_STB01,STB01,10.1016/j.gr.2018.06.001,148
BreitfeldHall2018_GondwanaRes_STB10,STB10,10.1016/j.gr.2018.06.001,66
BreitfeldHall2018_GondwanaRes_STB18a,STB18a,10.1016/j.gr.2018.06.001,170
BreitfeldHall2018_GondwanaRes_STB18b,STB18b,10.1016/j.gr.2018.06.001,119
BreitfeldHall2018_GondwanaRes_STB20a,STB20a,10.1016/j.gr.2018.06.001,44
BreitfeldHall2018_GondwanaRes_STB21,STB21,10.1016/j.gr.2018.06.001,70
BreitfeldHall2018_GondwanaRes_STB48c,STB48c,10.1016/j.gr.2018.06.001,168
BreitfeldHall2018_GondwanaRes_STB50,STB50,10.1016/j.gr.2018.06.001,72
BreitfeldHall2018_GondwanaRes_STB74b,STB74b,10.1016/j.gr.2018.06.001,129
BreitfeldHall2018_GondwanaRes_STB75,STB75,10.1016/j.gr.2018.06.001,64
BreitfeldHall2018_GondwanaRes_STB75b,STB75b,10.1016/j.gr.2018.06.001,146
BreitfeldHall2018_GondwanaRes_STB77,STB77,10.1016/j.gr.2018.06.001,76
BreitfeldHall2018_GondwanaRes_STB88,STB88,10.1016/j.gr.2018.06.001,200
BreitfeldHall2018_GondwanaRes_STB95,STB95,10.1016/j.gr.2018.06.001,61
BreitfeldHall2018_GondwanaRes_TB119,TB119,10.1016/j.gr.2018.06.001,167
BreitfeldHall2018_GondwanaRes_TB121,TB121,10.1016/j.gr.2018.06.001,133
BreitfeldHall2018_GondwanaRes_TB124b,TB124b,10.1016/j.gr.2018.06.001,115
BreitfeldHall2018_GondwanaRes_TB144,TB144,10.1016/j.gr.2018.06.001,142
BreitfeldHall2018_GondwanaRes_TB167,TB167,10.1016/j.gr.2018.06.001,132
BreitfeldHall2018_GondwanaRes_TB171,TB171,10.1016/j.gr.2018.06.001,137
BreitfeldHall2018_GondwanaRes_TB21,TB21,10.1016/j.gr.2018.06.001,149
BreitfeldHall2018_GondwanaRes_TB210,TB210,10.1016/j.gr.2018.06.001,162
BreitfeldHall2018_GondwanaRes_TB218,TB218,10.1016/j.gr.2018.06.001,178
BreitfeldHall2018_GondwanaRes_TB227,TB227,10.1016/j.gr.2018.06.001,168
BreitfeldHall2018_GondwanaRes_TB60a,TB60a,10.1016/j.gr.2018.06.001,139
BreitfeldHall2018_GondwanaRes_TB89b,TB89b,10.1016/j.gr.2018.06.001,143
Witts2012_JAES_BT236,BT236,10.1016/j.jseaes.2012.04.022,119
Witts2012_JAES_BT239,BT239,10.1016/j.jseaes.2012.04.022,120
Witts2012_JAES_BT303,BT303,10.1016/j.jseaes.2012.04.022,119
Witts2012_JAES_BT305,BT305,10.1016/j.jseaes.2012.04.022,120
Witts2012_JAES_BT321,BT321,10.1016/j.jseaes.2012.04.022,119
Witts2012_JAES_BT330,BT330,10.1016/j.jseaes.2012.04.022,117
Witts2012_JAES_BT376a,BT376a,10.1016/j.jseaes.2012.04.022,118
vanHattum2013_JAES_03-41A,03-41A,10.1016/j.jseaes.2013.02.033,66
vanHattum2013_JAES_03-41B,03-41B,10.1016/j.jseaes.2013.02.033,48
vanHattum2013_JAES_03-41C,03-41C,10.1016/j.jseaes.2013.02.033,54
vanHattum2013_JAES_03-43A,03-43A,10.1016/j.jseaes.2013.02.033,72
vanHattum2013_JAES_03-43B,03-43B,10.1016/j.jseaes.2013.02.033,70
vanHattum2013_JAES_MVH02-087,MVH02-087,10.1016/j.jseaes.2013.02.033,57
vanHattum2013_JAES_MVH02-115,MVH02-115,10.1016/j.jseaes.2013.02.033,20
vanHattum2013_JAES_MVH02-116,MVH02-116,10.1016/j.jseaes.2013.02.033,66
vanHattum2013_JAES_MVH02-142,MVH02-142,10.1016/j.jseaes.2013.02.033,66
vanHattum2013_JAES_MVH02-264,MVH02-264,10.1016/j.jseaes.2013.02.033,27
vanHattum2013_JAES_MVH02-271,MVH02-271,10.1016/j.jseaes.2013.02.033,72
Breitfeld2020_JAES_Ny-03,Ny-03,10.1016/j.jseaes.2020.104331,120
Breitfeld2020_JAES_Ny-05,Ny-05,10.1016/j.jseaes.2020.104331,116
Breitfeld2020_JAES_TB243,TB243,10.1016/j.jseaes.2020.104331,123
Breitfeld2020_JAES_TB244a,TB244a,10.1016/j.jseaes.2020.104331,138
Breitfeld2020_JAES_TB50,TB50,10.1016/j.jseaes.2020.104331,121
Breitfeld2020_JAES_TB51,TB51,10.1016/j.jseaes.2020.104331,129
Breitfeld2020_JAES_TB52,TB52,10.1016/j.jseaes.2020.104331,131
Kueter2016_Lithos_Cem,Cem,10.1016/j.lithos.2016.05.003,99
Kueter2016_Lithos_IK20-1,IK20-1,10.1016/j.lithos.2016.05.003,131
Kueter2016_Lithos_IK21-1,IK21-1,10.1016/j.lithos.2016.05.003,126
Kueter2016_Lithos_IK22-8,IK22-8,10.1016/j.lithos.2016.05.003,167
Kueter2016_Lithos_IK9-1,IK9-1,10.1016/j.lithos.2016.05.003,93
Kueter2016_Lithos_M3,M3,10.1016/j.lithos.2016.05.003,143
Zhang2023_Lithos_15SB05,15SB05,10.1016/j.lithos.2023.107089,190
Zhang2023_Lithos_15SB10,15SB10,10.1016/j.lithos.2023.107089,150
Zhang2023_Lithos_15SB19,15SB19,10.1016/j.lithos.2023.107089,148
Zhang2023_Lithos_15SB20,15SB20,10.1016/j.lithos.2023.107089,156
Zhang2023_Lithos_15SB30,15SB30,10.1016/j.lithos.2023.107089,111
Zhang2023_Lithos_15SB39,15SB39,10.1016/j.lithos.2023.107089,97
Zhu2022_MarPetGeol_RJ-02c,RJ-02c,10.1016/j.marpetgeo.2021.105500,117
Zhu2022_MarPetGeol_RJ-09g,RJ-09g,10.1016/j.marpetgeo.2021.105500,120
Zhu2022_MarPetGeol_RJ-17e,RJ-17e,10.1016/j.marpetgeo.2021.105500,120
Breitfeld2023_MarPetGeol_Be-01,Be-01,10.1016/j.marpetgeo.2023.106537,241
Breitfeld2023_MarPetGeol_La-01,La-01,10.1016/j.marpetgeo.2023.106537,44
Breitfeld2023_MarPetGeol_La-02,La-02,10.1016/j.marpetgeo.2023.106537,136
Breitfeld2023_MarPetGeol_Mi-01,Mi-01,10.1016/j.marpetgeo.2023.106537,130
Breitfeld2023_MarPetGeol_Mi-02,Mi-02,10.1016/j.marpetgeo.2023.106537,45
Breitfeld2023_MarPetGeol_Tu-01,Tu-01,10.1016/j.marpetgeo.2023.106537,114
Breitfeld2017_Tectonophysics_712,712,10.1016/j.tecto.2016.11.034,131
Breitfeld2017_Tectonophysics_713b,713b,10.1016/j.tecto.2016.11.034,148
Breitfeld2017_Tectonophysics_STB-07a,STB-07a,10.1016/j.tecto.2016.11.034,86
Breitfeld2017_Tectonophysics_STB-34,STB-34,10.1016/j.tecto.2016.11.034,79
Breitfeld2017_Tectonophysics_STB-68b,STB-68b,10.1016/j.tecto.2016.11.034,113
Breitfeld2017_Tectonophysics_TB-250a,TB-250a,10.1016/j.tecto.2016.11.034,132
Breitfeld2026_Tectonophysics_K-01E,K-01E,10.1016/j.tecto.2025.230980,86
Breitfeld2026_Tectonophysics_KSF12,KSF12,10.1016/j.tecto.2025.230980,117
Breitfeld2026_Tectonophysics_MVH02-084,MVH02-084,10.1016/j.tecto.2025.230980,70
Breitfeld2026_Tectonophysics_MVH02-087,MVH02-087,10.1016/j.tecto.2025.230980,100
Breitfeld2026_Tectonophysics_MVH02-091,MVH02-091,10.1016/j.tecto.2025.230980,27
Breitfeld2026_Tectonophysics_MVH02-103,MVH02-103,10.1016/j.tecto.2025.230980,90
Breitfeld2026_Tectonophysics_MVH02-115,MVH02-115,10.1016/j.tecto.2025.230980,61
Breitfeld2026_Tectonophysics_MVH02-116,MVH02-116,10.1016/j.tecto.2025.230980,52
Breitfeld2026_Tectonophysics_MVH02-239,MVH02-239,10.1016/j.tecto.2025.230980,92
Breitfeld2026_Tectonophysics_MvH02-142,MvH02-142,10.1016/j.tecto.2025.230980,48
Breitfeld2026_Tectonophysics_MvH02-264,MvH02-264,10.1016/j.tecto.2025.230980,45
Breitfeld2026_Tectonophysics_MvH02-271,MvH02-271,10.1016/j.tecto.2025.230980,59
Breitfeld2026_Tectonophysics_RB2,RB2,10.1016/j.tecto.2025.230980,129
Breitfeld2026_Tectonophysics_RK1,RK1,10.1016/j.tecto.2025.230980,119
Breitfeld2026_Tectonophysics_S17,S17,10.1016/j.tecto.2025.230980,78
Breitfeld2026_Tectonophysics_S6,S6,10.1016/j.tecto.2025.230980,121
Breitfeld2026_Tectonophysics_S99/224,S99/224,10.1016/j.tecto.2025.230980,125
Breitfeld2026_Tectonophysics_SK-02A,SK-02A,10.1016/j.tecto.2025.230980,108
Breitfeld2026_Tectonophysics_SK-06,SK-06,10.1016/j.tecto.2025.230980,93
Breitfeld2026_Tectonophysics_SP-a,SP-a,10.1016/j.tecto.2025.230980,48
Zhou2026_Gcubed_SR09,SR09,10.1029/2025gc012837,98
Zhou2026_Gcubed_SR30,SR30,10.1029/2025gc012837,97
Breitfeld2021_BeritaSedimentologi_TB15b,TB15b,10.1594/PANGAEA.959520,99
Breitfeld2021_BeritaSedimentologi_TB72,TB72,10.1594/PANGAEA.959520,49
