sample_instance_uid,sample_id,study_id,doi,target_type,region,basin,formation,depositional_age_text,depositional_period,depositional_age_min_Ma,depositional_age_max_Ma,estimated_depositional_age_Ma,n_grains_source,n_grains_model,RF_predicted_class,RF_probability_E1,RF_probability_E2,RF_probability_E3,RF_max_probability_uncalibrated,RF_top2_probability_margin,RF_normalized_entropy_uncertainty,Pearson_R2_predicted_class,KS_predicted_class,Wasserstein_1_predicted_class,n_traditional_methods_agree_RF,all_four_methods_agree,training_sample_overlap,matched_training_uid,training_study_doi_overlap,independent_sample_interpretation,study_independent_external,low_n_lt20,depositional_age_unspecified,estimated_depositional_age_Ma_missing,n_age_outside_0_4600_Ma,quality_flags
Li2021_JOceanLimnol_11LA-1,11LA-1,Li2021_JOceanLimnol,10.1007/s00343-021-0405-6,TARGET_STRATIGRAPHIC,"Lamandau region, SW Kalimantan",Ketupang/ Lamandau (SW Kalimantan),Ketapang Complex,Upper Cretaceous,Cretaceous,66.0,100.5,,113,113,E1,0.5719419827956284,0.22488551117853958,0.20317250602583184,0.5719419827956284,0.34705647161708875,0.891047877960257,E2,E2,E2,0,False,True,E1::MAIN::10.1007/s00343-021-0405-6::11LA1,True,False,False,False,False,True,0,TRAINING_SAMPLE_OVERLAP_NONINDEPENDENT
Zhang2025_JEarthSci_17SB-08A,17SB-08A,Zhang2025_JEarthSci,10.1007/s12583-023-1940-z,TARGET_STRATIGRAPHIC,NW Sabah,Crocker Fan (Sabah),Crocker Formation (lower),Eocene–Oligocene (approx.),Paleogene,23.03,56.0,,64,64,E3,0.3195248371196531,0.14037790228073393,0.540097260599613,0.540097260599613,0.22057242347995992,0.8855498312138096,E3,E3,E1,2,False,False,,False,True,True,False,False,True,0,OK
Zhang2025_JEarthSci_17SB-11,17SB-11,Zhang2025_JEarthSci,10.1007/s12583-023-1940-z,TARGET_STRATIGRAPHIC,NW Sabah,Crocker Fan (Sabah),Crocker Formation (upper),Eocene–Oligocene (approx.),Paleogene,23.03,56.0,,57,57,E3,0.28864128556257745,0.24454938248100008,0.4668093319564223,0.4668093319564223,0.17816804639384487,0.9636673253952671,E3,E2,E2,1,False,False,,False,True,True,False,False,True,0,OK
Zhang2025_JEarthSci_17SB-12,17SB-12,Zhang2025_JEarthSci,10.1007/s12583-023-1940-z,TARGET_STRATIGRAPHIC,Central Sabah,Crocker Fan (Sabah),Crocker Formation (transition),Eocene (approx.),Paleogene,33.9,56.0,,78,78,E3,0.2167135616914956,0.27605870905739305,0.5072277292511114,0.5072277292511114,0.23116902019371832,0.9384786841931522,E3,E2,E2,1,False,False,,False,True,True,False,False,True,0,OK
Zhang2025_JEarthSci_17SB-13,17SB-13,Zhang2025_JEarthSci,10.1007/s12583-023-1940-z,TARGET_STRATIGRAPHIC,Central Sabah,Crocker Fan (Sabah),Crocker Formation (lower),Eocene (approx.),Paleogene,33.9,56.0,,59,59,E3,0.45407804955383513,0.04747652694585782,0.49844542350030696,0.49844542350030696,0.04436737394647183,0.7739055986312697,E3,E1,E1,1,False,False,,False,True,True,False,False,True,0,OK
Zhang2025_JEarthSci_17SB-14A,17SB-14A,Zhang2025_JEarthSci,10.1007/s12583-023-1940-z,TARGET_STRATIGRAPHIC,Central Sabah,Crocker Fan (Sabah),Trusmadi Formation,Eocene (approx.),Paleogene,33.9,56.0,,68,68,E3,0.19788450547423617,0.23301442101641853,0.5691010735093454,0.5691010735093454,0.3360866524929268,0.8927711853658788,E3,E2,E2,1,False,False,,False,True,True,False,False,True,0,OK
Zhang2025_JEarthSci_17SB-24,17SB-24,Zhang2025_JEarthSci,10.1007/s12583-023-1940-z,TARGET_STRATIGRAPHIC,Eastern Sabah,Crocker Fan (Sabah),Kulapis Formation,Eocene–?Oligocene (approx.),Paleogene,23.03,56.0,,71,71,E3,0.31313558871108066,0.2341085306864083,0.45275588060251104,0.45275588060251104,0.13962029189143038,0.9669208282270216,E3,E2,E2,1,False,False,,False,True,True,False,False,True,0,OK
Zhang2025_JEarthSci_17SB-26,17SB-26,Zhang2025_JEarthSci,10.1007/s12583-023-1940-z,TARGET_STRATIGRAPHIC,Eastern Sabah,Crocker Fan (Sabah),Garinono Mélange,Eocene–?Oligocene (approx.),Paleogene,23.03,56.0,,66,66,E3,0.2522480187021818,0.33864034568048357,0.4091116356173349,0.4091116356173349,0.07047128993685131,0.9828470846560603,E1,E3,E1,1,False,False,,False,True,True,False,False,True,0,OK
Zhang2025_JEarthSci_17SB-9,17SB-9,Zhang2025_JEarthSci,10.1007/s12583-023-1940-z,TARGET_STRATIGRAPHIC,NW Sabah,Crocker Fan (Sabah),Crocker Formation (upper),Eocene–Oligocene (approx.),Paleogene,23.03,56.0,,71,71,E2,0.3114851815697743,0.44490660645137853,0.24360821197884733,0.44490660645137853,0.13342142488160424,0.9718308203157715,E3,E2,E2,2,False,False,,False,True,True,False,False,True,0,OK
HennigBreitfeld2019_EarthSciRev_LTB-2,LTB-2,HennigBreitfeld2019_EarthSciRev,10.1016/j.earscirev.2018.12.006,TARGET_STRATIGRAPHIC,Sarawak onshore & Labuan (Miri Zone),Balingian–Tatau–Nyalau belt / Baram–Belait area,Middle Belait Formation,12.0–14.0 Ma (est 13.0),Miocene,12.0,14.0,13.0,136,136,E3,0.22685297616811723,0.25589052881403324,0.5172564950178495,0.5172564950178495,0.2613659662038163,0.9341693618996623,E3,E3,E3,3,True,False,,False,True,True,False,False,False,0,OK
HennigBreitfeld2019_EarthSciRev_LTB-4,LTB-4,HennigBreitfeld2019_EarthSciRev,10.1016/j.earscirev.2018.12.006,TARGET_STRATIGRAPHIC,Sarawak onshore & Labuan (Miri Zone),Balingian–Tatau–Nyalau belt / Baram–Belait area,Upper Belait Formation,10.0–12.0 Ma (est 11.0),Miocene,10.0,12.0,11.0,123,123,E3,0.27299626020139944,0.2516137014718127,0.4753900383267879,0.4753900383267879,0.20239377812538845,0.9604220079055105,E3,E3,E3,3,True,False,,False,True,True,False,False,False,0,OK
HennigBreitfeld2019_EarthSciRev_LTB-5,LTB-5,HennigBreitfeld2019_EarthSciRev,10.1016/j.earscirev.2018.12.006,TARGET_STRATIGRAPHIC,Sarawak onshore & Labuan (Miri Zone),Balingian–Tatau–Nyalau belt / Baram–Belait area,Upper Belait Formation,10.0–12.0 Ma (est 11.0),Miocene,10.0,12.0,11.0,126,126,E3,0.23815701074618184,0.3604109927188474,0.4014319965349709,0.4014319965349709,0.0410210038161235,0.9793360636872077,E3,E3,E3,3,True,False,,False,True,True,False,False,False,0,OK
HennigBreitfeld2019_EarthSciRev_MB-01,MB-01,HennigBreitfeld2019_EarthSciRev,10.1016/j.earscirev.2018.12.006,TARGET_STRATIGRAPHIC,Sarawak onshore & Labuan (Miri Zone),Balingian–Tatau–Nyalau belt / Baram–Belait area,Liang Formation,10.0–12.0 Ma (est 11.0),Miocene,10.0,12.0,11.0,115,115,E3,0.20765980151848495,0.29230284147489477,0.5000373570066204,0.5000373570066204,0.20773451553172567,0.9398176950463564,E3,E3,E2,2,False,False,,False,True,True,False,False,False,0,OK
HennigBreitfeld2019_EarthSciRev_MB-03,MB-03,HennigBreitfeld2019_EarthSciRev,10.1016/j.earscirev.2018.12.006,TARGET_STRATIGRAPHIC,Sarawak onshore & Labuan (Miri Zone),Balingian–Tatau–Nyalau belt / Baram–Belait area,Balingian Formation,13.0–17.0 Ma (est 15.0),Miocene,13.0,17.0,15.0,116,116,E3,0.27606437417382734,0.31578242175842913,0.4081532040677436,0.4081532040677436,0.09237078230931445,0.9876846986150611,E3,E3,E3,3,True,False,,False,True,True,False,False,False,0,OK
HennigBreitfeld2019_EarthSciRev_MB-07,MB-07,HennigBreitfeld2019_EarthSciRev,10.1016/j.earscirev.2018.12.006,TARGET_STRATIGRAPHIC,Sarawak onshore & Labuan (Miri Zone),Balingian–Tatau–Nyalau belt / Baram–Belait area,Begrih Formation,12.0–14.0 Ma (est 13.0),Miocene,12.0,14.0,13.0,117,117,E3,0.31515927130740534,0.12873254230414616,0.5561081863884484,0.5561081863884484,0.24094891508104305,0.8684877831415343,E3,E1,E1,1,False,False,,False,True,True,False,False,False,0,OK
HennigBreitfeld2019_EarthSciRev_MB-11,MB-11,HennigBreitfeld2019_EarthSciRev,10.1016/j.earscirev.2018.12.006,TARGET_STRATIGRAPHIC,Sarawak onshore & Labuan (Miri Zone),Balingian–Tatau–Nyalau belt / Baram–Belait area,Begrih Formation,12.0–14.0 Ma (est 13.0),Miocene,12.0,14.0,13.0,67,67,E3,0.2053058625059101,0.20360768193215095,0.5910864555619392,0.5910864555619392,0.3857805930560291,0.8737335529210678,E3,E3,E3,3,True,False,,False,True,True,False,False,False,0,OK
HennigBreitfeld2019_EarthSciRev_MB-12,MB-12,HennigBreitfeld2019_EarthSciRev,10.1016/j.earscirev.2018.12.006,TARGET_STRATIGRAPHIC,Sarawak onshore & Labuan (Miri Zone),Balingian–Tatau–Nyalau belt / Baram–Belait area,Liang Formation,10.0–12.0 Ma (est 11.0),Miocene,10.0,12.0,11.0,116,116,E3,0.3155689450555659,0.3085648875800809,0.37586616736435324,0.37586616736435324,0.06029722230878737,0.9963309308815206,E3,E3,E3,3,True,False,,False,True,True,False,False,False,0,OK
HennigBreitfeld2019_EarthSciRev_TA-01,TA-01,HennigBreitfeld2019_EarthSciRev,10.1016/j.earscirev.2018.12.006,TARGET_STRATIGRAPHIC,Sarawak onshore & Labuan (Miri Zone),Balingian–Tatau–Nyalau belt / Baram–Belait area,Bawang Member,36.0–40.0 Ma (est 38.0),Eocene,36.0,40.0,38.0,94,94,E3,0.22833158416884272,0.06970375138644544,0.7019646644447121,0.7019646644447121,0.47363308027586937,0.702065332744799,E3,E3,E1,2,False,False,,False,True,True,False,False,False,0,OK
HennigBreitfeld2019_EarthSciRev_TA-04,TA-04,HennigBreitfeld2019_EarthSciRev,10.1016/j.earscirev.2018.12.006,TARGET_STRATIGRAPHIC,Sarawak onshore & Labuan (Miri Zone),Balingian–Tatau–Nyalau belt / Baram–Belait area,Tatau Formation,30.0–36.0 Ma (est 33.0),Oligocene,30.0,36.0,33.0,128,128,E3,0.2744837594235731,0.14950860290853502,0.5760076376678919,0.5760076376678919,0.30152387824431875,0.8708640077534164,E3,E3,E1,2,False,False,,False,True,True,False,False,False,0,OK
HennigBreitfeld2019_EarthSciRev_TB-199b,TB-199b,HennigBreitfeld2019_EarthSciRev,10.1016/j.earscirev.2018.12.006,TARGET_STRATIGRAPHIC,Sarawak onshore & Labuan (Miri Zone),Balingian–Tatau–Nyalau belt / Baram–Belait area,Tatau Formation,30.0–36.0 Ma (est 33.0),Oligocene,30.0,36.0,33.0,127,127,E3,0.17223550588695022,0.050627359320307715,0.7771371347927423,0.7771371347927423,0.604901628905792,0.591586894386793,E3,E3,E1,2,False,False,,False,True,True,False,False,False,0,OK
HennigBreitfeld2019_EarthSciRev_TB-200a,TB-200a,HennigBreitfeld2019_EarthSciRev,10.1016/j.earscirev.2018.12.006,TARGET_STRATIGRAPHIC,Sarawak onshore & Labuan (Miri Zone),Balingian–Tatau–Nyalau belt / Baram–Belait area,Upper Tatau Formation,30.0–34.0 Ma (est 32.0),Oligocene,30.0,34.0,32.0,131,131,E2,0.2293836232964727,0.4039713251616997,0.3666450515418278,0.4039713251616997,0.0373262736198719,0.975573216104473,E2,E2,E2,3,True,False,,False,True,True,False,False,False,0,OK
HennigBreitfeld2019_EarthSciRev_TB-201,TB-201,HennigBreitfeld2019_EarthSciRev,10.1016/j.earscirev.2018.12.006,TARGET_STRATIGRAPHIC,Sarawak onshore & Labuan (Miri Zone),Balingian–Tatau–Nyalau belt / Baram–Belait area,Balingian Formation,13.0–17.0 Ma (est 15.0),Miocene,13.0,17.0,15.0,116,116,E3,0.24422536861955516,0.10604441621713094,0.6497302151633138,0.6497302151633138,0.4055048465437586,0.7849819805380892,E3,E3,E1,2,False,False,,False,True,True,False,False,False,0,OK
HennigBreitfeld2019_EarthSciRev_TB-54,TB-54,HennigBreitfeld2019_EarthSciRev,10.1016/j.earscirev.2018.12.006,TARGET_STRATIGRAPHIC,Sarawak onshore & Labuan (Miri Zone),Balingian–Tatau–Nyalau belt / Baram–Belait area,Tatau Formation,30.0–36.0 Ma (est 33.0),Oligocene,30.0,36.0,33.0,132,132,E3,0.17983893736990544,0.11107155537254568,0.7090895072575488,0.7090895072575488,0.5292505698876434,0.7249176247016051,E3,E3,E1,2,False,False,,False,True,True,False,False,False,0,OK
HennigBreitfeld2019_EarthSciRev_TB-56,TB-56,HennigBreitfeld2019_EarthSciRev,10.1016/j.earscirev.2018.12.006,TARGET_STRATIGRAPHIC,Sarawak onshore & Labuan (Miri Zone),Balingian–Tatau–Nyalau belt / Baram–Belait area,Bawang Member,36.0–40.0 Ma (est 38.0),Eocene,36.0,40.0,38.0,102,102,E3,0.2426372127586996,0.07276031326936991,0.6846024739719306,0.6846024739719306,0.44196526121323104,0.7224586194091528,E3,E1,E1,1,False,False,,False,True,True,False,False,False,0,OK
White2016_GondwanaRes_R1,R1,White2016_GondwanaRes,10.1016/j.gr.2015.12.007,TARGET_STRATIGRAPHIC,"Cempaka area, SE Kalimantan",Meratus margin (alluvial diamond province),Cempaka conglomerate,70.0–80.0 Ma (est 75.0),Cretaceous,70.0,80.0,75.0,31,31,E1,0.4660760849845157,0.25621811382729176,0.2777058011881927,0.4660760849845157,0.18837028379632298,0.9653078829526368,E1,E1,E1,3,True,False,,False,True,True,False,False,False,0,OK
White2016_GondwanaRes_R4,R4,White2016_GondwanaRes,10.1016/j.gr.2015.12.007,TARGET_STRATIGRAPHIC,"Cempaka area, SE Kalimantan",Meratus margin (alluvial diamond province),Cempaka conglomerate,70.0–80.0 Ma (est 75.0),Cretaceous,70.0,80.0,75.0,14,14,E1,0.4227059487558659,0.24499742744563566,0.3322966237984983,0.4227059487558659,0.09040932495736764,0.9782104212452384,E1,E1,E1,3,True,False,,False,True,True,True,False,False,0,LOW_N_LT20
Galin2017_GondwanaRes_TB179a,TB179a,Galin2017_GondwanaRes,10.1016/j.gr.2017.07.016,TARGET_STRATIGRAPHIC,Central Sarawak (Rajang orogenic belt),Rajang Group deep-marine fan (Lupar & Belaga Fms),Rajang Group-Belaga Fm. (Layar Mbr.),Upper Cretaceous,Cretaceous,66.0,100.5,,92,92,E2,0.2593997139697984,0.420061172701579,0.3205391133286227,0.420061172701579,0.09952205937295627,0.9822081355689974,E1,E3,E2,1,False,False,,False,True,True,False,False,True,0,OK
Galin2017_GondwanaRes_TB189a,TB189a,Galin2017_GondwanaRes,10.1016/j.gr.2017.07.016,TARGET_STRATIGRAPHIC,Central Sarawak (Rajang orogenic belt),Rajang Group deep-marine fan (Lupar & Belaga Fms),Rajang Group-Belaga Fm. (Lower Kapit Mbr.),Paleocene–Lower Eocene,Paleogene,48.07,66.0,,124,124,E3,0.25537233962456857,0.292004540817517,0.45262311955791457,0.45262311955791457,0.1606185787403976,0.9710772083494273,E1,E3,E3,2,False,False,,False,True,True,False,False,True,0,OK
Galin2017_GondwanaRes_TB193,TB193,Galin2017_GondwanaRes,10.1016/j.gr.2017.07.016,TARGET_STRATIGRAPHIC,Central Sarawak (Rajang orogenic belt),Rajang Group deep-marine fan (Lupar & Belaga Fms),Rajang Group-Belaga Fm. (Pelagus Mbr.),Middle Eocene,Paleogene,38.0,48.07,,118,118,E3,0.19071246188000052,0.03788493033675364,0.7714026077832461,0.7714026077832461,0.5806901459032456,0.5827596762385312,E3,E1,E1,1,False,False,,False,True,True,False,False,True,0,OK
Galin2017_GondwanaRes_TB195,TB195,Galin2017_GondwanaRes,10.1016/j.gr.2017.07.016,TARGET_STRATIGRAPHIC,Central Sarawak (Rajang orogenic belt),Rajang Group deep-marine fan (Lupar & Belaga Fms),,Middle Eocene,Paleogene,38.0,48.07,,129,129,E3,0.17844410030092217,0.27261080778340296,0.5489450919156746,0.5489450919156746,0.2763342841322717,0.902132113092591,E3,E2,E3,2,False,False,,False,True,True,False,False,True,0,OK
Galin2017_GondwanaRes_TB199a,TB199a,Galin2017_GondwanaRes,10.1016/j.gr.2017.07.016,TARGET_STRATIGRAPHIC,Central Sarawak (Rajang orogenic belt),Rajang Group deep-marine fan (Lupar & Belaga Fms),,Lower–Middle Eocene,Paleogene,38.0,56.0,,114,114,E3,0.2861343888749213,0.1319968825154357,0.5818687286096432,0.5818687286096432,0.2957343397347219,0.8560042383708246,E3,E3,E1,2,False,False,,False,True,True,False,False,True,0,OK
Galin2017_GondwanaRes_TB203a,TB203a,Galin2017_GondwanaRes,10.1016/j.gr.2017.07.016,TARGET_STRATIGRAPHIC,Central Sarawak (Rajang orogenic belt),Rajang Group deep-marine fan (Lupar & Belaga Fms),Rajang Group-Belaga Fm. (Metah Mbr.),Middle Eocene,Paleogene,38.0,48.07,,104,104,E3,0.27001709258117806,0.2701975211495938,0.4597853862692284,0.4597853862692284,0.1895878651196346,0.9688199115035754,E3,E2,E2,1,False,False,,False,True,True,False,False,True,0,OK
Galin2017_GondwanaRes_TB238,TB238,Galin2017_GondwanaRes,10.1016/j.gr.2017.07.016,TARGET_STRATIGRAPHIC,Central Sarawak (Rajang orogenic belt),Rajang Group deep-marine fan (Lupar & Belaga Fms),Rajang Group-Belaga Fm. (Upper Kapit Mbr.),Lower Eocene,Paleogene,48.07,56.0,,117,117,E3,0.204520202233414,0.23026568691828894,0.5652141108482972,0.5652141108482972,0.33494842393000823,0.8967904938144229,E3,E3,E3,3,True,False,,False,True,True,False,False,True,0,OK
Galin2017_GondwanaRes_TB241,TB241,Galin2017_GondwanaRes,10.1016/j.gr.2017.07.016,TARGET_STRATIGRAPHIC,Central Sarawak (Rajang orogenic belt),Rajang Group deep-marine fan (Lupar & Belaga Fms),Rajang Group-Belaga Fm. (Pelagus Mbr.),Middle Eocene,Paleogene,38.0,48.07,,113,113,E3,0.16266807779441608,0.030669666751303483,0.8066622554542803,0.8066622554542803,0.6439941776598642,0.5239261802489706,E1,E1,E1,0,False,False,,False,True,True,False,False,True,0,OK
Galin2017_GondwanaRes_TB39,TB39,Galin2017_GondwanaRes,10.1016/j.gr.2017.07.016,TARGET_STRATIGRAPHIC,Central Sarawak (Rajang orogenic belt),Rajang Group deep-marine fan (Lupar & Belaga Fms),Rajang Group-Belaga Fm. (Layar Mbr.),Upper Cretaceous,Cretaceous,66.0,100.5,,129,129,E3,0.3341994777774988,0.08236049887789589,0.5834400233446051,0.5834400233446051,0.2492405455671063,0.8067260032009569,E1,E1,E3,1,False,False,,False,True,True,False,False,True,0,OK
Galin2017_GondwanaRes_TB40,TB40,Galin2017_GondwanaRes,10.1016/j.gr.2017.07.016,TARGET_STRATIGRAPHIC,Central Sarawak (Rajang orogenic belt),Rajang Group deep-marine fan (Lupar & Belaga Fms),Rajang Group-Belaga Fm. (Layar Mbr.),Upper Cretaceous,Cretaceous,66.0,100.5,,133,133,E3,0.24965736676606956,0.32494212565600544,0.42540050757792486,0.42540050757792486,0.10045838192191942,0.9787904380575396,E1,E3,E3,2,False,False,,False,True,True,False,False,True,0,OK
Galin2017_GondwanaRes_TB43b,TB43b,Galin2017_GondwanaRes,10.1016/j.gr.2017.07.016,TARGET_STRATIGRAPHIC,Central Sarawak (Rajang orogenic belt),Rajang Group deep-marine fan (Lupar & Belaga Fms),Rajang Group-Belaga Fm. (Upper Kapit Mbr.),Lower Eocene,Paleogene,48.07,56.0,,79,79,E3,0.3367913054622909,0.040945598179670015,0.6222630963580397,0.6222630963580397,0.28547179089574876,0.7214247940980761,E1,E1,E1,0,False,False,,False,True,True,False,False,True,0,OK
Galin2017_GondwanaRes_TB47,TB47,Galin2017_GondwanaRes,10.1016/j.gr.2017.07.016,TARGET_STRATIGRAPHIC,Central Sarawak (Rajang orogenic belt),Rajang Group deep-marine fan (Lupar & Belaga Fms),Rajang Group-Belaga Fm. (Bawang Mbr.),Lower–Middle Eocene,Paleogene,38.0,56.0,,143,143,E3,0.1698068614068169,0.10248387531844333,0.7277092632747398,0.7277092632747398,0.557902401867923,0.6971084358416293,E3,E3,E1,2,False,False,,False,True,True,False,False,True,0,OK
BreitfeldHall2018_GondwanaRes_STB01,STB01,BreitfeldHall2018_GondwanaRes,10.1016/j.gr.2018.06.001,TARGET_STRATIGRAPHIC,West Sarawak (Kuching Zone),Kayan–Ketungau basins / West Sarawak onshore,Kayan Sandstone,Upper Cretaceous,Cretaceous,66.0,100.5,,148,148,E3,0.2945770649775668,0.3353980771975744,0.37002485782485883,0.37002485782485883,0.034626780627284415,0.9960847250326784,E1,E3,E3,2,False,False,,True,True,False,False,False,True,0,SAME_STUDY_AS_TRAINING
BreitfeldHall2018_GondwanaRes_STB10,STB10,BreitfeldHall2018_GondwanaRes,10.1016/j.gr.2018.06.001,TARGET_STRATIGRAPHIC,West Sarawak (Kuching Zone),Kayan–Ketungau basins / West Sarawak onshore,Kayan Sandstone,Upper Cretaceous,Cretaceous,66.0,100.5,,66,66,E1,0.37471605877972,0.26475104559439183,0.3605328956258881,0.37471605877972,0.01418316315383189,0.9898549964993355,E1,E3,E1,2,False,False,,True,True,False,False,False,True,0,SAME_STUDY_AS_TRAINING
BreitfeldHall2018_GondwanaRes_STB18a,STB18a,BreitfeldHall2018_GondwanaRes,10.1016/j.gr.2018.06.001,TARGET_STRATIGRAPHIC,West Sarawak (Kuching Zone),Kayan–Ketungau basins / West Sarawak onshore,Kayan Sandstone,Upper Cretaceous,Cretaceous,66.0,100.5,,170,170,E3,0.4119255181687768,0.08256990837227209,0.5055045734589511,0.5055045734589511,0.09357905529017424,0.8339017617985858,E1,E1,E1,0,False,False,,True,True,False,False,False,True,0,SAME_STUDY_AS_TRAINING
BreitfeldHall2018_GondwanaRes_STB18b,STB18b,BreitfeldHall2018_GondwanaRes,10.1016/j.gr.2018.06.001,TARGET_STRATIGRAPHIC,West Sarawak (Kuching Zone),Kayan–Ketungau basins / West Sarawak onshore,Kayan Sandstone,Upper Cretaceous,Cretaceous,66.0,100.5,,119,119,E2,0.24350124071194723,0.39909090399708064,0.3574078552909722,0.39909090399708064,0.04168304870610845,0.9815093895211184,E1,E1,E1,0,False,False,,True,True,False,False,False,True,0,SAME_STUDY_AS_TRAINING
BreitfeldHall2018_GondwanaRes_STB20a,STB20a,BreitfeldHall2018_GondwanaRes,10.1016/j.gr.2018.06.001,TARGET_STRATIGRAPHIC,West Sarawak (Kuching Zone),Kayan–Ketungau basins / West Sarawak onshore,Kayan Sandstone,Upper Cretaceous,Cretaceous,66.0,100.5,,44,44,E1,0.7659695657807517,0.04212597610745787,0.19190445811179052,0.7659695657807517,0.5740651076689611,0.5956804491938412,E1,E1,E1,3,True,False,,True,True,False,False,False,True,0,SAME_STUDY_AS_TRAINING
BreitfeldHall2018_GondwanaRes_STB21,STB21,BreitfeldHall2018_GondwanaRes,10.1016/j.gr.2018.06.001,TARGET_STRATIGRAPHIC,West Sarawak (Kuching Zone),Kayan–Ketungau basins / West Sarawak onshore,Kayan Sandstone,Paleocene,Paleogene,56.0,66.0,,70,70,E1,0.4140531769855978,0.28461917388742614,0.30132764912697596,0.4140531769855978,0.11272552785862183,0.9868895361030962,E1,E1,E1,3,True,True,E1::MAIN::10.1016/j.gr.2018.06.001::STB21,True,False,False,False,False,True,0,TRAINING_SAMPLE_OVERLAP_NONINDEPENDENT
BreitfeldHall2018_GondwanaRes_STB48c,STB48c,BreitfeldHall2018_GondwanaRes,10.1016/j.gr.2018.06.001,TARGET_STRATIGRAPHIC,West Sarawak (Kuching Zone),Kayan–Ketungau basins / West Sarawak onshore,Kayan Sandstone,Upper Cretaceous,Cretaceous,66.0,100.5,,168,168,E3,0.25378735099669114,0.178443303903454,0.5677693450998551,0.5677693450998551,0.31398199410316396,0.8892422787661938,E3,E3,E1,2,False,False,,True,True,False,False,False,True,0,SAME_STUDY_AS_TRAINING
BreitfeldHall2018_GondwanaRes_STB50,STB50,BreitfeldHall2018_GondwanaRes,10.1016/j.gr.2018.06.001,TARGET_STRATIGRAPHIC,West Sarawak (Kuching Zone),Kayan–Ketungau basins / West Sarawak onshore,Kayan Sandstone,Upper Cretaceous,Cretaceous,66.0,100.5,,72,72,E1,0.45165972336106863,0.15716398221207842,0.3911762944268527,0.45165972336106863,0.06048342893421593,0.9256899839052675,E1,E1,E1,3,True,False,,True,True,False,False,False,True,0,SAME_STUDY_AS_TRAINING
BreitfeldHall2018_GondwanaRes_STB74b,STB74b,BreitfeldHall2018_GondwanaRes,10.1016/j.gr.2018.06.001,TARGET_STRATIGRAPHIC,West Sarawak (Kuching Zone),Kayan–Ketungau basins / West Sarawak onshore,Bako-Mintu Sandstone,Middle–Upper Eocene,Paleogene,33.9,48.07,,129,129,E2,0.2815717011260777,0.4066531292458341,0.31177516962808827,0.4066531292458341,0.09487795961774581,0.9886334663864634,E3,E3,E2,1,False,True,E1::MAIN::10.1016/j.gr.2018.06.001::STB74B,True,False,False,False,False,True,0,TRAINING_SAMPLE_OVERLAP_NONINDEPENDENT
BreitfeldHall2018_GondwanaRes_STB75,STB75,BreitfeldHall2018_GondwanaRes,10.1016/j.gr.2018.06.001,TARGET_STRATIGRAPHIC,West Sarawak (Kuching Zone),Kayan–Ketungau basins / West Sarawak onshore,Ngili Sandstone,Middle Eocene,Paleogene,38.0,48.07,,64,64,E3,0.16511553618031058,0.21131849128960226,0.6235659725300873,0.6235659725300873,0.41224748124048505,0.837759582710782,E2,E2,E3,1,False,False,,True,True,False,False,False,True,0,SAME_STUDY_AS_TRAINING
BreitfeldHall2018_GondwanaRes_STB75b,STB75b,BreitfeldHall2018_GondwanaRes,10.1016/j.gr.2018.06.001,TARGET_STRATIGRAPHIC,West Sarawak (Kuching Zone),Kayan–Ketungau basins / West Sarawak onshore,Ngili Sandstone,Middle Eocene,Paleogene,38.0,48.07,,146,146,E3,0.17086189606881702,0.3672946963899732,0.4618434075412098,0.4618434075412098,0.09454871115123659,0.9344173747244716,E2,E2,E3,1,False,False,,True,True,False,False,False,True,0,SAME_STUDY_AS_TRAINING
BreitfeldHall2018_GondwanaRes_STB77,STB77,BreitfeldHall2018_GondwanaRes,10.1016/j.gr.2018.06.001,TARGET_STRATIGRAPHIC,West Sarawak (Kuching Zone),Kayan–Ketungau basins / West Sarawak onshore,Ngili Sandstone,Middle Eocene,Paleogene,38.0,48.07,,76,76,E2,0.1328369984895742,0.6447412413356577,0.22242176017476842,0.6447412413356577,0.42231948116088924,0.8059894682083338,E2,E2,E1,2,False,False,,True,True,False,False,False,True,0,SAME_STUDY_AS_TRAINING
BreitfeldHall2018_GondwanaRes_STB88,STB88,BreitfeldHall2018_GondwanaRes,10.1016/j.gr.2018.06.001,TARGET_STRATIGRAPHIC,West Sarawak (Kuching Zone),Kayan–Ketungau basins / West Sarawak onshore,Tutoop Sandstone,Middle–Upper Eocene,Paleogene,33.9,48.07,,200,200,E3,0.23786012395857217,0.2850668946723862,0.4770729813690417,0.4770729813690417,0.19200608669665548,0.9579605442060554,E3,E3,E1,2,False,True,E1::MAIN::10.1016/j.gr.2018.06.001::STB88,True,False,False,False,False,True,0,TRAINING_SAMPLE_OVERLAP_NONINDEPENDENT
BreitfeldHall2018_GondwanaRes_STB95,STB95,BreitfeldHall2018_GondwanaRes,10.1016/j.gr.2018.06.001,TARGET_STRATIGRAPHIC,West Sarawak (Kuching Zone),Kayan–Ketungau basins / West Sarawak onshore,Tutoop Sandstone,Middle–Upper Eocene,Paleogene,33.9,48.07,,61,61,E1,0.5642444502813494,0.12238106570159624,0.3133744840170544,0.5642444502813494,0.250869966264295,0.8589022157010127,E1,E3,E1,2,False,True,E1::MAIN::10.1016/j.gr.2018.06.001::STB95,True,False,False,False,False,True,0,TRAINING_SAMPLE_OVERLAP_NONINDEPENDENT
BreitfeldHall2018_GondwanaRes_TB119,TB119,BreitfeldHall2018_GondwanaRes,10.1016/j.gr.2018.06.001,TARGET_STRATIGRAPHIC,West Sarawak (Kuching Zone),Kayan–Ketungau basins / West Sarawak onshore,Penrissen Sandstone,Lower Eocene,Paleogene,48.07,56.0,,167,167,E3,0.25117499325435266,0.2835694529871842,0.4652555537584631,0.4652555537584631,0.1816861007712789,0.9652228347442449,E1,E3,E3,2,False,False,,True,True,False,False,False,True,0,SAME_STUDY_AS_TRAINING
BreitfeldHall2018_GondwanaRes_TB121,TB121,BreitfeldHall2018_GondwanaRes,10.1016/j.gr.2018.06.001,TARGET_STRATIGRAPHIC,West Sarawak (Kuching Zone),Kayan–Ketungau basins / West Sarawak onshore,Penrissen Sandstone,Lower Eocene,Paleogene,48.07,56.0,,133,133,E3,0.276380409153145,0.21242277354921088,0.5111968172976442,0.5111968172976442,0.23481640814449922,0.9352823359770837,E1,E1,E1,0,False,False,,True,True,False,False,False,True,0,SAME_STUDY_AS_TRAINING
BreitfeldHall2018_GondwanaRes_TB124b,TB124b,BreitfeldHall2018_GondwanaRes,10.1016/j.gr.2018.06.001,TARGET_STRATIGRAPHIC,West Sarawak (Kuching Zone),Kayan–Ketungau basins / West Sarawak onshore,Kayan Sandstone,Upper Cretaceous,Cretaceous,66.0,100.5,,115,115,E1,0.6752950711813015,0.028127101319612914,0.29657782749908557,0.6752950711813015,0.37871724368221593,0.660871265942012,E1,E1,E1,3,True,False,,True,True,False,False,False,True,0,SAME_STUDY_AS_TRAINING
BreitfeldHall2018_GondwanaRes_TB144,TB144,BreitfeldHall2018_GondwanaRes,10.1016/j.gr.2018.06.001,TARGET_STRATIGRAPHIC,West Sarawak (Kuching Zone),Kayan–Ketungau basins / West Sarawak onshore,Bako-Mintu Sandstone,Middle–Upper Eocene,Paleogene,33.9,48.07,,142,142,E3,0.17921406084312919,0.21059821806804108,0.6101877210888299,0.6101877210888299,0.3995895030207888,0.8534371788792376,E3,E3,E3,3,True,True,E1::MAIN::10.1016/j.gr.2018.06.001::TB144,True,False,False,False,False,True,0,TRAINING_SAMPLE_OVERLAP_NONINDEPENDENT
BreitfeldHall2018_GondwanaRes_TB167,TB167,BreitfeldHall2018_GondwanaRes,10.1016/j.gr.2018.06.001,TARGET_STRATIGRAPHIC,West Sarawak (Kuching Zone),Kayan–Ketungau basins / West Sarawak onshore,Kayan Sandstone,Upper Cretaceous(?),Cretaceous,66.0,100.5,,132,132,E3,0.22270511952527125,0.2606123733843388,0.51668250709039,0.51668250709039,0.2560701337060512,0.9340078810856708,E3,E3,E3,3,True,False,,True,True,False,False,False,True,0,SAME_STUDY_AS_TRAINING
BreitfeldHall2018_GondwanaRes_TB171,TB171,BreitfeldHall2018_GondwanaRes,10.1016/j.gr.2018.06.001,TARGET_STRATIGRAPHIC,West Sarawak (Kuching Zone),Kayan–Ketungau basins / West Sarawak onshore,Bako-Mintu Sandstone,Middle–Upper Eocene,Paleogene,33.9,48.07,,137,137,E3,0.2290406033854232,0.31608632621748584,0.45487307039709096,0.45487307039709096,0.13878674417960513,0.9648011412645162,E3,E3,E3,3,True,True,E1::MAIN::10.1016/j.gr.2018.06.001::TB171,True,False,False,False,False,True,0,TRAINING_SAMPLE_OVERLAP_NONINDEPENDENT
BreitfeldHall2018_GondwanaRes_TB21,TB21,BreitfeldHall2018_GondwanaRes,10.1016/j.gr.2018.06.001,TARGET_STRATIGRAPHIC,West Sarawak (Kuching Zone),Kayan–Ketungau basins / West Sarawak onshore,Kayan Sandstone,Lower Eocene,Paleogene,48.07,56.0,,149,149,E3,0.2970927505404343,0.2265127373648733,0.4763945120946924,0.4763945120946924,0.1793017615542581,0.9559300742795868,E1,E1,E1,0,False,False,,True,True,False,False,False,True,0,SAME_STUDY_AS_TRAINING
BreitfeldHall2018_GondwanaRes_TB210,TB210,BreitfeldHall2018_GondwanaRes,10.1016/j.gr.2018.06.001,TARGET_STRATIGRAPHIC,West Sarawak (Kuching Zone),Kayan–Ketungau basins / West Sarawak onshore,Marup Sandstone Member (Silantek Formation),Middle Eocene,Paleogene,38.0,48.07,,162,162,E3,0.21715238580076632,0.3084171159138611,0.47443049828537276,0.47443049828537276,0.16601338237151164,0.9540869915886447,E3,E3,E3,3,True,True,E1::MAIN::10.1016/j.gr.2018.06.001::TB210,True,False,False,False,False,True,0,TRAINING_SAMPLE_OVERLAP_NONINDEPENDENT
BreitfeldHall2018_GondwanaRes_TB218,TB218,BreitfeldHall2018_GondwanaRes,10.1016/j.gr.2018.06.001,TARGET_STRATIGRAPHIC,West Sarawak (Kuching Zone),Kayan–Ketungau basins / West Sarawak onshore,Temudok Sandstone Member (Silantek Formation),Middle Eocene,Paleogene,38.0,48.07,,178,178,E3,0.1939374053846859,0.32898302165860155,0.477079572956713,0.477079572956713,0.14809655129811145,0.9438450697932412,E3,E2,E3,2,False,True,E1::MAIN::10.1016/j.gr.2018.06.001::TB218,True,False,False,False,False,True,0,TRAINING_SAMPLE_OVERLAP_NONINDEPENDENT
BreitfeldHall2018_GondwanaRes_TB227,TB227,BreitfeldHall2018_GondwanaRes,10.1016/j.gr.2018.06.001,TARGET_STRATIGRAPHIC,West Sarawak (Kuching Zone),Kayan–Ketungau basins / West Sarawak onshore,Tutoop Sandstone,Middle–Upper Eocene,Paleogene,33.9,48.07,,168,168,E3,0.30162516629935765,0.2080068723653935,0.4903679613352488,0.4903679613352488,0.18874279503589114,0.9444313290211502,E1,E1,E1,0,False,True,E1::MAIN::10.1016/j.gr.2018.06.001::TB227,True,False,False,False,False,True,0,TRAINING_SAMPLE_OVERLAP_NONINDEPENDENT
BreitfeldHall2018_GondwanaRes_TB60a,TB60a,BreitfeldHall2018_GondwanaRes,10.1016/j.gr.2018.06.001,TARGET_STRATIGRAPHIC,West Sarawak (Kuching Zone),Kayan–Ketungau basins / West Sarawak onshore,Ngili Sandstone,Middle Eocene,Paleogene,38.0,48.07,,139,139,E3,0.16472091273152353,0.34413215758516674,0.49114692968330964,0.49114692968330964,0.1470147720981429,0.922419932432176,E2,E2,E1,0,False,False,,True,True,False,False,False,True,0,SAME_STUDY_AS_TRAINING
BreitfeldHall2018_GondwanaRes_TB89b,TB89b,BreitfeldHall2018_GondwanaRes,10.1016/j.gr.2018.06.001,TARGET_STRATIGRAPHIC,West Sarawak (Kuching Zone),Kayan–Ketungau basins / West Sarawak onshore,Kayan Sandstone,Paleocene,Paleogene,56.0,66.0,,143,143,E1,0.7236644336161595,0.04915307941429956,0.22718248696954077,0.7236644336161595,0.4964819466466187,0.6543045022643506,E1,E1,E1,3,True,False,,True,True,False,False,False,True,0,SAME_STUDY_AS_TRAINING
Witts2012_JAES_BT236,BT236,Witts2012_JAES,10.1016/j.jseaes.2012.04.022,TARGET_STRATIGRAPHIC,"Barito Basin, SE Kalimantan",Barito Basin,Tanjung Formation-Tambak Member,Middle–Upper Eocene,Paleogene,33.9,48.07,,119,119,E3,0.2750567232283886,0.21165951483751197,0.5132837619340995,0.5132837619340995,0.23822703870571094,0.933923245750021,E1,E3,E3,2,False,False,,False,True,True,False,False,True,0,OK
Witts2012_JAES_BT239,BT239,Witts2012_JAES,10.1016/j.jseaes.2012.04.022,TARGET_STRATIGRAPHIC,"Barito Basin, SE Kalimantan",Barito Basin,Tanjung Formation-Tambak Member,Middle–Upper Eocene,Paleogene,33.9,48.07,,120,120,E3,0.3366279826259445,0.24299468298624424,0.42037733438781133,0.42037733438781133,0.08374935176186682,0.9781259876537266,E1,E3,E1,1,False,False,,False,True,True,False,False,True,0,OK
Witts2012_JAES_BT303,BT303,Witts2012_JAES,10.1016/j.jseaes.2012.04.022,TARGET_STRATIGRAPHIC,"Barito Basin, SE Kalimantan",Barito Basin,Tanjung Formation-Tambak Member,Middle–Upper Eocene,Paleogene,33.9,48.07,,119,119,E3,0.3627423518860294,0.11375735980687289,0.5235002883070978,0.5235002883070978,0.16075793642106845,0.8683090664100515,E1,E1,E1,0,False,False,,False,True,True,False,False,True,0,OK
Witts2012_JAES_BT305,BT305,Witts2012_JAES,10.1016/j.jseaes.2012.04.022,TARGET_STRATIGRAPHIC,"Barito Basin, SE Kalimantan",Barito Basin,Tanjung Formation-Tambak Member,Middle–Upper Eocene,Paleogene,33.9,48.07,,120,120,E3,0.35527597627925567,0.2547478857412977,0.3899761379794466,0.3899761379794466,0.03470016170019091,0.9860190356696047,E1,E1,E1,0,False,False,,False,True,True,False,False,True,0,OK
Witts2012_JAES_BT321,BT321,Witts2012_JAES,10.1016/j.jseaes.2012.04.022,TARGET_STRATIGRAPHIC,"Barito Basin, SE Kalimantan",Barito Basin,Tanjung Formation-Tambak Member,Middle–Upper Eocene,Paleogene,33.9,48.07,,120,119,E3,0.2860285462217306,0.30338889902408606,0.41058255475418337,0.41058255475418337,0.10719365573009731,0.9879438168594864,E1,E3,E3,2,False,False,,False,True,True,False,False,True,1,OUT_OF_GRID_AGE_OMITTED
Witts2012_JAES_BT330,BT330,Witts2012_JAES,10.1016/j.jseaes.2012.04.022,TARGET_STRATIGRAPHIC,"Barito Basin, SE Kalimantan",Barito Basin,Tanjung Formation-Tambak Member,Middle–Upper Eocene,Paleogene,33.9,48.07,,117,117,E1,0.4434133167688749,0.1438657624917503,0.4127209207393748,0.4434133167688749,0.030692396029500135,0.914604852520045,E1,E1,E1,3,True,False,,False,True,True,False,False,True,0,OK
Witts2012_JAES_BT376a,BT376a,Witts2012_JAES,10.1016/j.jseaes.2012.04.022,TARGET_STRATIGRAPHIC,"Barito Basin, SE Kalimantan",Barito Basin,Tanjung Formation-Tambak Member,Middle–Upper Eocene,Paleogene,33.9,48.07,,118,118,E3,0.34636625984411773,0.2493494686603838,0.40428427149549845,0.40428427149549845,0.05791801165138072,0.9827798481108234,E1,E1,E1,0,False,False,,False,True,True,False,False,True,0,OK
vanHattum2013_JAES_03-41A,03-41A,vanHattum2013_JAES,10.1016/j.jseaes.2013.02.033,TARGET_STRATIGRAPHIC,Sabah (Rajang/Crocker flysch belt),Crocker Fan / NW Sabah basins,Crocker Formation,Eocene–Oligocene (approx.),Paleogene,23.03,56.0,,66,66,E2,0.2648299578564469,0.3960221293703658,0.33914791277318745,0.3960221293703658,0.05687421659717834,0.9879986044583545,E3,E2,E2,2,False,False,,False,True,True,False,False,True,0,OK
vanHattum2013_JAES_03-41B,03-41B,vanHattum2013_JAES,10.1016/j.jseaes.2013.02.033,TARGET_STRATIGRAPHIC,Sabah (Rajang/Crocker flysch belt),Crocker Fan / NW Sabah basins,Trusmadi Formation,Eocene (approx.),Paleogene,33.9,56.0,,48,48,E3,0.24424462129138583,0.3136995107664968,0.44205586794211765,0.44205586794211765,0.12835635717562083,0.9728820667649412,E1,E3,E3,2,False,False,,False,True,True,False,False,True,0,OK
vanHattum2013_JAES_03-41C,03-41C,vanHattum2013_JAES,10.1016/j.jseaes.2013.02.033,TARGET_STRATIGRAPHIC,Sabah (Rajang/Crocker flysch belt),Crocker Fan / NW Sabah basins,Sapulut Formation,Eocene (approx.),Paleogene,33.9,56.0,,54,54,E3,0.36199234689425064,0.25908341797319634,0.37892423513255313,0.37892423513255313,0.016931888238302495,0.9880344334303032,E1,E3,E3,2,False,False,,False,True,True,False,False,True,0,OK
vanHattum2013_JAES_03-43A,03-43A,vanHattum2013_JAES,10.1016/j.jseaes.2013.02.033,TARGET_STRATIGRAPHIC,Sabah (Rajang/Crocker flysch belt),Crocker Fan / NW Sabah basins,Crocker Formation,Eocene–Oligocene (approx.),Paleogene,23.03,56.0,,72,72,E3,0.2519179717740774,0.11942396739787868,0.6286580608280442,0.6286580608280442,0.37674008905396683,0.8127479720966828,E3,E3,E1,2,False,False,,False,True,True,False,False,True,0,OK
vanHattum2013_JAES_03-43B,03-43B,vanHattum2013_JAES,10.1016/j.jseaes.2013.02.033,TARGET_STRATIGRAPHIC,Sabah (Rajang/Crocker flysch belt),Crocker Fan / NW Sabah basins,Crocker Formation,Eocene–Oligocene (approx.),Paleogene,23.03,56.0,,70,70,E2,0.2877112354481325,0.39059715753290103,0.3216916070189665,0.39059715753290103,0.06890555051393454,0.9925907988523401,E2,E2,E2,3,True,False,,False,True,True,False,False,True,0,OK
vanHattum2013_JAES_MVH02-087,MVH02-087,vanHattum2013_JAES,10.1016/j.jseaes.2013.02.033,TARGET_STRATIGRAPHIC,"Kudat Peninsula, N Sabah","Kudat Formation (Early Miocene, Tajau Sst Mbr area)",Kudat Formation (Tajau Member),Miocene,Neogene,5.33,23.03,,57,57,E3,0.28185707571194446,0.13479089091387023,0.5833520333741852,0.5833520333741852,0.3014949576622407,0.8569558652219963,E3,E3,E3,3,True,False,,False,True,True,False,False,True,0,OK
vanHattum2013_JAES_MVH02-115,MVH02-115,vanHattum2013_JAES,10.1016/j.jseaes.2013.02.033,TARGET_STRATIGRAPHIC,Sabah (Rajang/Crocker flysch belt),Crocker Fan / NW Sabah basins,Crocker Formation (upper),–87.0 Ma (est 30.0),Oligocene,,87.0,30.0,20,20,E3,0.23171846002471516,0.25642052276490496,0.5118610172103798,0.5118610172103798,0.25544049444547484,0.9380858664406955,E3,E2,E2,1,False,False,,False,True,True,False,False,False,0,OK
vanHattum2013_JAES_MVH02-116,MVH02-116,vanHattum2013_JAES,10.1016/j.jseaes.2013.02.033,TARGET_STRATIGRAPHIC,Sabah (Rajang/Crocker flysch belt),Crocker Fan / NW Sabah basins,Crocker Formation (upper),–98.0 Ma (est 25.0),Oligocene,,98.0,25.0,66,66,E2,0.25700751283335443,0.4283111287561417,0.3146813584105041,0.4283111287561417,0.11362977034563759,0.9795844312711395,E3,E2,E2,2,False,False,,False,True,True,False,False,False,0,OK
vanHattum2013_JAES_MVH02-142,MVH02-142,vanHattum2013_JAES,10.1016/j.jseaes.2013.02.033,TARGET_STRATIGRAPHIC,Sabah (Rajang/Crocker flysch belt),Crocker Fan / NW Sabah basins,Crocker Formation (lower),–43.0 Ma (est 42.0),Eocene,,43.0,42.0,66,66,E3,0.17971105414599292,0.3219957402415089,0.49829320561249857,0.49829320561249857,0.17629746537098967,0.9288466920544662,E1,E3,E3,2,False,False,,False,True,True,False,False,False,0,OK
vanHattum2013_JAES_MVH02-264,MVH02-264,vanHattum2013_JAES,10.1016/j.jseaes.2013.02.033,TARGET_STRATIGRAPHIC,Sabah (Rajang/Crocker flysch belt),Crocker Fan / NW Sabah basins,Labang Formation (lower),–56.0 Ma (est 50.0),Eocene,,56.0,50.0,27,27,E3,0.32691434045461915,0.28386016882550746,0.3892254907198735,0.3892254907198735,0.062311150265254356,0.9923776488811094,E1,E3,E3,2,False,False,,False,True,True,False,False,False,0,OK
vanHattum2013_JAES_MVH02-271,MVH02-271,vanHattum2013_JAES,10.1016/j.jseaes.2013.02.033,TARGET_STRATIGRAPHIC,Sabah (Rajang/Crocker flysch belt),Crocker Fan / NW Sabah basins,Crocker Formation (lower),–73.0 Ma (est 35.0),Eocene,,73.0,35.0,72,72,E3,0.2582833006153247,0.11012486344808427,0.6315918359365912,0.6315918359365912,0.3733085353212665,0.8035706040528726,E3,E3,E1,2,False,False,,False,True,True,False,False,False,0,OK
Breitfeld2020_JAES_Ny-03,Ny-03,Breitfeld2020_JAES,10.1016/j.jseaes.2020.104331,TARGET_STRATIGRAPHIC,Sarawak onshore (Tatau–Nyalau belt / Merit-Pila),Tatau–Nyalau successions (Sarawak Basin),Nyalau Fm. Upper Nyalau Mbr.,20.0–22.0 Ma (est 21.0),Miocene,20.0,22.0,21.0,120,120,E3,0.32256998337434245,0.29325982471115253,0.38417019191450513,0.38417019191450513,0.06160020854016268,0.9941921477314914,E2,E2,E3,1,False,False,,False,True,True,False,False,False,0,OK
Breitfeld2020_JAES_Ny-05,Ny-05,Breitfeld2020_JAES,10.1016/j.jseaes.2020.104331,TARGET_STRATIGRAPHIC,Sarawak onshore (Tatau–Nyalau belt / Merit-Pila),Tatau–Nyalau successions (Sarawak Basin),Nyalau Fm. Upper Nyalau Mbr.,20.0–22.0 Ma (est 21.0),Miocene,20.0,22.0,21.0,116,116,E2,0.26731406143060193,0.37490664635796445,0.3577792922114335,0.37490664635796445,0.017127354146530938,0.9905478078970298,E3,E2,E2,2,False,False,,False,True,True,False,False,False,0,OK
Breitfeld2020_JAES_TB243,TB243,Breitfeld2020_JAES,10.1016/j.jseaes.2020.104331,TARGET_STRATIGRAPHIC,Sarawak onshore (Tatau–Nyalau belt / Merit-Pila),Tatau–Nyalau successions (Sarawak Basin),Merit-Pila Formation,20.0–24.0 Ma (est 22.0),Miocene,20.0,24.0,22.0,123,123,E3,0.2485644010045196,0.3006347626579171,0.45080083633756346,0.45080083633756346,0.15016607367964635,0.9707718919552545,E3,E3,E2,2,False,False,,False,True,True,False,False,False,0,OK
Breitfeld2020_JAES_TB244a,TB244a,Breitfeld2020_JAES,10.1016/j.jseaes.2020.104331,TARGET_STRATIGRAPHIC,Sarawak onshore (Tatau–Nyalau belt / Merit-Pila),Tatau–Nyalau successions (Sarawak Basin),Merit-Pila Formation,23.0–27.0 Ma (est 25.0),Oligocene,23.0,27.0,25.0,138,138,E3,0.22043954751859243,0.32962285800270513,0.44993759447870246,0.44993759447870246,0.12031473647599733,0.9634810745581243,E3,E3,E3,3,True,False,,False,True,True,False,False,False,0,OK
Breitfeld2020_JAES_TB50,TB50,Breitfeld2020_JAES,10.1016/j.jseaes.2020.104331,TARGET_STRATIGRAPHIC,Sarawak onshore (Tatau–Nyalau belt / Merit-Pila),Tatau–Nyalau successions (Sarawak Basin),Kakus Unit,16.0–18.0 Ma (est 17.0),Miocene,16.0,18.0,17.0,121,121,E3,0.2871614060808103,0.1509441234387986,0.5618944704803911,0.5618944704803911,0.2747330643995808,0.880752533230097,E3,E3,E3,3,True,False,,False,True,True,False,False,False,0,OK
Breitfeld2020_JAES_TB51,TB51,Breitfeld2020_JAES,10.1016/j.jseaes.2020.104331,TARGET_STRATIGRAPHIC,Sarawak onshore (Tatau–Nyalau belt / Merit-Pila),Tatau–Nyalau successions (Sarawak Basin),Nyalau Fm. Biban Mbr.,25.0–29.0 Ma (est 27.0),Oligocene,25.0,29.0,27.0,129,129,E3,0.3300878307233789,0.3091011865927045,0.36081098268391654,0.36081098268391654,0.030723151960537654,0.9981600089412511,E3,E2,E3,2,False,False,,False,True,True,False,False,False,0,OK
Breitfeld2020_JAES_TB52,TB52,Breitfeld2020_JAES,10.1016/j.jseaes.2020.104331,TARGET_STRATIGRAPHIC,Sarawak onshore (Tatau–Nyalau belt / Merit-Pila),Tatau–Nyalau successions (Sarawak Basin),Nyalau Fm. Biban Mbr.,26.0–30.0 Ma (est 28.0),Oligocene,26.0,30.0,28.0,131,131,E3,0.2930994950738045,0.3517461611928043,0.3551543437333912,0.3551543437333912,0.003408182540586946,0.9966041051435017,E2,E2,E3,1,False,False,,False,True,True,False,False,False,0,OK
Kueter2016_Lithos_Cem,Cem,Kueter2016_Lithos,10.1016/j.lithos.2016.05.003,TARGET_STRATIGRAPHIC,"Meratus Mountains, SE Kalimantan",Meratus arc–continent collision zone,Dahor Formation,0.0–2.0 Ma (est 1.0),Quaternary,0.0,2.0,1.0,99,99,E1,0.46382449302883993,0.13588902363152264,0.40028648333963734,0.46382449302883993,0.06353800968920259,0.9048215817466134,E1,E1,E1,3,True,False,,False,True,True,False,False,False,0,OK
Kueter2016_Lithos_IK20-1,IK20-1,Kueter2016_Lithos,10.1016/j.lithos.2016.05.003,TARGET_STRATIGRAPHIC,"Meratus Mountains, SE Kalimantan",Meratus arc–continent collision zone,Paniungang Formation,66.0–84.0 Ma (est 75.0),Cretaceous,66.0,84.0,75.0,131,131,E3,0.3532221300766739,0.10844635620154242,0.5383315137217835,0.5383315137217835,0.18510938364510954,0.8573318948803729,E1,E1,E1,0,False,False,,False,True,True,False,False,False,0,OK
Kueter2016_Lithos_IK21-1,IK21-1,Kueter2016_Lithos,10.1016/j.lithos.2016.05.003,TARGET_STRATIGRAPHIC,"Meratus Mountains, SE Kalimantan",Meratus arc–continent collision zone,Pauu Formation,66.0–84.0 Ma (est 75.0),Cretaceous,66.0,84.0,75.0,126,126,E1,0.656311398321985,0.3012221124375229,0.042466489240491415,0.656311398321985,0.35508928588446215,0.7026844469247263,E1,E1,E1,3,True,False,,False,True,True,False,False,False,0,OK
Kueter2016_Lithos_IK22-8,IK22-8,Kueter2016_Lithos,10.1016/j.lithos.2016.05.003,TARGET_STRATIGRAPHIC,"Meratus Mountains, SE Kalimantan",Meratus arc–continent collision zone,Manunggul Formation,Upper Cretaceous,Cretaceous,66.0,100.5,,167,167,E3,0.25447905400667714,0.33413067783507167,0.4113902681582513,0.4113902681582513,0.07725959032317964,0.9830109188106995,E1,E3,E1,1,False,False,,False,True,True,False,False,True,0,OK
Kueter2016_Lithos_IK9-1,IK9-1,Kueter2016_Lithos,10.1016/j.lithos.2016.05.003,TARGET_STRATIGRAPHIC,"Meratus Mountains, SE Kalimantan",Meratus arc–continent collision zone,Keramaian Formation,72.0–84.0 Ma (est 78.0),Cretaceous,72.0,84.0,78.0,93,93,E1,0.6911937839605249,0.056538287668063784,0.25226792837141143,0.6911937839605249,0.43892585558911346,0.6964666432326194,E1,E1,E1,3,True,False,,False,True,True,False,False,False,0,OK
Kueter2016_Lithos_M3,M3,Kueter2016_Lithos,10.1016/j.lithos.2016.05.003,TARGET_STRATIGRAPHIC,"Meratus Mountains, SE Kalimantan",Meratus arc–continent collision zone,Manunggul Fm. Pamali Mbr.,66.0–84.0 Ma (est 75.0),Cretaceous,66.0,84.0,75.0,143,143,E3,0.2672262309880039,0.33952372282676385,0.39325004618523235,0.39325004618523235,0.0537263233584685,0.9889104268235079,E1,E3,E3,2,False,False,,False,True,True,False,False,False,0,OK
Zhang2023_Lithos_15SB05,15SB05,Zhang2023_Lithos,10.1016/j.lithos.2023.107089,TARGET_STRATIGRAPHIC,Sabah,Sabah Basin (Crocker Fan & Neogene cover),Trusmadi Formation,Paleocene,Paleogene,56.0,66.0,,190,190,E2,0.27042467660123254,0.4467767082485358,0.2827986151502318,0.4467767082485358,0.16397809309830402,0.9746821291525908,E2,E2,E2,3,True,False,,False,True,True,False,False,True,0,OK
Zhang2023_Lithos_15SB10,15SB10,Zhang2023_Lithos,10.1016/j.lithos.2023.107089,TARGET_STRATIGRAPHIC,Sabah,Sabah Basin (Crocker Fan & Neogene cover),Crocker Formation (lower),Eocene,Paleogene,33.9,56.0,,150,150,E3,0.22413239940419757,0.32944263623908626,0.4464249643567162,0.4464249643567162,0.11698232811762993,0.965787767465182,E1,E3,E3,2,False,False,,False,True,True,False,False,True,0,OK
Zhang2023_Lithos_15SB19,15SB19,Zhang2023_Lithos,10.1016/j.lithos.2023.107089,TARGET_STRATIGRAPHIC,Sabah,Sabah Basin (Crocker Fan & Neogene cover),Kulapis Formation,Eocene,Paleogene,33.9,56.0,,148,148,E2,0.2762689153966432,0.4477657400871599,0.27596534451619703,0.4477657400871599,0.1714968246905167,0.9743746027071885,E2,E2,E2,3,True,False,,False,True,True,False,False,True,0,OK
Zhang2023_Lithos_15SB20,15SB20,Zhang2023_Lithos,10.1016/j.lithos.2023.107089,TARGET_STRATIGRAPHIC,Sabah,Sabah Basin (Crocker Fan & Neogene cover),,Miocene,Neogene,5.33,23.03,,156,156,E3,0.24820690797374065,0.28534686504537304,0.4664462269808865,0.4664462269808865,0.18109936193551346,0.9643360113749658,E3,E2,E2,1,False,False,,False,True,True,False,False,True,0,OK
Zhang2023_Lithos_15SB30,15SB30,Zhang2023_Lithos,10.1016/j.lithos.2023.107089,TARGET_STRATIGRAPHIC,Sabah,Sabah Basin (Crocker Fan & Neogene cover),Ganduman Formation,Pliocene,Neogene,2.58,5.33,,111,111,E3,0.3179064479789912,0.16651905578284654,0.5155744962381621,0.5155744962381621,0.1976680482591709,0.9142299540140852,E3,E3,E1,2,False,False,,False,True,True,False,False,True,0,OK
Zhang2023_Lithos_15SB39,15SB39,Zhang2023_Lithos,10.1016/j.lithos.2023.107089,TARGET_STRATIGRAPHIC,Sabah,Sabah Basin (Crocker Fan & Neogene cover),,Pliocene,Neogene,2.58,5.33,,97,97,E3,0.3243692162386961,0.2535546782426894,0.42207610551861474,0.42207610551861474,0.09770688927991866,0.9805007004344457,E3,E2,E2,1,False,False,,False,True,True,False,False,True,0,OK
Zhu2022_MarPetGeol_RJ-02c,RJ-02c,Zhu2022_MarPetGeol,10.1016/j.marpetgeo.2021.105500,TARGET_STRATIGRAPHIC,Central Sarawak (Sibu zone),Rajang Group (Sibu zone),Rajang Group–Layar Member (Sibu zone),Upper Cretaceous(?)(?),Cretaceous–Paleogene,66.0,100.5,,117,117,E3,0.2134482127382612,0.2404382298225233,0.5461135574392153,0.5461135574392153,0.305675327616692,0.9126926620255942,E3,E3,E1,2,False,False,,False,True,True,False,False,True,0,OK
Zhu2022_MarPetGeol_RJ-09g,RJ-09g,Zhu2022_MarPetGeol,10.1016/j.marpetgeo.2021.105500,TARGET_STRATIGRAPHIC,Central Sarawak (Sibu zone),Rajang Group (Sibu zone),Rajang Group (Sibu zone; member not stated in supplement),Rajang Group (Sibu zone)(?),Cretaceous–Paleogene,33.9,100.5,,120,120,E3,0.2831352612155938,0.09095635254419715,0.6259083862402092,0.6259083862402092,0.3427731250246154,0.7906296239749805,E3,E3,E1,2,False,False,,False,True,True,False,False,True,0,OK
Zhu2022_MarPetGeol_RJ-17e,RJ-17e,Zhu2022_MarPetGeol,10.1016/j.marpetgeo.2021.105500,TARGET_STRATIGRAPHIC,Central Sarawak (Sibu zone),Rajang Group (Sibu zone),Rajang Group–Metah Member (Sibu zone),Middle–Upper Eocene(?)(?),Cretaceous–Paleogene,33.9,48.07,,120,120,E2,0.27122600500736216,0.4309326116582236,0.29784138333441434,0.4309326116582236,0.13309122832380926,0.9806924919301602,E3,E2,E2,2,False,False,,False,True,True,False,False,True,0,OK
Breitfeld2023_MarPetGeol_Be-01,Be-01,Breitfeld2023_MarPetGeol,10.1016/j.marpetgeo.2023.106537,TARGET_STRATIGRAPHIC,"Onshore West Baram Delta (Miri area), northern Sarawak",West Baram Delta (onshore),southern Lambir/ Belait-Sarawak,Middle–Late Miocene,Neogene,5.33,15.97,,241,241,E3,0.25127412336667954,0.3339621377067635,0.4147637389265571,0.4147637389265571,0.08080160121979363,0.9815467391947321,E3,E2,E3,2,False,False,,False,True,True,False,False,True,0,OK
Breitfeld2023_MarPetGeol_La-01,La-01,Breitfeld2023_MarPetGeol,10.1016/j.marpetgeo.2023.106537,TARGET_STRATIGRAPHIC,"Onshore West Baram Delta (Miri area), northern Sarawak",West Baram Delta (onshore),Lambir Fm,Middle Miocene,Neogene,11.63,15.97,,44,44,E3,0.2954186998297627,0.34772811645777024,0.35685318371246716,0.35685318371246716,0.009125067254696917,0.99694124938545,E3,E3,E3,3,True,False,,False,True,True,False,False,True,0,OK
Breitfeld2023_MarPetGeol_La-02,La-02,Breitfeld2023_MarPetGeol,10.1016/j.marpetgeo.2023.106537,TARGET_STRATIGRAPHIC,"Onshore West Baram Delta (Miri area), northern Sarawak",West Baram Delta (onshore),Lambir Fm,Middle Miocene,Neogene,11.63,15.97,,136,136,E3,0.17707179675886653,0.28279187397584066,0.5401363292652928,0.5401363292652928,0.2573444552894521,0.9069746256509369,E3,E3,E3,3,True,False,,False,True,True,False,False,True,0,OK
Breitfeld2023_MarPetGeol_Mi-01,Mi-01,Breitfeld2023_MarPetGeol,10.1016/j.marpetgeo.2023.106537,TARGET_STRATIGRAPHIC,"Onshore West Baram Delta (Miri area), northern Sarawak",West Baram Delta (onshore),Miri Fm,Middle–Late Miocene,Neogene,5.33,15.97,,130,130,E3,0.25587661658226196,0.32411842363124554,0.4200049597864926,0.4200049597864926,0.09588653615524706,0.9815032864554178,E3,E3,E3,3,True,False,,False,True,True,False,False,True,0,OK
Breitfeld2023_MarPetGeol_Mi-02,Mi-02,Breitfeld2023_MarPetGeol,10.1016/j.marpetgeo.2023.106537,TARGET_STRATIGRAPHIC,"Onshore West Baram Delta (Miri area), northern Sarawak",West Baram Delta (onshore),Miri Fm,Middle–Late Miocene,Neogene,5.33,15.97,,45,45,E3,0.18758481039043934,0.23497191837920617,0.5774432712303544,0.5774432712303544,0.34247135285114827,0.8841473624737678,E3,E3,E3,3,True,False,,False,True,True,False,False,True,0,OK
Breitfeld2023_MarPetGeol_Tu-01,Tu-01,Breitfeld2023_MarPetGeol,10.1016/j.marpetgeo.2023.106537,TARGET_STRATIGRAPHIC,"Onshore West Baram Delta (Miri area), northern Sarawak",West Baram Delta (onshore),Tukau Fm,Middle Miocene–Pliocene,Neogene,2.58,15.97,,114,114,E2,0.29383237404189383,0.3584536523759522,0.34771397358215406,0.3584536523759522,0.010739678793798169,0.9966609659825136,E3,E3,E3,0,False,False,,False,True,True,False,False,True,0,OK
Breitfeld2017_Tectonophysics_712,712,Breitfeld2017_Tectonophysics,10.1016/j.tecto.2016.11.034,TARGET_STRATIGRAPHIC,West Sarawak (Kuching Zone),Sadong–Kuching Basin / Bau–Pedawan Basin,Sadong Formation,226.0–240.0 Ma (est 233.0),Triassic,226.0,240.0,233.0,131,131,E2,0.24978869993974537,0.5646167649628561,0.18559453509739882,0.5646167649628561,0.31482806502311067,0.8936801583106405,E3,E3,E2,1,False,False,,False,True,True,False,False,False,0,OK
Breitfeld2017_Tectonophysics_713b,713b,Breitfeld2017_Tectonophysics,10.1016/j.tecto.2016.11.034,TARGET_STRATIGRAPHIC,West Sarawak (Kuching Zone),Sadong–Kuching Basin / Bau–Pedawan Basin,Sadong Formation,226.0–240.0 Ma (est 233.0),Triassic,226.0,240.0,233.0,148,148,E2,0.23472558808145486,0.5692656946064861,0.19600871731205907,0.5692656946064861,0.3345401065250313,0.8923445150704802,E3,E3,E2,1,False,False,,False,True,True,False,False,False,0,OK
Breitfeld2017_Tectonophysics_STB-07a,STB-07a,Breitfeld2017_Tectonophysics,10.1016/j.tecto.2016.11.034,TARGET_STRATIGRAPHIC,West Sarawak (Kuching Zone),Sadong–Kuching Basin / Bau–Pedawan Basin,Pedawan Formation,86.0–96.0 Ma (est 91.0),Cretaceous,86.0,96.0,91.0,86,86,E3,0.2209445572662088,0.3051819874518328,0.4738734552819585,0.4738734552819585,0.16869146783012573,0.9554706646470255,E3,E3,E3,3,True,False,,False,True,True,False,False,False,0,OK
Breitfeld2017_Tectonophysics_STB-34,STB-34,Breitfeld2017_Tectonophysics,10.1016/j.tecto.2016.11.034,TARGET_STRATIGRAPHIC,West Sarawak (Kuching Zone),Sadong–Kuching Basin / Bau–Pedawan Basin,Pedawan Formation,86.0–96.0 Ma (est 91.0),Cretaceous,86.0,96.0,91.0,79,79,E3,0.15708952625026817,0.06021707824271504,0.7826933955070168,0.7826933955070168,0.6256038692567486,0.5932321423728512,E3,E3,E1,2,False,False,,False,True,True,False,False,False,0,OK
Breitfeld2017_Tectonophysics_STB-68b,STB-68b,Breitfeld2017_Tectonophysics,10.1016/j.tecto.2016.11.034,TARGET_STRATIGRAPHIC,West Sarawak (Kuching Zone),Sadong–Kuching Basin / Bau–Pedawan Basin,Pedawan Formation,86.0–96.0 Ma (est 91.0),Cretaceous,86.0,96.0,91.0,113,113,E1,0.8383803872649306,0.0540011580556778,0.1076184546793916,0.8383803872649306,0.730761932585539,0.49636025055756444,E1,E1,E1,3,True,False,,False,True,True,False,False,False,0,OK
Breitfeld2017_Tectonophysics_TB-250a,TB-250a,Breitfeld2017_Tectonophysics,10.1016/j.tecto.2016.11.034,TARGET_STRATIGRAPHIC,West Sarawak (Kuching Zone),Sadong–Kuching Basin / Bau–Pedawan Basin,Kuching Formation,220.0–230.0 Ma (est 225.0),Triassic,220.0,230.0,225.0,132,132,E2,0.21150771981395078,0.5302539277990476,0.2582383523870019,0.5302539277990476,0.2720155754120457,0.9235199644279595,E2,E3,E2,2,False,False,,False,True,True,False,False,False,0,OK
Breitfeld2026_Tectonophysics_K-01E,K-01E,Breitfeld2026_Tectonophysics,10.1016/j.tecto.2025.230980,TARGET_STRATIGRAPHIC,"Sabah, northern Borneo (deep-water sequences)",NW Borneo / Crocker Fan & onshore Sabah basins,Kuamut Formation,Middle Miocene,Neogene,11.63,15.97,,86,86,E3,0.30793105880800814,0.2474333100391525,0.44463563115283955,0.44463563115283955,0.1367045723448314,0.9727287417797138,E3,E3,E3,3,True,False,,False,True,True,False,False,True,0,OK
Breitfeld2026_Tectonophysics_KSF12,KSF12,Breitfeld2026_Tectonophysics,10.1016/j.tecto.2025.230980,TARGET_STRATIGRAPHIC,"Sabah, northern Borneo (deep-water sequences)",NW Borneo / Crocker Fan & onshore Sabah basins,Temburong Formation,,,,,,117,117,E2,0.2969967982433428,0.405706813997649,0.29729638775900813,0.405706813997649,0.10841042623864089,0.9896033562657466,E1,E3,E3,0,False,False,,False,True,True,False,True,True,0,DEPOSITIONAL_AGE_UNSPECIFIED
Breitfeld2026_Tectonophysics_MVH02-084,MVH02-084,Breitfeld2026_Tectonophysics,10.1016/j.tecto.2025.230980,TARGET_STRATIGRAPHIC,"Sabah, northern Borneo (deep-water sequences)",NW Borneo / Crocker Fan & onshore Sabah basins,Kudat Formation (Tajau Member),Early Miocene,Neogene,15.97,20.44,,70,70,E3,0.27357484343413513,0.06339444007949087,0.6630307164863738,0.6630307164863738,0.38945587305223867,0.7299481342748354,E3,E1,E1,1,False,False,,False,True,True,False,False,True,0,OK
Breitfeld2026_Tectonophysics_MVH02-087,MVH02-087,Breitfeld2026_Tectonophysics,10.1016/j.tecto.2025.230980,TARGET_STRATIGRAPHIC,"Sabah, northern Borneo (deep-water sequences)",NW Borneo / Crocker Fan & onshore Sabah basins,Kudat Formation (Tajau Member),Early Miocene,Neogene,15.97,20.44,,100,100,E3,0.25599931483078114,0.1043488329255599,0.6396518522436588,0.6396518522436588,0.3836525374128777,0.7923324045126037,E3,E3,E1,2,False,False,,False,True,True,False,False,True,0,OK
Breitfeld2026_Tectonophysics_MVH02-091,MVH02-091,Breitfeld2026_Tectonophysics,10.1016/j.tecto.2025.230980,TARGET_STRATIGRAPHIC,"Sabah, northern Borneo (deep-water sequences)",NW Borneo / Crocker Fan & onshore Sabah basins,Kudat Formation (Tajau Member),Early Miocene,Neogene,15.97,20.44,,27,27,E3,0.34637454846682186,0.11238301375779607,0.5412424377753822,0.5412424377753822,0.1948678893085603,0.8603144810568202,E3,E3,E3,3,True,False,,False,True,True,False,False,True,0,OK
Breitfeld2026_Tectonophysics_MVH02-103,MVH02-103,Breitfeld2026_Tectonophysics,10.1016/j.tecto.2025.230980,TARGET_STRATIGRAPHIC,"Sabah, northern Borneo (deep-water sequences)",NW Borneo / Crocker Fan & onshore Sabah basins,Crocker Formation (lower),Eocene–early Oligocene,Paleogene,23.03,56.0,,90,90,E1,0.5487447154532389,0.08205794149578831,0.3691973430509728,0.5487447154532389,0.1795473724022661,0.8213659585719769,E1,E1,E1,3,True,False,,False,True,True,False,False,True,0,OK
Breitfeld2026_Tectonophysics_MVH02-115,MVH02-115,Breitfeld2026_Tectonophysics,10.1016/j.tecto.2025.230980,TARGET_STRATIGRAPHIC,"Sabah, northern Borneo (deep-water sequences)",NW Borneo / Crocker Fan & onshore Sabah basins,Crocker Formation (upper),Eocene–early Oligocene,Paleogene,23.03,56.0,,61,61,E3,0.3079968424579488,0.32448126054954,0.36752189699251137,0.36752189699251137,0.04304063644297135,0.9974484995698805,E2,E2,E2,0,False,False,,False,True,True,False,False,True,0,OK
Breitfeld2026_Tectonophysics_MVH02-116,MVH02-116,Breitfeld2026_Tectonophysics,10.1016/j.tecto.2025.230980,TARGET_STRATIGRAPHIC,"Sabah, northern Borneo (deep-water sequences)",NW Borneo / Crocker Fan & onshore Sabah basins,Crocker Formation (upper),Eocene–early Oligocene,Paleogene,23.03,56.0,,52,52,E2,0.24946870332408239,0.4902627152369166,0.26026858143900106,0.4902627152369166,0.22999413379791556,0.9522614063547464,E3,E2,E2,2,False,False,,False,True,True,False,False,True,0,OK
Breitfeld2026_Tectonophysics_MVH02-239,MVH02-239,Breitfeld2026_Tectonophysics,10.1016/j.tecto.2025.230980,TARGET_STRATIGRAPHIC,"Sabah, northern Borneo (deep-water sequences)",NW Borneo / Crocker Fan & onshore Sabah basins,Kuamut Formation,Middle Miocene,Neogene,11.63,15.97,,92,92,E2,0.27163555927127514,0.40700312595026733,0.3213613147784577,0.40700312595026733,0.08564181117180963,0.9873328434116809,E1,E3,E2,1,False,False,,False,True,True,False,False,True,0,OK
Breitfeld2026_Tectonophysics_MvH02-142,MvH02-142,Breitfeld2026_Tectonophysics,10.1016/j.tecto.2025.230980,TARGET_STRATIGRAPHIC,"Sabah, northern Borneo (deep-water sequences)",NW Borneo / Crocker Fan & onshore Sabah basins,Crocker Formation (lower),Eocene–early Oligocene,Paleogene,23.03,56.0,,48,48,E3,0.23164858410917818,0.319834698957105,0.448516716933717,0.448516716933717,0.128682017976612,0.9675976280152847,E1,E3,E3,2,False,False,,False,True,True,False,False,True,0,OK
Breitfeld2026_Tectonophysics_MvH02-264,MvH02-264,Breitfeld2026_Tectonophysics,10.1016/j.tecto.2025.230980,TARGET_STRATIGRAPHIC,"Sabah, northern Borneo (deep-water sequences)",NW Borneo / Crocker Fan & onshore Sabah basins,Labang Formation (lower),Eocene–Oligocene,Paleogene,23.03,56.0,,45,45,E1,0.37392643651706164,0.28572293724713466,0.340350626235804,0.37392643651706164,0.03357581028125767,0.994515739735223,E1,E1,E1,3,True,False,,False,True,True,False,False,True,0,OK
Breitfeld2026_Tectonophysics_MvH02-271,MvH02-271,Breitfeld2026_Tectonophysics,10.1016/j.tecto.2025.230980,TARGET_STRATIGRAPHIC,"Sabah, northern Borneo (deep-water sequences)",NW Borneo / Crocker Fan & onshore Sabah basins,Crocker Formation (lower),Eocene–early Oligocene,Paleogene,23.03,56.0,,59,59,E3,0.2981734620212105,0.12973544890246053,0.5720910890763293,0.5720910890763293,0.27391762705511885,0.8604084134654117,E3,E3,E1,2,False,False,,False,True,True,False,False,True,0,OK
Breitfeld2026_Tectonophysics_RB2,RB2,Breitfeld2026_Tectonophysics,10.1016/j.tecto.2025.230980,TARGET_STRATIGRAPHIC,"Sabah, northern Borneo (deep-water sequences)",NW Borneo / Crocker Fan & onshore Sabah basins,Temburong Formation,,,,,,129,129,E3,0.2986961719908836,0.31140328383411825,0.38990054417499836,0.38990054417499836,0.07849726034088012,0.9934896652452884,E3,E2,E2,1,False,False,,False,True,True,False,True,True,0,DEPOSITIONAL_AGE_UNSPECIFIED
Breitfeld2026_Tectonophysics_RK1,RK1,Breitfeld2026_Tectonophysics,10.1016/j.tecto.2025.230980,TARGET_STRATIGRAPHIC,"Sabah, northern Borneo (deep-water sequences)",NW Borneo / Crocker Fan & onshore Sabah basins,Temburong Formation,,,,,,119,119,E3,0.24673845342578515,0.19927793445495698,0.5539836121192578,0.5539836121192578,0.3072451586934727,0.9047162821127498,E1,E3,E3,2,False,False,,False,True,True,False,True,True,0,DEPOSITIONAL_AGE_UNSPECIFIED
Breitfeld2026_Tectonophysics_S17,S17,Breitfeld2026_Tectonophysics,10.1016/j.tecto.2025.230980,TARGET_STRATIGRAPHIC,"Sabah, northern Borneo (deep-water sequences)",NW Borneo / Crocker Fan & onshore Sabah basins,Crocker Formation (transition),Eocene–early Oligocene,Paleogene,23.03,56.0,,78,78,E2,0.25951608003616566,0.3992006761354321,0.34128324382840264,0.3992006761354321,0.05791743230702945,0.9862871149556749,E3,E3,E3,0,False,False,,False,True,True,False,False,True,0,OK
Breitfeld2026_Tectonophysics_S6,S6,Breitfeld2026_Tectonophysics,10.1016/j.tecto.2025.230980,TARGET_STRATIGRAPHIC,"Sabah, northern Borneo (deep-water sequences)",NW Borneo / Crocker Fan & onshore Sabah basins,Crocker Formation (upper),Eocene–early Oligocene,Paleogene,23.03,56.0,,121,121,E2,0.262636059755665,0.5147249576928649,0.22263898255147022,0.5147249576928649,0.25208889793719985,0.9352073766114387,E2,E2,E2,3,True,False,,False,True,True,False,False,True,0,OK
Breitfeld2026_Tectonophysics_S99/224,S99/224,Breitfeld2026_Tectonophysics,10.1016/j.tecto.2025.230980,TARGET_STRATIGRAPHIC,"Sabah, northern Borneo (deep-water sequences)",NW Borneo / Crocker Fan & onshore Sabah basins,Labang Formation (upper),Eocene–Oligocene,Paleogene,23.03,56.0,,125,125,E2,0.29448673730295155,0.36946956464265107,0.33604369805439754,0.36946956464265107,0.03342586658825353,0.9961227589192025,E3,E3,E3,0,False,False,,False,True,True,False,False,True,0,OK
Breitfeld2026_Tectonophysics_SK-02A,SK-02A,Breitfeld2026_Tectonophysics,10.1016/j.tecto.2025.230980,TARGET_STRATIGRAPHIC,"Sabah, northern Borneo (deep-water sequences)",NW Borneo / Crocker Fan & onshore Sabah basins,Garinono Mélange,Eocene–Oligocene,Paleogene,23.03,56.0,,108,108,E2,0.2802944041711947,0.43210253230609574,0.2876030635227096,0.43210253230609574,0.14449946878338615,0.9807718415378596,E1,E2,E2,2,False,False,,False,True,True,False,False,True,0,OK
Breitfeld2026_Tectonophysics_SK-06,SK-06,Breitfeld2026_Tectonophysics,10.1016/j.tecto.2025.230980,TARGET_STRATIGRAPHIC,"Sabah, northern Borneo (deep-water sequences)",NW Borneo / Crocker Fan & onshore Sabah basins,Labang Formation (lower),Eocene–Oligocene,Paleogene,23.03,56.0,,93,93,E1,0.34994781503691774,0.30395013852809094,0.3461020464349914,0.34994781503691774,0.0038457686019263693,0.9981943338949106,E1,E1,E1,3,True,False,,False,True,True,False,False,True,0,OK
Breitfeld2026_Tectonophysics_SP-a,SP-a,Breitfeld2026_Tectonophysics,10.1016/j.tecto.2025.230980,TARGET_STRATIGRAPHIC,"Sabah, northern Borneo (deep-water sequences)",NW Borneo / Crocker Fan & onshore Sabah basins,Sapulut Fm,Eocene (?),Paleogene,33.9,56.0,,48,48,E2,0.2051316475468966,0.5247168045422046,0.2701515479108989,0.5247168045422046,0.2545652566313057,0.9256264847559108,E2,E2,E2,3,True,False,,False,True,True,False,False,True,0,OK
Zhou2026_Gcubed_SR09,SR09,Zhou2026_Gcubed,10.1029/2025gc012837,TARGET_STRATIGRAPHIC,West Sarawak,West Sarawak (Serabang / Kuching zone),Serabang Formation,Late Cretaceous (?),Mesozoic,66.0,100.5,,98,98,E3,0.20126372168201453,0.06295762494930997,0.7357786533686758,0.7357786533686758,0.5345149316866612,0.657653344493229,E3,E3,E1,2,False,False,,False,True,True,False,False,True,0,OK
Zhou2026_Gcubed_SR30,SR30,Zhou2026_Gcubed,10.1029/2025gc012837,TARGET_STRATIGRAPHIC,West Sarawak,West Sarawak (Serabang / Kuching zone),Serabang Formation,Late Cretaceous (?),Mesozoic,66.0,100.5,,97,97,E3,0.24192919675574667,0.11950979018442663,0.6385610130598268,0.6385610130598268,0.3966318163040802,0.8043097303712844,E3,E3,E3,3,True,False,,False,True,True,False,False,True,0,OK
Breitfeld2021_BeritaSedimentologi_TB15b,TB15b,Breitfeld2021_BeritaSedimentologi,10.1594/PANGAEA.959520,TARGET_STRATIGRAPHIC,West Sarawak (Kuching area),West Sarawak onshore (Kuching–Bungo Range area),(Plio-)Pleistocene sandstone deposits,(Plio-)Pleistocene,Quaternary,0.0117,2.58,,99,99,E3,0.4203636480040594,0.13959180845006453,0.440044543545876,0.440044543545876,0.019680895541816623,0.9105907696908447,E1,E1,E1,0,False,False,,False,True,True,False,False,True,0,OK
Breitfeld2021_BeritaSedimentologi_TB72,TB72,Breitfeld2021_BeritaSedimentologi,10.1594/PANGAEA.959520,TARGET_STRATIGRAPHIC,West Sarawak (Kuching area),West Sarawak onshore (Kuching–Bungo Range area),(Plio-)Pleistocene sandstone deposits,(Plio-)Pleistocene,Quaternary,0.0117,2.58,,49,49,E1,0.7567131225418641,0.16221356016965585,0.08107331728848027,0.7567131225418641,0.5944995623722082,0.6459778442494856,E1,E1,E1,3,True,False,,False,True,True,False,False,True,0,OK
