row_index_zero_based,global_sample_uid,sample_instance_uid,sample_id,E_label,cv_group,test_fold,n_model_ages,material_for_training
0,E1::MAIN::10.1007/s00343-021-0405-6::11LA1,10.1007/s00343-021-0405-6::11LA1,11LA-1,E1,10.1007/s00343-021-0405-6,3,113,SEDIMENTARY_DETRITAL
1,E1::MAIN::10.1016/j.gr.2018.06.001::STB21,10.1016/j.gr.2018.06.001::STB21,STB21,E1,10.1016/j.gr.2018.06.001,1,43,SEDIMENTARY_DETRITAL
2,E1::MAIN::10.1016/j.gr.2018.06.001::STB74B,10.1016/j.gr.2018.06.001::STB74B,STB74b,E1,10.1016/j.gr.2018.06.001,1,129,SEDIMENTARY_DETRITAL
3,E1::MAIN::10.1016/j.gr.2018.06.001::STB88,10.1016/j.gr.2018.06.001::STB88,STB88,E1,10.1016/j.gr.2018.06.001,1,200,SEDIMENTARY_DETRITAL
4,E1::MAIN::10.1016/j.gr.2018.06.001::STB95,10.1016/j.gr.2018.06.001::STB95,STB95,E1,10.1016/j.gr.2018.06.001,1,61,SEDIMENTARY_DETRITAL
5,E1::MAIN::10.1016/j.gr.2018.06.001::TB144,10.1016/j.gr.2018.06.001::TB144,TB144,E1,10.1016/j.gr.2018.06.001,1,142,SEDIMENTARY_DETRITAL
6,E1::MAIN::10.1016/j.gr.2018.06.001::TB171,10.1016/j.gr.2018.06.001::TB171,TB171,E1,10.1016/j.gr.2018.06.001,1,137,SEDIMENTARY_DETRITAL
7,E1::MAIN::10.1016/j.gr.2018.06.001::TB210,10.1016/j.gr.2018.06.001::TB210,TB210,E1,10.1016/j.gr.2018.06.001,1,162,SEDIMENTARY_DETRITAL
8,E1::MAIN::10.1016/j.gr.2018.06.001::TB218,10.1016/j.gr.2018.06.001::TB218,TB218,E1,10.1016/j.gr.2018.06.001,1,178,SEDIMENTARY_DETRITAL
9,E1::MAIN::10.1016/j.gr.2018.06.001::TB227,10.1016/j.gr.2018.06.001::TB227,TB227,E1,10.1016/j.gr.2018.06.001,1,168,SEDIMENTARY_DETRITAL
10,E1::MAIN::10.1016/j.jseaes.2022.105111::18JV52,10.1016/j.jseaes.2022.105111::18JV52,18JV-52,E1,10.1016/j.jseaes.2022.105111,2,80,SEDIMENTARY_DETRITAL
11,E1::MAIN::10.1016/j.jseaes.2022.105111::18JV531,10.1016/j.jseaes.2022.105111::18JV531,18JV-53-1,E1,10.1016/j.jseaes.2022.105111,2,71,SEDIMENTARY_DETRITAL
12,E1::MAIN::10.1016/j.jseaes.2022.105111::18JV561,10.1016/j.jseaes.2022.105111::18JV561,18JV-56-1,E1,10.1016/j.jseaes.2022.105111,2,79,SEDIMENTARY_DETRITAL
13,E1::MAIN::10.1016/j.jseaes.2022.105111::18JV73E,10.1016/j.jseaes.2022.105111::18JV73E,18JV-73E,E1,10.1016/j.jseaes.2022.105111,2,90,SEDIMENTARY_DETRITAL
14,E1::MAIN::10.1016/j.jseaes.2022.105111::18JV85,10.1016/j.jseaes.2022.105111::18JV85,18JV-85,E1,10.1016/j.jseaes.2022.105111,2,57,SEDIMENTARY_DETRITAL
15,E1::MAIN::10.1016/j.jseaes.2022.105111::18JV931,10.1016/j.jseaes.2022.105111::18JV931,18JV-93-1,E1,10.1016/j.jseaes.2022.105111,2,29,SEDIMENTARY_DETRITAL
16,E1::MAIN::10.1130/g50966.1::WK153,10.1130/g50966.1::WK153,WK-15.3,E1,10.1130/g50966.1,3,57,SEDIMENTARY_DETRITAL
17,E1::MAIN::10.1130/g50966.1::WK16,10.1130/g50966.1::WK16,WK-16,E1,10.1130/g50966.1,3,77,SEDIMENTARY_DETRITAL
18,E1::MAIN::10.1130/g50966.1::WK18,10.1130/g50966.1::WK18,WK-18,E1,10.1130/g50966.1,3,86,SEDIMENTARY_DETRITAL
19,E1::MAIN::10.1130/g50966.1::WK272,10.1130/g50966.1::WK272,WK-27.2,E1,10.1130/g50966.1,3,102,SEDIMENTARY_DETRITAL
20,E1::MAIN::10.1130/g50966.1::WK36,10.1130/g50966.1::WK36,WK-36,E1,10.1130/g50966.1,3,88,SEDIMENTARY_DETRITAL
21,E1::MAIN::10.3389/feart.2020.568715::LD10013C,10.3389/feart.2020.568715::LD10013C,LD10-013C,E1,10.3389/feart.2020.568715,0,90,MODERN_RIVER_OR_SAND
22,E1::MAIN::10.3389/feart.2020.568715::LD10042,10.3389/feart.2020.568715::LD10042,LD10-042,E1,10.3389/feart.2020.568715,0,90,MODERN_RIVER_OR_SAND
23,E1::MAIN::10.3389/feart.2020.568715::LD10062,10.3389/feart.2020.568715::LD10062,LD10-062,E1,10.3389/feart.2020.568715,0,96,MODERN_RIVER_OR_SAND
24,E1::MAIN::10.3389/feart.2020.568715::LD10104,10.3389/feart.2020.568715::LD10104,LD10-104,E1,10.3389/feart.2020.568715,0,121,MODERN_RIVER_OR_SAND
25,E1::MAIN::10.3389/feart.2020.568715::SW15,10.3389/feart.2020.568715::SW15,SW15,E1,10.3389/feart.2020.568715,0,104,MODERN_RIVER_OR_SAND
26,E1::MAIN::10.3389/feart.2020.568715::SW20,10.3389/feart.2020.568715::SW20,SW20,E1,10.3389/feart.2020.568715,0,103,MODERN_RIVER_OR_SAND
27,E1::MAIN::10.3389/feart.2020.568715::SW3,10.3389/feart.2020.568715::SW3,SW3,E1,10.3389/feart.2020.568715,0,98,MODERN_RIVER_OR_SAND
28,E1::MAIN::10.3389/feart.2020.568715::SW4,10.3389/feart.2020.568715::SW4,SW4,E1,10.3389/feart.2020.568715,0,51,MODERN_RIVER_OR_SAND
29,E1::MAIN::10.3389/feart.2020.568715::SW8,10.3389/feart.2020.568715::SW8,SW8,E1,10.3389/feart.2020.568715,0,84,MODERN_RIVER_OR_SAND
30,E2::MAIN::10.1002/gj.3131::BR2,10.1002/gj.3131::BR2,BR2,E2,10.1002/gj.3131,3,25,SEDIMENTARY_DETRITAL
31,E2::MAIN::10.1002/gj.3131::BR305,10.1002/gj.3131::BR305,BR305,E2,10.1002/gj.3131,3,22,SEDIMENTARY_DETRITAL
32,E2::MAIN::10.1002/gj.3131::BR307,10.1002/gj.3131::BR307,BR307,E2,10.1002/gj.3131,3,21,SEDIMENTARY_DETRITAL
33,E2::MAIN::10.1016/j.epsl.2021.117298::18TAT01-Tx,10.1016/j.epsl.2021.117298::18TAT01-Tx,18TAT01-Tx,E2,10.1016/j.epsl.2021.117298,0,31,MODERN_RIVER_OR_SAND
34,E2::MAIN::10.1016/j.epsl.2021.117298::18TPN01,10.1016/j.epsl.2021.117298::18TPN01,18TPN01,E2,10.1016/j.epsl.2021.117298,0,62,MODERN_RIVER_OR_SAND
35,E2::MAIN::10.1016/j.epsl.2021.117298::18TTP01,10.1016/j.epsl.2021.117298::18TTP01,18TTP01,E2,10.1016/j.epsl.2021.117298,0,43,MODERN_RIVER_OR_SAND
36,E2::MAIN::10.1016/j.gr.2010.10.010::IS02,10.1016/j.gr.2010.10.010::IS02,IS02,E2,10.1016/j.gr.2010.10.010,3,81,MODERN_RIVER_OR_SAND
37,E2::MAIN::10.1016/j.gr.2010.10.010::IS14,10.1016/j.gr.2010.10.010::IS14,IS14,E2,10.1016/j.gr.2010.10.010,3,47,MODERN_RIVER_OR_SAND
38,E2::MAIN::10.1016/j.gr.2010.10.010::IS18,10.1016/j.gr.2010.10.010::IS18,IS18,E2,10.1016/j.gr.2010.10.010,3,109,MODERN_RIVER_OR_SAND
39,E2::MAIN::10.1016/j.gr.2010.10.010::IS19,10.1016/j.gr.2010.10.010::IS19,IS19,E2,10.1016/j.gr.2010.10.010,3,63,MODERN_RIVER_OR_SAND
40,E2::MAIN::10.1016/j.gr.2010.10.010::IS26,10.1016/j.gr.2010.10.010::IS26,IS26,E2,10.1016/j.gr.2010.10.010,3,45,MODERN_RIVER_OR_SAND
41,E2::MAIN::10.1016/j.gr.2010.10.010::IS31,10.1016/j.gr.2010.10.010::IS31,IS31,E2,10.1016/j.gr.2010.10.010,3,55,MODERN_RIVER_OR_SAND
42,E2::MAIN::10.1016/j.gr.2010.10.010::IS37,10.1016/j.gr.2010.10.010::IS37,IS37,E2,10.1016/j.gr.2010.10.010,3,70,MODERN_RIVER_OR_SAND
43,E2::MAIN::10.1016/j.gr.2010.10.010::IS40,10.1016/j.gr.2010.10.010::IS40,IS40,E2,10.1016/j.gr.2010.10.010,3,57,MODERN_RIVER_OR_SAND
44,E2::MAIN::10.1016/j.gr.2010.10.010::IS41,10.1016/j.gr.2010.10.010::IS41,IS41,E2,10.1016/j.gr.2010.10.010,3,65,MODERN_RIVER_OR_SAND
45,E2::MAIN::10.1016/j.gr.2013.03.019::Labrador,10.1016/j.gr.2013.03.019::Labrador,Labrador,E2,10.1016/j.gr.2013.03.019,0,59,SEDIMENTARY_DETRITAL
46,E2::MAIN::10.1016/j.gr.2013.05.020::SELDD001-102,10.1016/j.gr.2013.05.020::SELDD001-102,SELDD001-102,E2,10.1016/j.gr.2013.05.020,1,22,SEDIMENTARY_DETRITAL
47,E2::MAIN::10.1016/j.gr.2013.05.020::SM09-07,10.1016/j.gr.2013.05.020::SM09-07,SM09-07,E2,10.1016/j.gr.2013.05.020,1,23,SEDIMENTARY_DETRITAL
48,E2::MAIN::10.1016/j.gr.2013.05.020::SM09-17,10.1016/j.gr.2013.05.020::SM09-17,SM09-17,E2,10.1016/j.gr.2013.05.020,1,21,SEDIMENTARY_DETRITAL
49,E2::MAIN::10.1016/j.gr.2013.05.020::SM09-28,10.1016/j.gr.2013.05.020::SM09-28,SM09-28,E2,10.1016/j.gr.2013.05.020,1,84,SEDIMENTARY_DETRITAL
50,E2::MAIN::10.1016/j.jseaes.2019.103878::157a,10.1016/j.jseaes.2019.103878::157a,157a,E2,10.1016/j.jseaes.2019.103878,0,128,SEDIMENTARY_DETRITAL
51,E2::MAIN::10.1016/j.jseaes.2019.103878::AGLE_65_01,10.1016/j.jseaes.2019.103878::AGLE_65_01,AGLE_65_01,E2,10.1016/j.jseaes.2019.103878,0,145,SEDIMENTARY_DETRITAL
52,E2::MAIN::10.1016/j.jseaes.2019.103878::AGLE_65_02,10.1016/j.jseaes.2019.103878::AGLE_65_02,AGLE_65_02,E2,10.1016/j.jseaes.2019.103878,0,76,SEDIMENTARY_DETRITAL
53,E2::MAIN::10.1016/j.jseaes.2019.103878::BH1B2,10.1016/j.jseaes.2019.103878::BH1B2,BH1B2,E2,10.1016/j.jseaes.2019.103878,0,140,SEDIMENTARY_DETRITAL
54,E2::MAIN::10.1016/j.jseaes.2019.103878::BH1F11,10.1016/j.jseaes.2019.103878::BH1F11,BH1F11,E2,10.1016/j.jseaes.2019.103878,0,98,SEDIMENTARY_DETRITAL
55,E2::MAIN::10.1016/j.jseaes.2019.103878::BH2B4_bottom,10.1016/j.jseaes.2019.103878::BH2B4_bottom,BH2B4_bottom,E2,10.1016/j.jseaes.2019.103878,0,43,SEDIMENTARY_DETRITAL
56,E2::MAIN::10.1016/j.jseaes.2019.103878::BH2B4_top,10.1016/j.jseaes.2019.103878::BH2B4_top,BH2B4_top,E2,10.1016/j.jseaes.2019.103878,0,33,SEDIMENTARY_DETRITAL
57,E2::MAIN::10.1016/j.jseaes.2019.103878::BH2B5,10.1016/j.jseaes.2019.103878::BH2B5,BH2B5,E2,10.1016/j.jseaes.2019.103878,0,148,SEDIMENTARY_DETRITAL
58,E2::MAIN::10.1016/j.jseaes.2021.104876::BR-1,10.1016/j.jseaes.2021.104876::BR-1,BR-1,E2,10.1016/j.jseaes.2021.104876,1,106,MODERN_RIVER_OR_SAND
59,E2::MAIN::10.1016/j.jseaes.2021.104876::JF-1,10.1016/j.jseaes.2021.104876::JF-1,JF-1,E2,10.1016/j.jseaes.2021.104876,1,43,MODERN_RIVER_OR_SAND
60,E2::MAIN::10.1016/j.jseaes.2021.104876::LR-1,10.1016/j.jseaes.2021.104876::LR-1,LR-1,E2,10.1016/j.jseaes.2021.104876,1,116,MODERN_RIVER_OR_SAND
61,E2::MAIN::10.1016/j.jseaes.2021.104876::MR-1,10.1016/j.jseaes.2021.104876::MR-1,MR-1,E2,10.1016/j.jseaes.2021.104876,1,112,MODERN_RIVER_OR_SAND
62,E2::MAIN::10.1016/j.jseaes.2021.104876::SK-1,10.1016/j.jseaes.2021.104876::SK-1,SK-1,E2,10.1016/j.jseaes.2021.104876,1,116,MODERN_RIVER_OR_SAND
63,E2::MAIN::10.1016/j.jseaes.2021.104876::SP-1,10.1016/j.jseaes.2021.104876::SP-1,SP-1,E2,10.1016/j.jseaes.2021.104876,1,109,MODERN_RIVER_OR_SAND
64,E2::MAIN::10.1029/2020gc009622::BK-10,10.1029/2020gc009622::BK-10,BK-10,E2,10.1029/2020gc009622,1,46,SEDIMENTARY_DETRITAL
65,E2::MAIN::10.1029/2020gc009622::BK-8,10.1029/2020gc009622::BK-8,BK-8,E2,10.1029/2020gc009622,1,29,SEDIMENTARY_DETRITAL
66,E2::MAIN::10.1029/2025tc009062::LANGAT,10.1029/2025tc009062::LANGAT,LANGAT,E2,10.1029/2025tc009062,2,150,SEDIMENTARY_DETRITAL
67,E2::MAIN::10.1029/2025tc009062::SIPUT,10.1029/2025tc009062::SIPUT,SIPUT,E2,10.1029/2025tc009062,2,144,SEDIMENTARY_DETRITAL
68,E2::MAIN::10.1029/2025tc009062::SM10,10.1029/2025tc009062::SM10,SM10,E2,10.1029/2025tc009062,2,118,SEDIMENTARY_DETRITAL
69,E2::MAIN::10.1029/2025tc009062::SM12,10.1029/2025tc009062::SM12,SM12,E2,10.1029/2025tc009062,2,119,SEDIMENTARY_DETRITAL
70,E2::MAIN::10.1029/2025tc009062::SM15,10.1029/2025tc009062::SM15,SM15,E2,10.1029/2025tc009062,2,222,SEDIMENTARY_DETRITAL
71,E2::MAIN::10.1029/2025tc009062::SM16,10.1029/2025tc009062::SM16,SM16,E2,10.1029/2025tc009062,2,149,SEDIMENTARY_DETRITAL
72,E2::MAIN::10.1029/2025tc009062::SM21,10.1029/2025tc009062::SM21,SM21,E2,10.1029/2025tc009062,2,213,SEDIMENTARY_DETRITAL
73,E2::MAIN::10.1029/2025tc009062::SM25,10.1029/2025tc009062::SM25,SM25,E2,10.1029/2025tc009062,2,198,SEDIMENTARY_DETRITAL
74,E2::MAIN::10.1029/2025tc009062::SM3,10.1029/2025tc009062::SM3,SM3,E2,10.1029/2025tc009062,2,216,SEDIMENTARY_DETRITAL
75,E2::MAIN::10.1029/2025tc009062::SM30,10.1029/2025tc009062::SM30,SM30,E2,10.1029/2025tc009062,2,214,SEDIMENTARY_DETRITAL
76,E2::MAIN::10.1029/2025tc009062::SM4,10.1029/2025tc009062::SM4,SM4,E2,10.1029/2025tc009062,2,177,SEDIMENTARY_DETRITAL
77,E2::MAIN::10.1029/2025tc009062::SM40,10.1029/2025tc009062::SM40,SM40,E2,10.1029/2025tc009062,2,221,SEDIMENTARY_DETRITAL
78,E2::MAIN::10.1029/2025tc009062::SM41,10.1029/2025tc009062::SM41,SM41,E2,10.1029/2025tc009062,2,215,SEDIMENTARY_DETRITAL
79,E2::MAIN::10.1029/2025tc009062::SM42,10.1029/2025tc009062::SM42,SM42,E2,10.1029/2025tc009062,2,178,SEDIMENTARY_DETRITAL
80,E2::MAIN::10.1029/2025tc009062::SM43,10.1029/2025tc009062::SM43,SM43,E2,10.1029/2025tc009062,2,249,SEDIMENTARY_DETRITAL
81,E2::MAIN::10.1029/2025tc009062::SM5,10.1029/2025tc009062::SM5,SM5,E2,10.1029/2025tc009062,2,204,SEDIMENTARY_DETRITAL
82,E2::MAIN::10.1029/2025tc009062::SM9,10.1029/2025tc009062::SM9,SM9,E2,10.1029/2025tc009062,2,115,SEDIMENTARY_DETRITAL
83,E3::SCS::YAN2018_AB-02f,SCS::YAN2018_AB-02f,AB-02f,E3,10.1002/2017tc004942,0,70,SEDIMENTARY_DETRITAL
84,E3::SCS::YAN2018_P-06,SCS::YAN2018_P-06,P-06,E3,10.1002/2017tc004942,0,95,SEDIMENTARY_DETRITAL
85,E3::SCS::YAN2018_QU-26,SCS::YAN2018_QU-26,QU-26,E3,10.1002/2017tc004942,0,115,SEDIMENTARY_DETRITAL
86,E3::SCS::YAN2018_S-03-2,SCS::YAN2018_S-03-2,S-03-2,E3,10.1002/2017tc004942,0,92,SEDIMENTARY_DETRITAL
87,E3::SCS::YAN2018_S-04-1,SCS::YAN2018_S-04-1,S-04-1,E3,10.1002/2017tc004942,0,87,SEDIMENTARY_DETRITAL
88,E3::SCS::YAN2018_S-04-3,SCS::YAN2018_S-04-3,S-04-3,E3,10.1002/2017tc004942,0,92,SEDIMENTARY_DETRITAL
89,E3::SCS::YAN2018_S-04-4,SCS::YAN2018_S-04-4,S-04-4,E3,10.1002/2017tc004942,0,91,SEDIMENTARY_DETRITAL
90,E3::SCS::SHAO2017_P011,SCS::SHAO2017_P011,P011,E3,10.1016/j.epsl.2017.08.019,2,131,SEDIMENTARY_DETRITAL
91,E3::SCS::SHAO2017_P017,SCS::SHAO2017_P017,P017,E3,10.1016/j.epsl.2017.08.019,2,117,SEDIMENTARY_DETRITAL
92,E3::SCS::SHAO2017_P018,SCS::SHAO2017_P018,P018,E3,10.1016/j.epsl.2017.08.019,2,126,SEDIMENTARY_DETRITAL
93,E3::SCS::SHAO2017_P019,SCS::SHAO2017_P019,P019,E3,10.1016/j.epsl.2017.08.019,2,129,SEDIMENTARY_DETRITAL
94,E3::SCS::SHAO2017_P022,SCS::SHAO2017_P022,P022,E3,10.1016/j.epsl.2017.08.019,2,133,SEDIMENTARY_DETRITAL
95,E3::SCS::SHAO2017_P023,SCS::SHAO2017_P023,P023,E3,10.1016/j.epsl.2017.08.019,2,120,SEDIMENTARY_DETRITAL
96,E3::SCS::SUGGATE2014_PAL-5,SCS::SUGGATE2014_PAL-5,PAL-5,E3,10.1016/j.gr.2013.07.006,2,118,SEDIMENTARY_DETRITAL
97,E3::SCS::SUGGATE2014_PAL-8,SCS::SUGGATE2014_PAL-8,PAL-8,E3,10.1016/j.gr.2013.07.006,2,53,SEDIMENTARY_DETRITAL
98,E3::EXISTING_REPAIRED::BSPM-DCEC8AB9B9C0E1DB-E3,BSPM-DCEC8AB9B9C0E1DB-E3,RZ-01,E3,10.1029/2021tc006753,1,77,SEDIMENTARY_DETRITAL
99,E3::EXISTING_REPAIRED::BSPM-3EA434152B4DF18F-E3,BSPM-3EA434152B4DF18F-E3,RZ-12b,E3,10.1029/2021tc006753,1,85,SEDIMENTARY_DETRITAL
100,E3::EXISTING_REPAIRED::BSPM-FCD3CCD3E71300D8-E3,BSPM-FCD3CCD3E71300D8-E3,MIN14A,E3,10.1111/iar.12160,0,22,MODERN_RIVER_OR_SAND
101,E3::SCS::PCT_P003,SCS::PCT_P003,P003,E3,10.1130/b35707.1,1,98,SEDIMENTARY_DETRITAL
102,E3::SCS::PCT_P005,SCS::PCT_P005,P005,E3,10.1130/b35707.1,1,95,SEDIMENTARY_DETRITAL
103,E3::SCS::PCT_P006,SCS::PCT_P006,P006,E3,10.1130/b35707.1,1,122,SEDIMENTARY_DETRITAL
104,E3::SCS::PCT_P007,SCS::PCT_P007,P007,E3,10.1130/b35707.1,1,117,SEDIMENTARY_DETRITAL
105,E3::EXISTING_REPAIRED::BSPM-59CA221D3EBE3474-E3,BSPM-59CA221D3EBE3474-E3,P024,E3,10.1130/b35707.1,1,137,SEDIMENTARY_DETRITAL
106,E3::EXISTING_REPAIRED::BSPM-45E4187BE443A5CB-E3,BSPM-45E4187BE443A5CB-E3,P025,E3,10.1130/b35707.1,1,119,SEDIMENTARY_DETRITAL
107,E3::EXISTING_REPAIRED::BSPM-A70956C87A2E4851-E3,BSPM-A70956C87A2E4851-E3,MIN-06,E3,10.3390/geosciences16010017,3,89,MODERN_RIVER_OR_SAND
108,E3::EXISTING_REPAIRED::BSPM-E90070124D4956E0-E3,BSPM-E90070124D4956E0-E3,MIN-09,E3,10.3390/geosciences16010017,3,82,MODERN_RIVER_OR_SAND
109,E3::EXISTING_REPAIRED::BSPM-8BA2B640123C951C-E3,BSPM-8BA2B640123C951C-E3,MIN-21A,E3,10.3390/geosciences16010017,3,48,MODERN_RIVER_OR_SAND
110,E3::SCS::KNITTEL2026_MIN12B,SCS::KNITTEL2026_MIN12B,MIN12-B,E3,10.3390/geosciences16010017,3,71,SEDIMENTARY_DETRITAL
111,E3::SCS::KNITTEL2026_MIN13,SCS::KNITTEL2026_MIN13,MIN13,E3,10.3390/geosciences16010017,3,101,SEDIMENTARY_DETRITAL
112,E3::SCS::KNITTEL2026_MIN17A,SCS::KNITTEL2026_MIN17A,MIN17-A,E3,10.3390/geosciences16010017,3,42,MODERN_RIVER_OR_SAND
113,E3::SCS::KNITTEL2026_MIN19,SCS::KNITTEL2026_MIN19,MIN19,E3,10.3390/geosciences16010017,3,36,MODERN_RIVER_OR_SAND
114,E3::SCS::KNITTEL2026_MIN20A,SCS::KNITTEL2026_MIN20A,MIN20-A,E3,10.3390/geosciences16010017,3,49,MODERN_RIVER_OR_SAND
115,E3::SCS::KNITTEL2026_MIN40A,SCS::KNITTEL2026_MIN40A,MIN40-A,E3,10.3390/geosciences16010017,3,32,MODERN_RIVER_OR_SAND
116,E3::SCS::KNITTEL2026_MIN41,SCS::KNITTEL2026_MIN41,MIN41,E3,10.3390/geosciences16010017,3,65,MODERN_RIVER_OR_SAND
