LinearBin_25Ma_0000_0025_Ma,LinearBin_25Ma_0025_0050_Ma,LinearBin_25Ma_0050_0075_Ma,LinearBin_25Ma_0075_0100_Ma,LinearBin_25Ma_0100_0125_Ma,LinearBin_25Ma_0125_0150_Ma,LinearBin_25Ma_0150_0175_Ma,LinearBin_25Ma_0175_0200_Ma,LinearBin_25Ma_0200_0225_Ma,LinearBin_25Ma_0225_0250_Ma,LinearBin_25Ma_0250_0275_Ma,LinearBin_25Ma_0275_0300_Ma,LinearBin_25Ma_0300_0325_Ma,LinearBin_25Ma_0325_0350_Ma,LinearBin_25Ma_0350_0375_Ma,LinearBin_25Ma_0375_0400_Ma,LinearBin_25Ma_0400_0425_Ma,LinearBin_25Ma_0425_0450_Ma,LinearBin_25Ma_0450_0475_Ma,LinearBin_25Ma_0475_0500_Ma,LinearBin_25Ma_0500_0525_Ma,LinearBin_25Ma_0525_0550_Ma,LinearBin_25Ma_0550_0575_Ma,LinearBin_25Ma_0575_0600_Ma,LinearBin_25Ma_0600_0625_Ma,LinearBin_25Ma_0625_0650_Ma,LinearBin_25Ma_0650_0675_Ma,LinearBin_25Ma_0675_0700_Ma,LinearBin_25Ma_0700_0725_Ma,LinearBin_25Ma_0725_0750_Ma,LinearBin_25Ma_0750_0775_Ma,LinearBin_25Ma_0775_0800_Ma,LinearBin_25Ma_0800_0825_Ma,LinearBin_25Ma_0825_0850_Ma,LinearBin_25Ma_0850_0875_Ma,LinearBin_25Ma_0875_0900_Ma,LinearBin_25Ma_0900_0925_Ma,LinearBin_25Ma_0925_0950_Ma,LinearBin_25Ma_0950_0975_Ma,LinearBin_25Ma_0975_1000_Ma,LinearBin_25Ma_1000_1025_Ma,LinearBin_25Ma_1025_1050_Ma,LinearBin_25Ma_1050_1075_Ma,LinearBin_25Ma_1075_1100_Ma,LinearBin_25Ma_1100_1125_Ma,LinearBin_25Ma_1125_1150_Ma,LinearBin_25Ma_1150_1175_Ma,LinearBin_25Ma_1175_1200_Ma,LinearBin_25Ma_1200_1225_Ma,LinearBin_25Ma_1225_1250_Ma,LinearBin_25Ma_1250_1275_Ma,LinearBin_25Ma_1275_1300_Ma,LinearBin_25Ma_1300_1325_Ma,LinearBin_25Ma_1325_1350_Ma,LinearBin_25Ma_1350_1375_Ma,LinearBin_25Ma_1375_1400_Ma,LinearBin_25Ma_1400_1425_Ma,LinearBin_25Ma_1425_1450_Ma,LinearBin_25Ma_1450_1475_Ma,LinearBin_25Ma_1475_1500_Ma,LinearBin_25Ma_1500_1525_Ma,LinearBin_25Ma_1525_1550_Ma,LinearBin_25Ma_1550_1575_Ma,LinearBin_25Ma_1575_1600_Ma,LinearBin_25Ma_1600_1625_Ma,LinearBin_25Ma_1625_1650_Ma,LinearBin_25Ma_1650_1675_Ma,LinearBin_25Ma_1675_1700_Ma,LinearBin_25Ma_1700_1725_Ma,LinearBin_25Ma_1725_1750_Ma,LinearBin_25Ma_1750_1775_Ma,LinearBin_25Ma_1775_1800_Ma,LinearBin_25Ma_1800_1825_Ma,LinearBin_25Ma_1825_1850_Ma,LinearBin_25Ma_1850_1875_Ma,LinearBin_25Ma_1875_1900_Ma,LinearBin_25Ma_1900_1925_Ma,LinearBin_25Ma_1925_1950_Ma,LinearBin_25Ma_1950_1975_Ma,LinearBin_25Ma_1975_2000_Ma,LinearBin_25Ma_2000_2025_Ma,LinearBin_25Ma_2025_2050_Ma,LinearBin_25Ma_2050_2075_Ma,LinearBin_25Ma_2075_2100_Ma,LinearBin_25Ma_2100_2125_Ma,LinearBin_25Ma_2125_2150_Ma,LinearBin_25Ma_2150_2175_Ma,LinearBin_25Ma_2175_2200_Ma,LinearBin_25Ma_2200_2225_Ma,LinearBin_25Ma_2225_2250_Ma,LinearBin_25Ma_2250_2275_Ma,LinearBin_25Ma_2275_2300_Ma,LinearBin_25Ma_2300_2325_Ma,LinearBin_25Ma_2325_2350_Ma,LinearBin_25Ma_2350_2375_Ma,LinearBin_25Ma_2375_2400_Ma,LinearBin_25Ma_2400_2425_Ma,LinearBin_25Ma_2425_2450_Ma,LinearBin_25Ma_2450_2475_Ma,LinearBin_25Ma_2475_2500_Ma,LinearBin_25Ma_2500_2525_Ma,LinearBin_25Ma_2525_2550_Ma,LinearBin_25Ma_2550_2575_Ma,LinearBin_25Ma_2575_2600_Ma,LinearBin_25Ma_2600_2625_Ma,LinearBin_25Ma_2625_2650_Ma,LinearBin_25Ma_2650_2675_Ma,LinearBin_25Ma_2675_2700_Ma,LinearBin_25Ma_2700_2725_Ma,LinearBin_25Ma_2725_2750_Ma,LinearBin_25Ma_2750_2775_Ma,LinearBin_25Ma_2775_2800_Ma,LinearBin_25Ma_2800_2825_Ma,LinearBin_25Ma_2825_2850_Ma,LinearBin_25Ma_2850_2875_Ma,LinearBin_25Ma_2875_2900_Ma,LinearBin_25Ma_2900_2925_Ma,LinearBin_25Ma_2925_2950_Ma,LinearBin_25Ma_2950_2975_Ma,LinearBin_25Ma_2975_3000_Ma,LinearBin_25Ma_3000_3025_Ma,LinearBin_25Ma_3025_3050_Ma,LinearBin_25Ma_3050_3075_Ma,LinearBin_25Ma_3075_3100_Ma,LinearBin_25Ma_3100_3125_Ma,LinearBin_25Ma_3125_3150_Ma,LinearBin_25Ma_3150_3175_Ma,LinearBin_25Ma_3175_3200_Ma,LinearBin_25Ma_3200_3225_Ma,LinearBin_25Ma_3225_3250_Ma,LinearBin_25Ma_3250_3275_Ma,LinearBin_25Ma_3275_3300_Ma,LinearBin_25Ma_3300_3325_Ma,LinearBin_25Ma_3325_3350_Ma,LinearBin_25Ma_3350_3375_Ma,LinearBin_25Ma_3375_3400_Ma,LinearBin_25Ma_3400_3425_Ma,LinearBin_25Ma_3425_3450_Ma,LinearBin_25Ma_3450_3475_Ma,LinearBin_25Ma_3475_3500_Ma,LinearBin_25Ma_3500_3525_Ma,LinearBin_25Ma_3525_3550_Ma,LinearBin_25Ma_3550_3575_Ma,LinearBin_25Ma_3575_3600_Ma,LinearBin_25Ma_3600_3625_Ma,LinearBin_25Ma_3625_3650_Ma,LinearBin_25Ma_3650_3675_Ma,LinearBin_25Ma_3675_3700_Ma,LinearBin_25Ma_3700_3725_Ma,LinearBin_25Ma_3725_3750_Ma,LinearBin_25Ma_3750_3775_Ma,LinearBin_25Ma_3775_3800_Ma,LinearBin_25Ma_3800_3825_Ma,LinearBin_25Ma_3825_3850_Ma,LinearBin_25Ma_3850_3875_Ma,LinearBin_25Ma_3875_3900_Ma,LinearBin_25Ma_3900_3925_Ma,LinearBin_25Ma_3925_3950_Ma,LinearBin_25Ma_3950_3975_Ma,LinearBin_25Ma_3975_4000_Ma,LinearBin_25Ma_4000_4025_Ma,LinearBin_25Ma_4025_4050_Ma,LinearBin_25Ma_4050_4075_Ma,LinearBin_25Ma_4075_4100_Ma,LinearBin_25Ma_4100_4125_Ma,LinearBin_25Ma_4125_4150_Ma,LinearBin_25Ma_4150_4175_Ma,LinearBin_25Ma_4175_4200_Ma,LinearBin_25Ma_4200_4225_Ma,LinearBin_25Ma_4225_4250_Ma,LinearBin_25Ma_4250_4275_Ma,LinearBin_25Ma_4275_4300_Ma,LinearBin_25Ma_4300_4325_Ma,LinearBin_25Ma_4325_4350_Ma,LinearBin_25Ma_4350_4375_Ma,LinearBin_25Ma_4375_4400_Ma,LinearBin_25Ma_4400_4425_Ma,LinearBin_25Ma_4425_4450_Ma,LinearBin_25Ma_4450_4475_Ma,LinearBin_25Ma_4475_4500_Ma,LinearBin_25Ma_4500_4525_Ma,LinearBin_25Ma_4525_4550_Ma,LinearBin_25Ma_4550_4575_Ma,LinearBin_25Ma_4575_4600_Ma
0,0,0,0.03539823,0.00884955749,0.03539823,0.03539823,0.017699115,0.0265486725,0.0796460211,0.0265486725,0,0.00884955749,0,0.0265486725,0.00884955749,0.017699115,0.0796460211,0.03539823,0.017699115,0.00884955749,0.017699115,0,0,0.00884955749,0,0,0,0,0,0.017699115,0.00884955749,0.03539823,0.017699115,0,0.00884955749,0.017699115,0.00884955749,0.017699115,0.00884955749,0,0.00884955749,0,0.00884955749,0.00884955749,0.00884955749,0,0,0.00884955749,0.00884955749,0.00884955749,0.017699115,0,0,0,0,0,0,0,0,0,0,0,0.00884955749,0,0,0,0,0,0,0,0,0,0.0530973449,0.0442477874,0.00884955749,0.017699115,0.017699115,0,0,0.00884955749,0,0,0,0,0,0.00884955749,0,0,0,0,0,0,0.00884955749,0.00884955749,0,0.00884955749,0.017699115,0.00884955749,0.00884955749,0.00884955749,0,0.00884955749,0,0,0.00884955749,0,0,0,0,0.00884955749,0,0,0,0,0,0.00884955749,0,0,0,0,0,0,0,0,0,0,0,0,0,0,0.00884955749,0,0,0,0,0,0,0,0,0,0,0,0,0,0,0,0,0,0,0,0,0,0,0,0,0,0,0,0,0,0,0,0,0,0,0,0,0,0,0,0,0,0,0,0,0,0,0,0,0,0,0,0
0.976744175,0,0.0232558139,0,0,0,0,0,0,0,0,0,0,0,0,0,0,0,0,0,0,0,0,0,0,0,0,0,0,0,0,0,0,0,0,0,0,0,0,0,0,0,0,0,0,0,0,0,0,0,0,0,0,0,0,0,0,0,0,0,0,0,0,0,0,0,0,0,0,0,0,0,0,0,0,0,0,0,0,0,0,0,0,0,0,0,0,0,0,0,0,0,0,0,0,0,0,0,0,0,0,0,0,0,0,0,0,0,0,0,0,0,0,0,0,0,0,0,0,0,0,0,0,0,0,0,0,0,0,0,0,0,0,0,0,0,0,0,0,0,0,0,0,0,0,0,0,0,0,0,0,0,0,0,0,0,0,0,0,0,0,0,0,0,0,0,0,0,0,0,0,0,0,0,0,0,0,0,0,0,0,0,0,0
0,0.224806204,0.325581402,0.155038759,0.108527131,0.0542635657,0.0775193796,0.0155038759,0.00775193796,0.0155038759,0.00775193796,0.00775193796,0,0,0,0,0,0,0,0,0,0,0,0,0,0,0,0,0,0,0,0,0,0,0,0,0,0,0,0,0,0,0,0,0,0,0,0,0,0,0,0,0,0,0,0,0,0,0,0,0,0,0,0,0,0,0,0,0,0,0,0,0,0,0,0,0,0,0,0,0,0,0,0,0,0,0,0,0,0,0,0,0,0,0,0,0,0,0,0,0,0,0,0,0,0,0,0,0,0,0,0,0,0,0,0,0,0,0,0,0,0,0,0,0,0,0,0,0,0,0,0,0,0,0,0,0,0,0,0,0,0,0,0,0,0,0,0,0,0,0,0,0,0,0,0,0,0,0,0,0,0,0,0,0,0,0,0,0,0,0,0,0,0,0,0,0,0,0,0,0,0,0,0
0,0.140000001,0.215000004,0.209999993,0.209999993,0.0949999988,0.0599999987,0.0450000018,0.00499999989,0.00999999978,0.00499999989,0,0.00499999989,0,0,0,0,0,0,0,0,0,0,0,0,0,0,0,0,0,0,0,0,0,0,0,0,0,0,0,0,0,0,0,0,0,0,0,0,0,0,0,0,0,0,0,0,0,0,0,0,0,0,0,0,0,0,0,0,0,0,0,0,0,0,0,0,0,0,0,0,0,0,0,0,0,0,0,0,0,0,0,0,0,0,0,0,0,0,0,0,0,0,0,0,0,0,0,0,0,0,0,0,0,0,0,0,0,0,0,0,0,0,0,0,0,0,0,0,0,0,0,0,0,0,0,0,0,0,0,0,0,0,0,0,0,0,0,0,0,0,0,0,0,0,0,0,0,0,0,0,0,0,0,0,0,0,0,0,0,0,0,0,0,0,0,0,0,0,0,0,0,0,0
0,0,0,0.147540987,0.27868852,0.0491803288,0.0491803288,0.0491803288,0.0491803288,0.0655737668,0.0327868834,0,0,0,0,0.0163934417,0.0163934417,0.0163934417,0,0.0327868834,0.0163934417,0,0,0,0,0,0.0163934417,0,0,0,0,0,0,0,0,0,0.0163934417,0,0.0163934417,0,0,0,0,0,0,0,0,0,0,0,0,0,0,0,0,0,0,0,0,0,0,0,0,0,0,0,0.0163934417,0,0,0,0.0163934417,0,0.0163934417,0.0163934417,0.0327868834,0.0163934417,0,0,0,0,0,0,0,0,0,0,0,0,0,0,0,0,0,0,0,0,0,0,0,0,0.0163934417,0,0,0,0,0,0,0,0,0,0,0,0,0,0,0,0,0,0,0,0,0,0,0,0,0,0,0,0,0,0,0,0,0,0,0,0,0,0,0,0,0,0,0,0,0,0,0,0,0,0,0,0,0,0,0,0,0,0,0,0,0,0,0,0,0,0,0,0,0,0,0,0,0,0,0,0,0,0,0,0,0,0,0
0.316901416,0.387323946,0.197183102,0.0492957756,0.0281690136,0.0140845068,0.00704225339,0,0,0,0,0,0,0,0,0,0,0,0,0,0,0,0,0,0,0,0,0,0,0,0,0,0,0,0,0,0,0,0,0,0,0,0,0,0,0,0,0,0,0,0,0,0,0,0,0,0,0,0,0,0,0,0,0,0,0,0,0,0,0,0,0,0,0,0,0,0,0,0,0,0,0,0,0,0,0,0,0,0,0,0,0,0,0,0,0,0,0,0,0,0,0,0,0,0,0,0,0,0,0,0,0,0,0,0,0,0,0,0,0,0,0,0,0,0,0,0,0,0,0,0,0,0,0,0,0,0,0,0,0,0,0,0,0,0,0,0,0,0,0,0,0,0,0,0,0,0,0,0,0,0,0,0,0,0,0,0,0,0,0,0,0,0,0,0,0,0,0,0,0,0,0,0,0
0.262773722,0.452554733,0.182481751,0.0218978096,0.0510948896,0.0218978096,0,0,0,0,0,0,0.00729927002,0,0,0,0,0,0,0,0,0,0,0,0,0,0,0,0,0,0,0,0,0,0,0,0,0,0,0,0,0,0,0,0,0,0,0,0,0,0,0,0,0,0,0,0,0,0,0,0,0,0,0,0,0,0,0,0,0,0,0,0,0,0,0,0,0,0,0,0,0,0,0,0,0,0,0,0,0,0,0,0,0,0,0,0,0,0,0,0,0,0,0,0,0,0,0,0,0,0,0,0,0,0,0,0,0,0,0,0,0,0,0,0,0,0,0,0,0,0,0,0,0,0,0,0,0,0,0,0,0,0,0,0,0,0,0,0,0,0,0,0,0,0,0,0,0,0,0,0,0,0,0,0,0,0,0,0,0,0,0,0,0,0,0,0,0,0,0,0,0,0,0
0.00617283955,0.117283948,0.222222224,0.185185179,0.172839507,0.111111112,0.0864197537,0.0432098769,0.0123456791,0.0246913582,0.00617283955,0.00617283955,0.00617283955,0,0,0,0,0,0,0,0,0,0,0,0,0,0,0,0,0,0,0,0,0,0,0,0,0,0,0,0,0,0,0,0,0,0,0,0,0,0,0,0,0,0,0,0,0,0,0,0,0,0,0,0,0,0,0,0,0,0,0,0,0,0,0,0,0,0,0,0,0,0,0,0,0,0,0,0,0,0,0,0,0,0,0,0,0,0,0,0,0,0,0,0,0,0,0,0,0,0,0,0,0,0,0,0,0,0,0,0,0,0,0,0,0,0,0,0,0,0,0,0,0,0,0,0,0,0,0,0,0,0,0,0,0,0,0,0,0,0,0,0,0,0,0,0,0,0,0,0,0,0,0,0,0,0,0,0,0,0,0,0,0,0,0,0,0,0,0,0,0,0,0
0,0.151685387,0.196629211,0.219101131,0.16853933,0.0955056176,0.0842696652,0.0224719103,0.0337078646,0.0112359552,0.0112359552,0,0.00561797759,0,0,0,0,0,0,0,0,0,0,0,0,0,0,0,0,0,0,0,0,0,0,0,0,0,0,0,0,0,0,0,0,0,0,0,0,0,0,0,0,0,0,0,0,0,0,0,0,0,0,0,0,0,0,0,0,0,0,0,0,0,0,0,0,0,0,0,0,0,0,0,0,0,0,0,0,0,0,0,0,0,0,0,0,0,0,0,0,0,0,0,0,0,0,0,0,0,0,0,0,0,0,0,0,0,0,0,0,0,0,0,0,0,0,0,0,0,0,0,0,0,0,0,0,0,0,0,0,0,0,0,0,0,0,0,0,0,0,0,0,0,0,0,0,0,0,0,0,0,0,0,0,0,0,0,0,0,0,0,0,0,0,0,0,0,0,0,0,0,0,0
0,0.0238095243,0.095238097,0.136904761,0.142857149,0.142857149,0.095238097,0.107142858,0.0595238097,0.0535714291,0.0357142873,0.0178571437,0.0178571437,0.0238095243,0.0178571437,0,0,0,0.00595238106,0.00595238106,0,0,0,0,0,0.00595238106,0,0,0,0,0,0,0,0,0.00595238106,0,0.00595238106,0,0,0,0,0,0,0,0,0,0,0,0,0,0,0,0,0,0,0,0,0,0,0,0,0,0,0,0,0,0,0,0,0,0,0,0,0,0,0,0,0,0,0,0,0,0,0,0,0,0,0,0,0,0,0,0,0,0,0,0,0,0,0,0,0,0,0,0,0,0,0,0,0,0,0,0,0,0,0,0,0,0,0,0,0,0,0,0,0,0,0,0,0,0,0,0,0,0,0,0,0,0,0,0,0,0,0,0,0,0,0,0,0,0,0,0,0,0,0,0,0,0,0,0,0,0,0,0,0,0,0,0,0,0,0,0,0,0,0,0,0,0,0,0,0,0,0
0,0,0,0,0,0,0.112499997,0.1875,0.0375000015,0.100000001,0.0625,0.0125000002,0,0,0,0,0,0,0,0,0,0,0,0,0,0,0,0,0,0,0,0,0,0,0,0,0,0,0,0,0,0,0,0,0,0,0,0,0,0,0,0,0,0,0,0,0,0,0,0,0,0,0,0,0,0,0,0,0,0,0,0.0125000002,0.0125000002,0.100000001,0.125,0.100000001,0.0125000002,0.0500000007,0,0,0,0,0,0,0,0,0,0,0.0125000002,0,0,0,0,0.0125000002,0,0,0,0,0,0.0125000002,0.0125000002,0.0125000002,0,0,0.0125000002,0,0,0,0,0,0,0,0,0,0,0,0,0,0,0,0,0,0,0,0,0,0,0,0,0,0,0,0,0,0,0,0,0,0,0,0,0,0,0,0,0,0,0,0,0,0,0,0,0,0,0,0,0,0,0,0,0,0,0,0,0,0,0,0,0,0,0,0,0,0,0,0,0,0,0,0,0,0,0
0,0,0,0,0,0,0.0845070407,0.112676054,0.690140843,0.0140845068,0.0140845068,0.0140845068,0,0,0,0,0,0,0.0140845068,0.0140845068,0,0,0,0,0,0,0,0,0,0,0,0,0,0,0,0,0,0,0,0,0,0,0,0,0,0,0,0,0,0,0,0,0,0,0,0,0,0,0,0,0,0,0,0,0,0,0,0,0.0140845068,0,0,0,0,0.0140845068,0,0,0,0,0,0,0,0,0,0,0,0,0,0,0,0,0,0,0,0,0,0,0,0,0.0140845068,0,0,0,0,0,0,0,0,0,0,0,0,0,0,0,0,0,0,0,0,0,0,0,0,0,0,0,0,0,0,0,0,0,0,0,0,0,0,0,0,0,0,0,0,0,0,0,0,0,0,0,0,0,0,0,0,0,0,0,0,0,0,0,0,0,0,0,0,0,0,0,0,0,0,0,0,0,0,0,0,0,0,0,0,0
0,0,0,0,0,0,0.430379748,0.379746825,0.0506329127,0.0253164563,0.0253164563,0.0126582282,0,0,0.0126582282,0,0,0,0,0,0,0,0,0,0,0,0,0,0,0,0,0,0,0,0,0,0,0,0,0,0,0,0,0,0,0,0,0,0,0,0,0,0,0,0,0,0,0,0,0,0,0,0,0,0,0,0,0,0,0,0,0,0,0,0.0126582282,0.0126582282,0.0126582282,0,0,0,0,0,0,0,0,0,0,0,0,0,0,0,0,0,0,0,0,0,0.0126582282,0,0,0,0,0,0,0,0,0,0,0.0126582282,0,0,0,0,0,0,0,0,0,0,0,0,0,0,0,0,0,0,0,0,0,0,0,0,0,0,0,0,0,0,0,0,0,0,0,0,0,0,0,0,0,0,0,0,0,0,0,0,0,0,0,0,0,0,0,0,0,0,0,0,0,0,0,0,0,0,0,0,0,0,0,0,0,0
0,0,0,0,0,0.166666672,0.0444444455,0.122222222,0.055555556,0.13333334,0.0222222228,0,0.0333333351,0.0111111114,0.0222222228,0.0222222228,0.0222222228,0,0,0.0444444455,0.0111111114,0.0222222228,0,0,0,0.0111111114,0,0.0111111114,0,0,0.0111111114,0,0,0,0.0222222228,0,0,0.0111111114,0.0111111114,0.0111111114,0,0,0,0,0,0.0111111114,0,0,0,0.0111111114,0,0,0,0,0,0,0,0,0,0,0,0,0,0,0,0,0,0,0,0,0.0111111114,0.0111111114,0,0.0111111114,0.0222222228,0.0222222228,0,0,0,0,0,0,0.0111111114,0.0111111114,0,0,0,0.0111111114,0,0,0.0111111114,0,0,0,0.0111111114,0,0.0111111114,0.0111111114,0,0,0,0,0,0,0,0,0,0,0,0,0,0,0,0,0,0,0,0,0,0,0,0,0,0,0,0,0,0,0,0,0,0,0,0,0,0,0,0,0,0,0,0,0,0,0,0,0,0,0,0,0,0,0,0,0,0,0,0,0,0,0,0,0,0,0,0,0,0,0,0,0,0,0,0,0,0,0,0,0,0,0,0,0,0
0,0,0,0,0,0,0,0.754385948,0.210526317,0,0,0,0,0,0,0,0,0,0,0,0,0,0,0,0,0,0,0,0,0,0,0,0,0,0,0,0,0,0,0,0,0,0,0.0175438598,0,0,0,0,0,0,0,0,0,0,0,0,0,0,0,0,0,0,0,0,0,0,0,0,0,0,0,0,0,0,0,0.0175438598,0,0,0,0,0,0,0,0,0,0,0,0,0,0,0,0,0,0,0,0,0,0,0,0,0,0,0,0,0,0,0,0,0,0,0,0,0,0,0,0,0,0,0,0,0,0,0,0,0,0,0,0,0,0,0,0,0,0,0,0,0,0,0,0,0,0,0,0,0,0,0,0,0,0,0,0,0,0,0,0,0,0,0,0,0,0,0,0,0,0,0,0,0,0,0,0,0,0,0,0,0,0,0,0,0,0,0,0
0,0,0,0,0,0,0,0.0344827585,0.0344827585,0.0344827585,0.0344827585,0.0344827585,0,0,0,0,0,0.068965517,0.0344827585,0,0,0,0.068965517,0,0.0344827585,0,0,0,0,0,0,0,0.0344827585,0,0,0,0,0,0.0344827585,0,0,0.068965517,0.0344827585,0,0,0,0,0,0,0,0,0,0,0,0,0,0,0,0,0,0,0,0.0344827585,0,0,0,0,0,0,0,0,0.0344827585,0.0344827585,0.0344827585,0.172413796,0.0344827585,0,0,0,0,0,0,0,0,0,0.0344827585,0,0,0,0,0,0,0,0,0,0,0,0,0,0.0344827585,0,0,0.0344827585,0,0,0,0,0,0,0,0,0,0,0,0,0,0,0,0,0,0,0,0,0,0,0,0,0,0,0,0,0,0,0,0,0,0,0,0,0,0,0,0,0,0,0,0,0,0,0,0,0,0,0,0,0,0,0,0,0,0,0,0,0,0,0,0,0,0,0,0,0,0,0,0,0,0,0,0,0,0,0,0,0
0,0,0,0,0.0175438598,0,0.0526315793,0.315789461,0.0877192989,0.210526317,0.157894731,0.0175438598,0.0526315793,0,0,0,0,0.0175438598,0,0,0,0,0,0,0,0,0,0,0,0,0,0,0,0,0,0,0,0,0,0,0,0,0,0,0.0175438598,0,0,0,0,0,0,0,0,0,0,0,0,0,0,0,0.0175438598,0,0,0,0,0,0,0,0,0,0,0,0,0,0,0,0,0,0,0,0,0,0,0,0,0,0,0,0,0,0,0,0,0,0,0,0,0,0,0.0175438598,0,0,0.0175438598,0,0,0,0,0,0,0,0,0,0,0,0,0,0,0,0,0,0,0,0,0,0,0,0,0,0,0,0,0,0,0,0,0,0,0,0,0,0,0,0,0,0,0,0,0,0,0,0,0,0,0,0,0,0,0,0,0,0,0,0,0,0,0,0,0,0,0,0,0,0,0,0,0,0,0,0,0,0,0,0,0
0,0,0,0,0,0,0.0259740259,0.363636374,0.038961038,0.181818187,0.129870132,0.0259740259,0,0,0.012987013,0.012987013,0,0,0,0.012987013,0,0,0,0,0,0,0,0,0,0,0,0,0,0,0,0,0,0,0,0,0,0,0,0,0,0,0,0,0,0,0,0,0,0,0,0,0,0,0,0,0,0,0,0,0,0,0,0,0,0,0,0.012987013,0,0.0259740259,0.0519480519,0.012987013,0,0.012987013,0.012987013,0.012987013,0,0,0.012987013,0,0.012987013,0,0,0,0,0,0.012987013,0,0.012987013,0,0,0,0,0,0,0,0,0,0,0,0,0,0,0,0,0,0,0,0,0,0,0,0,0,0,0,0,0,0,0,0,0,0,0,0,0,0,0,0,0,0,0,0,0,0,0,0,0,0,0,0,0,0,0,0,0,0,0,0,0,0,0,0,0,0,0,0,0,0,0,0,0,0,0,0,0,0,0,0,0,0,0,0,0,0,0,0,0,0,0
0,0,0,0,0,0,0.0697674453,0.116279073,0.0930232555,0.186046511,0.116279073,0,0.0116279069,0.0116279069,0,0,0,0.0116279069,0,0,0,0.0116279069,0.0116279069,0,0,0.0116279069,0,0,0,0,0,0,0,0,0,0,0,0,0,0,0,0.0116279069,0,0,0,0,0,0,0,0,0,0,0,0,0,0,0,0,0,0,0.0116279069,0,0,0,0,0,0.0116279069,0,0.0232558139,0.0116279069,0,0.0232558139,0.0116279069,0.0116279069,0.0348837227,0.0581395365,0.0348837227,0.0348837227,0,0.0581395365,0,0,0,0,0.0116279069,0,0,0,0,0,0,0,0,0,0,0,0,0,0,0,0,0,0,0,0,0,0,0,0,0,0,0,0,0,0,0,0,0,0,0,0,0,0,0,0,0,0,0,0,0,0,0,0,0,0,0,0,0,0,0,0,0,0,0,0,0,0,0,0,0,0,0,0,0,0,0,0,0,0,0,0,0,0,0,0,0,0,0,0,0,0,0,0,0,0,0,0,0,0,0,0,0,0,0
0,0,0,0,0.0196078438,0.411764711,0.0784313753,0.0294117648,0.0196078438,0.0490196086,0.0588235296,0.0294117648,0.0294117648,0,0.0196078438,0.0196078438,0.0196078438,0.0196078438,0,0.00980392192,0,0,0,0.00980392192,0.00980392192,0.00980392192,0,0.00980392192,0.00980392192,0,0.00980392192,0,0,0,0.00980392192,0,0,0,0,0.00980392192,0,0,0,0,0,0,0.00980392192,0,0,0,0.00980392192,0,0,0,0,0,0,0.00980392192,0,0.00980392192,0,0,0,0,0,0,0,0.00980392192,0,0,0,0,0,0.00980392192,0.00980392192,0,0,0,0.00980392192,0,0,0,0,0,0,0,0,0,0,0,0,0.00980392192,0,0,0.00980392192,0,0,0,0,0,0,0,0,0,0,0,0,0,0,0.00980392192,0,0,0,0,0,0,0,0,0,0,0,0,0,0,0,0,0,0,0,0,0,0,0,0,0,0,0,0,0,0,0,0,0,0,0,0,0,0,0,0,0,0,0,0,0,0,0,0,0,0,0,0,0,0,0,0,0,0,0,0,0,0,0,0,0,0,0,0,0,0,0,0,0,0
0,0,0,0,0.0340909101,0.0795454532,0.170454547,0.0454545468,0.113636367,0.125,0.0568181835,0.0227272734,0.0113636367,0.0227272734,0.0113636367,0.0113636367,0.0113636367,0.0113636367,0.0113636367,0,0.0113636367,0.0113636367,0.0227272734,0,0.0227272734,0,0,0,0,0,0,0.0227272734,0.0113636367,0,0,0,0,0,0,0,0.0340909101,0,0.0113636367,0,0.0113636367,0,0,0,0,0,0,0,0,0,0.0113636367,0,0,0,0,0,0,0,0,0.0113636367,0,0,0,0.0113636367,0,0.0113636367,0.0113636367,0,0,0,0,0,0.0113636367,0,0,0,0,0,0,0,0,0,0,0,0,0,0,0,0.0113636367,0,0.0113636367,0,0,0,0,0,0,0,0,0,0,0,0,0,0,0,0,0,0,0.0113636367,0,0,0,0,0,0,0,0,0,0,0,0,0,0,0,0,0,0,0,0,0,0,0,0,0,0,0,0,0,0,0,0,0,0,0,0,0,0,0,0,0,0,0,0,0,0,0,0,0,0,0,0,0,0,0,0,0,0,0,0,0,0,0,0,0,0,0,0,0,0
0,0,0.0777777806,0.788888872,0.13333334,0,0,0,0,0,0,0,0,0,0,0,0,0,0,0,0,0,0,0,0,0,0,0,0,0,0,0,0,0,0,0,0,0,0,0,0,0,0,0,0,0,0,0,0,0,0,0,0,0,0,0,0,0,0,0,0,0,0,0,0,0,0,0,0,0,0,0,0,0,0,0,0,0,0,0,0,0,0,0,0,0,0,0,0,0,0,0,0,0,0,0,0,0,0,0,0,0,0,0,0,0,0,0,0,0,0,0,0,0,0,0,0,0,0,0,0,0,0,0,0,0,0,0,0,0,0,0,0,0,0,0,0,0,0,0,0,0,0,0,0,0,0,0,0,0,0,0,0,0,0,0,0,0,0,0,0,0,0,0,0,0,0,0,0,0,0,0,0,0,0,0,0,0,0,0,0,0,0,0
0,0,0.0333333351,0.422222227,0.544444442,0,0,0,0,0,0,0,0,0,0,0,0,0,0,0,0,0,0,0,0,0,0,0,0,0,0,0,0,0,0,0,0,0,0,0,0,0,0,0,0,0,0,0,0,0,0,0,0,0,0,0,0,0,0,0,0,0,0,0,0,0,0,0,0,0,0,0,0,0,0,0,0,0,0,0,0,0,0,0,0,0,0,0,0,0,0,0,0,0,0,0,0,0,0,0,0,0,0,0,0,0,0,0,0,0,0,0,0,0,0,0,0,0,0,0,0,0,0,0,0,0,0,0,0,0,0,0,0,0,0,0,0,0,0,0,0,0,0,0,0,0,0,0,0,0,0,0,0,0,0,0,0,0,0,0,0,0,0,0,0,0,0,0,0,0,0,0,0,0,0,0,0,0,0,0,0,0,0,0
0,0,0,0.0520833321,0.927083313,0.020833334,0,0,0,0,0,0,0,0,0,0,0,0,0,0,0,0,0,0,0,0,0,0,0,0,0,0,0,0,0,0,0,0,0,0,0,0,0,0,0,0,0,0,0,0,0,0,0,0,0,0,0,0,0,0,0,0,0,0,0,0,0,0,0,0,0,0,0,0,0,0,0,0,0,0,0,0,0,0,0,0,0,0,0,0,0,0,0,0,0,0,0,0,0,0,0,0,0,0,0,0,0,0,0,0,0,0,0,0,0,0,0,0,0,0,0,0,0,0,0,0,0,0,0,0,0,0,0,0,0,0,0,0,0,0,0,0,0,0,0,0,0,0,0,0,0,0,0,0,0,0,0,0,0,0,0,0,0,0,0,0,0,0,0,0,0,0,0,0,0,0,0,0,0,0,0,0,0,0
0.0330578499,0.0165289249,0.0743801668,0.545454562,0.30578512,0.00826446246,0,0.0165289249,0,0,0,0,0,0,0,0,0,0,0,0,0,0,0,0,0,0,0,0,0,0,0,0,0,0,0,0,0,0,0,0,0,0,0,0,0,0,0,0,0,0,0,0,0,0,0,0,0,0,0,0,0,0,0,0,0,0,0,0,0,0,0,0,0,0,0,0,0,0,0,0,0,0,0,0,0,0,0,0,0,0,0,0,0,0,0,0,0,0,0,0,0,0,0,0,0,0,0,0,0,0,0,0,0,0,0,0,0,0,0,0,0,0,0,0,0,0,0,0,0,0,0,0,0,0,0,0,0,0,0,0,0,0,0,0,0,0,0,0,0,0,0,0,0,0,0,0,0,0,0,0,0,0,0,0,0,0,0,0,0,0,0,0,0,0,0,0,0,0,0,0,0,0,0,0
0,0,0,0.25,0.548076928,0.182692304,0,0,0,0,0,0.00961538497,0,0,0,0,0,0.00961538497,0,0,0,0,0,0,0,0,0,0,0,0,0,0,0,0,0,0,0,0,0,0,0,0,0,0,0,0,0,0,0,0,0,0,0,0,0,0,0,0,0,0,0,0,0,0,0,0,0,0,0,0,0,0,0,0,0,0,0,0,0,0,0,0,0,0,0,0,0,0,0,0,0,0,0,0,0,0,0,0,0,0,0,0,0,0,0,0,0,0,0,0,0,0,0,0,0,0,0,0,0,0,0,0,0,0,0,0,0,0,0,0,0,0,0,0,0,0,0,0,0,0,0,0,0,0,0,0,0,0,0,0,0,0,0,0,0,0,0,0,0,0,0,0,0,0,0,0,0,0,0,0,0,0,0,0,0,0,0,0,0,0,0,0,0,0
0.00970873795,0,0.0485436879,0.310679615,0.621359229,0.00970873795,0,0,0,0,0,0,0,0,0,0,0,0,0,0,0,0,0,0,0,0,0,0,0,0,0,0,0,0,0,0,0,0,0,0,0,0,0,0,0,0,0,0,0,0,0,0,0,0,0,0,0,0,0,0,0,0,0,0,0,0,0,0,0,0,0,0,0,0,0,0,0,0,0,0,0,0,0,0,0,0,0,0,0,0,0,0,0,0,0,0,0,0,0,0,0,0,0,0,0,0,0,0,0,0,0,0,0,0,0,0,0,0,0,0,0,0,0,0,0,0,0,0,0,0,0,0,0,0,0,0,0,0,0,0,0,0,0,0,0,0,0,0,0,0,0,0,0,0,0,0,0,0,0,0,0,0,0,0,0,0,0,0,0,0,0,0,0,0,0,0,0,0,0,0,0,0,0,0
0,0,0.0204081628,0.173469394,0.673469365,0.122448981,0,0,0.0102040814,0,0,0,0,0,0,0,0,0,0,0,0,0,0,0,0,0,0,0,0,0,0,0,0,0,0,0,0,0,0,0,0,0,0,0,0,0,0,0,0,0,0,0,0,0,0,0,0,0,0,0,0,0,0,0,0,0,0,0,0,0,0,0,0,0,0,0,0,0,0,0,0,0,0,0,0,0,0,0,0,0,0,0,0,0,0,0,0,0,0,0,0,0,0,0,0,0,0,0,0,0,0,0,0,0,0,0,0,0,0,0,0,0,0,0,0,0,0,0,0,0,0,0,0,0,0,0,0,0,0,0,0,0,0,0,0,0,0,0,0,0,0,0,0,0,0,0,0,0,0,0,0,0,0,0,0,0,0,0,0,0,0,0,0,0,0,0,0,0,0,0,0,0,0,0
0,0,0,0.313725501,0.588235319,0.0980392173,0,0,0,0,0,0,0,0,0,0,0,0,0,0,0,0,0,0,0,0,0,0,0,0,0,0,0,0,0,0,0,0,0,0,0,0,0,0,0,0,0,0,0,0,0,0,0,0,0,0,0,0,0,0,0,0,0,0,0,0,0,0,0,0,0,0,0,0,0,0,0,0,0,0,0,0,0,0,0,0,0,0,0,0,0,0,0,0,0,0,0,0,0,0,0,0,0,0,0,0,0,0,0,0,0,0,0,0,0,0,0,0,0,0,0,0,0,0,0,0,0,0,0,0,0,0,0,0,0,0,0,0,0,0,0,0,0,0,0,0,0,0,0,0,0,0,0,0,0,0,0,0,0,0,0,0,0,0,0,0,0,0,0,0,0,0,0,0,0,0,0,0,0,0,0,0,0,0
0,0,0.309523821,0.464285702,0.226190478,0,0,0,0,0,0,0,0,0,0,0,0,0,0,0,0,0,0,0,0,0,0,0,0,0,0,0,0,0,0,0,0,0,0,0,0,0,0,0,0,0,0,0,0,0,0,0,0,0,0,0,0,0,0,0,0,0,0,0,0,0,0,0,0,0,0,0,0,0,0,0,0,0,0,0,0,0,0,0,0,0,0,0,0,0,0,0,0,0,0,0,0,0,0,0,0,0,0,0,0,0,0,0,0,0,0,0,0,0,0,0,0,0,0,0,0,0,0,0,0,0,0,0,0,0,0,0,0,0,0,0,0,0,0,0,0,0,0,0,0,0,0,0,0,0,0,0,0,0,0,0,0,0,0,0,0,0,0,0,0,0,0,0,0,0,0,0,0,0,0,0,0,0,0,0,0,0,0,0
0,0,0,0,0,0.0399999991,0.159999996,0.0399999991,0,0.239999995,0,0.0399999991,0,0,0.0399999991,0,0,0.0399999991,0,0,0,0,0,0,0,0,0,0,0.0399999991,0,0.0399999991,0,0,0.0399999991,0,0,0,0,0.0399999991,0.0399999991,0,0,0,0,0,0,0,0,0,0,0,0,0,0,0.0399999991,0,0,0,0,0,0,0,0,0,0,0,0,0,0,0.0399999991,0,0,0,0,0.0799999982,0,0,0,0,0,0,0,0,0,0,0,0,0,0,0,0,0,0,0,0,0,0,0,0,0,0.0399999991,0,0,0,0,0,0,0,0,0,0,0,0,0,0,0,0,0,0,0,0,0,0,0,0,0,0,0,0,0,0,0,0,0,0,0,0,0,0,0,0,0,0,0,0,0,0,0,0,0,0,0,0,0,0,0,0,0,0,0,0,0,0,0,0,0,0,0,0,0,0,0,0,0,0,0,0,0,0,0,0,0,0,0
0,0,0,0,0,0.0454545468,0,0.0454545468,0,0.13636364,0.0909090936,0.0454545468,0.0454545468,0,0,0.0454545468,0,0.0909090936,0.0454545468,0,0,0.0454545468,0.0454545468,0.0454545468,0,0,0,0,0,0,0,0,0,0,0,0,0,0,0,0,0,0,0,0,0,0,0,0,0,0,0,0,0,0,0,0,0,0.0454545468,0,0,0,0,0,0,0,0,0,0,0,0,0,0,0.0454545468,0,0.0454545468,0.0454545468,0,0,0,0,0,0,0,0,0,0,0,0,0,0,0,0.0454545468,0,0,0,0,0,0,0,0,0,0,0,0,0,0.0454545468,0,0,0,0,0,0,0,0,0,0,0,0,0,0,0,0,0,0,0,0,0,0,0,0,0,0,0,0,0,0,0,0,0,0,0,0,0,0,0,0,0,0,0,0,0,0,0,0,0,0,0,0,0,0,0,0,0,0,0,0,0,0,0,0,0,0,0,0,0,0,0,0,0,0,0,0,0,0
0,0,0,0,0,0.0476190485,0.095238097,0,0,0.0476190485,0.142857149,0.0476190485,0,0,0,0.0476190485,0.095238097,0.095238097,0.142857149,0,0.0476190485,0,0,0,0,0,0,0.095238097,0.0476190485,0,0,0,0,0,0,0,0,0,0,0,0,0,0,0.0476190485,0,0,0,0,0,0,0,0,0,0,0,0,0,0,0,0,0,0,0,0,0,0,0,0,0,0,0,0,0,0,0,0,0,0,0,0,0,0,0,0,0,0,0,0,0,0,0,0,0,0,0,0,0,0,0,0,0,0,0,0,0,0,0,0,0,0,0,0,0,0,0,0,0,0,0,0,0,0,0,0,0,0,0,0,0,0,0,0,0,0,0,0,0,0,0,0,0,0,0,0,0,0,0,0,0,0,0,0,0,0,0,0,0,0,0,0,0,0,0,0,0,0,0,0,0,0,0,0,0,0,0,0,0,0,0,0,0,0,0,0
0,0,0,0,0,0,0,0.0967741907,0.483870953,0.290322572,0.129032254,0,0,0,0,0,0,0,0,0,0,0,0,0,0,0,0,0,0,0,0,0,0,0,0,0,0,0,0,0,0,0,0,0,0,0,0,0,0,0,0,0,0,0,0,0,0,0,0,0,0,0,0,0,0,0,0,0,0,0,0,0,0,0,0,0,0,0,0,0,0,0,0,0,0,0,0,0,0,0,0,0,0,0,0,0,0,0,0,0,0,0,0,0,0,0,0,0,0,0,0,0,0,0,0,0,0,0,0,0,0,0,0,0,0,0,0,0,0,0,0,0,0,0,0,0,0,0,0,0,0,0,0,0,0,0,0,0,0,0,0,0,0,0,0,0,0,0,0,0,0,0,0,0,0,0,0,0,0,0,0,0,0,0,0,0,0,0,0,0,0,0,0,0
0,0,0,0,0,0,0.0322580636,0.0645161271,0.5,0.241935477,0.0645161271,0.0645161271,0,0,0,0.0161290318,0,0,0,0,0,0,0,0,0,0,0,0,0,0,0,0,0,0,0,0,0,0,0,0,0,0,0,0,0,0,0,0,0,0,0,0,0,0,0,0,0,0,0,0,0,0,0,0,0,0,0,0.0161290318,0,0,0,0,0,0,0,0,0,0,0,0,0,0,0,0,0,0,0,0,0,0,0,0,0,0,0,0,0,0,0,0,0,0,0,0,0,0,0,0,0,0,0,0,0,0,0,0,0,0,0,0,0,0,0,0,0,0,0,0,0,0,0,0,0,0,0,0,0,0,0,0,0,0,0,0,0,0,0,0,0,0,0,0,0,0,0,0,0,0,0,0,0,0,0,0,0,0,0,0,0,0,0,0,0,0,0,0,0,0,0,0,0,0,0,0
0,0,0.0697674453,0.813953459,0.116279073,0,0,0,0,0,0,0,0,0,0,0,0,0,0,0,0,0,0,0,0,0,0,0,0,0,0,0,0,0,0,0,0,0,0,0,0,0,0,0,0,0,0,0,0,0,0,0,0,0,0,0,0,0,0,0,0,0,0,0,0,0,0,0,0,0,0,0,0,0,0,0,0,0,0,0,0,0,0,0,0,0,0,0,0,0,0,0,0,0,0,0,0,0,0,0,0,0,0,0,0,0,0,0,0,0,0,0,0,0,0,0,0,0,0,0,0,0,0,0,0,0,0,0,0,0,0,0,0,0,0,0,0,0,0,0,0,0,0,0,0,0,0,0,0,0,0,0,0,0,0,0,0,0,0,0,0,0,0,0,0,0,0,0,0,0,0,0,0,0,0,0,0,0,0,0,0,0,0,0
0,0,0,0,0,0,0,0,0.592592597,0.0617283955,0.0123456791,0.0246913582,0.0123456791,0,0.0246913582,0,0,0.0123456791,0.0246913582,0,0,0.0123456791,0,0.0123456791,0.0123456791,0,0.0246913582,0,0.0123456791,0.0123456791,0,0,0,0,0,0,0,0,0,0,0,0,0,0,0.0246913582,0,0,0.0123456791,0.0123456791,0,0,0,0,0,0,0,0,0,0,0,0,0,0,0.0123456791,0,0,0,0,0,0,0,0,0,0.0123456791,0,0.0123456791,0,0,0,0,0.0246913582,0,0,0,0,0,0,0,0,0,0,0,0,0,0,0,0,0,0.0123456791,0.0123456791,0,0,0,0,0,0,0,0,0,0,0,0,0.0123456791,0,0,0,0,0,0,0,0,0,0,0,0,0,0,0,0,0,0,0,0,0,0,0,0,0,0,0,0,0,0,0,0,0,0,0,0,0,0,0,0,0,0,0,0,0,0,0,0,0,0,0,0,0,0,0,0,0,0,0,0,0,0,0,0,0,0,0,0,0,0,0
0,0,0.106382981,0.0638297871,0,0.0212765951,0,0.0425531901,0.319148928,0.191489369,0.0638297871,0,0,0.0212765951,0,0.0212765951,0,0,0,0,0,0,0.0212765951,0,0.0425531901,0,0,0,0,0,0,0,0,0,0,0,0,0,0,0,0.0212765951,0,0,0,0,0,0,0,0,0,0,0,0,0,0,0,0,0,0,0,0,0,0,0,0,0,0,0,0,0,0,0,0,0,0,0,0.0212765951,0,0,0,0,0,0,0,0,0,0,0,0,0,0,0,0,0,0,0,0,0.0212765951,0,0,0,0,0,0,0,0,0.0212765951,0,0,0,0,0,0,0,0,0,0,0,0,0,0,0,0,0,0,0,0,0,0,0,0,0,0,0,0,0,0,0,0,0,0,0,0,0,0,0,0,0,0,0,0,0,0,0,0,0,0,0,0,0,0,0,0,0,0,0,0,0,0,0,0,0,0,0,0,0,0,0,0,0,0,0,0,0
0,0,0,0,0,0,0,0.00917431153,0.00917431153,0.302752286,0.0917431191,0.183486238,0.0275229365,0.0458715595,0.0275229365,0.00917431153,0.0183486231,0.00917431153,0.00917431153,0.00917431153,0,0.00917431153,0.00917431153,0,0.00917431153,0,0,0,0,0.00917431153,0.00917431153,0,0.0183486231,0.00917431153,0,0,0,0.00917431153,0.00917431153,0,0.00917431153,0,0,0,0.00917431153,0,0,0,0,0,0.00917431153,0,0,0.00917431153,0,0.00917431153,0,0,0,0,0.00917431153,0,0,0,0.00917431153,0,0,0,0,0,0,0,0.00917431153,0.0183486231,0.00917431153,0,0,0,0,0,0,0,0.00917431153,0,0.0183486231,0,0,0,0,0.00917431153,0,0,0,0,0,0,0,0,0,0,0.00917431153,0.00917431153,0,0,0,0,0,0,0,0,0,0,0,0,0,0,0,0,0,0,0,0,0,0,0,0,0,0,0,0,0,0,0,0,0,0,0,0,0,0,0,0,0,0,0,0,0,0,0,0,0,0,0,0,0,0,0,0,0,0,0,0,0,0,0,0,0,0,0,0,0,0,0,0,0,0,0,0,0,0,0,0,0,0
0,0,0,0,0,0,0,0,0.746031761,0.158730164,0.0317460336,0,0,0.0158730168,0,0,0,0,0,0,0,0,0,0,0,0.0158730168,0,0,0,0,0,0,0,0,0,0,0,0,0,0,0.0158730168,0,0,0,0,0,0,0,0,0,0,0,0,0,0,0,0,0,0.0158730168,0,0,0,0,0,0,0,0,0,0,0,0,0,0,0,0,0,0,0,0,0,0,0,0,0,0,0,0,0,0,0,0,0,0,0,0,0,0,0,0,0,0,0,0,0,0,0,0,0,0,0,0,0,0,0,0,0,0,0,0,0,0,0,0,0,0,0,0,0,0,0,0,0,0,0,0,0,0,0,0,0,0,0,0,0,0,0,0,0,0,0,0,0,0,0,0,0,0,0,0,0,0,0,0,0,0,0,0,0,0,0,0,0,0,0,0,0,0,0,0,0,0,0,0,0
0,0,0,0,0,0,0,0.0222222228,0.533333361,0.244444445,0.111111112,0,0,0,0,0.0222222228,0,0,0.0222222228,0,0,0,0,0,0,0,0,0,0,0,0,0,0,0,0.0222222228,0.0222222228,0,0,0,0,0,0,0,0,0,0,0,0,0,0,0,0,0,0,0,0,0,0,0,0,0,0,0,0,0,0,0,0,0,0,0,0,0,0,0,0,0,0,0,0,0,0,0,0,0,0,0,0,0,0,0,0,0,0,0,0,0,0,0,0,0,0,0,0,0,0,0,0,0,0,0,0,0,0,0,0,0,0,0,0,0,0,0,0,0,0,0,0,0,0,0,0,0,0,0,0,0,0,0,0,0,0,0,0,0,0,0,0,0,0,0,0,0,0,0,0,0,0,0,0,0,0,0,0,0,0,0,0,0,0,0,0,0,0,0,0,0,0,0,0,0,0,0,0
0,0,0,0,0,0,0.0727272704,0.0181818176,0.0909090936,0.127272725,0.109090909,0,0,0,0,0,0.0181818176,0.0363636352,0.0181818176,0,0,0,0,0.0181818176,0.0181818176,0.0181818176,0,0,0,0,0,0.0181818176,0,0,0.0181818176,0,0,0,0,0.0181818176,0.0181818176,0,0.0363636352,0,0,0,0,0,0,0.0181818176,0,0,0,0,0,0,0,0,0,0,0,0,0,0,0,0,0,0.0181818176,0,0.0363636352,0.0181818176,0,0,0.0181818176,0.0545454547,0.0181818176,0,0,0,0,0,0,0,0,0,0,0,0.0181818176,0,0,0,0,0,0.0181818176,0,0,0,0.0363636352,0,0.0363636352,0.0181818176,0,0,0,0,0,0,0,0.0363636352,0,0,0,0,0,0,0,0,0,0,0,0,0,0,0,0,0,0,0,0,0,0,0,0,0,0,0,0,0,0,0,0,0,0,0,0,0,0,0,0,0,0,0,0,0,0,0,0,0,0,0,0,0,0,0,0,0,0,0,0,0,0,0,0,0,0,0,0,0,0,0,0,0,0,0
0,0,0,0,0,0,0,0,0.0285714287,0.18571429,0.128571436,0.328571439,0.0571428575,0.0285714287,0.0285714287,0.0142857144,0,0,0,0,0,0,0,0.0142857144,0,0.0285714287,0,0,0,0,0,0,0,0,0,0,0,0,0,0,0,0,0.0142857144,0,0,0,0,0,0,0.0142857144,0,0,0,0,0,0,0,0.0142857144,0,0,0.0142857144,0,0,0,0,0.0142857144,0,0,0,0.0142857144,0.0142857144,0,0.0142857144,0.0142857144,0.0142857144,0,0,0,0,0,0,0,0,0,0,0,0,0,0,0,0,0,0,0,0,0,0,0,0,0,0,0,0,0,0,0,0,0,0,0,0,0,0,0,0,0,0,0,0,0,0,0,0,0,0,0,0,0,0,0,0,0,0,0.0142857144,0,0,0,0,0,0,0,0,0,0,0,0,0,0,0,0,0,0,0,0,0,0,0,0,0,0,0,0,0,0,0,0,0,0,0,0,0,0,0,0,0,0,0,0,0,0,0,0,0,0
0,0,0,0,0,0,0,0.0175438598,0.122807018,0.701754391,0.0350877196,0.0175438598,0,0,0,0,0,0,0,0,0,0,0,0,0,0,0,0,0,0.0175438598,0,0,0,0,0,0,0,0,0,0,0,0,0,0,0,0,0,0,0,0,0,0,0,0,0,0,0,0,0,0,0,0,0,0,0,0,0,0,0,0,0,0,0,0,0,0,0,0.0350877196,0,0,0,0.0175438598,0,0.0175438598,0,0,0,0,0,0,0,0,0,0,0,0,0,0,0,0,0.0175438598,0,0,0,0,0,0,0,0,0,0,0,0,0,0,0,0,0,0,0,0,0,0,0,0,0,0,0,0,0,0,0,0,0,0,0,0,0,0,0,0,0,0,0,0,0,0,0,0,0,0,0,0,0,0,0,0,0,0,0,0,0,0,0,0,0,0,0,0,0,0,0,0,0,0,0,0,0,0,0,0,0,0,0
0,0,0.692307711,0.27692309,0.0153846154,0,0.0153846154,0,0,0,0,0,0,0,0,0,0,0,0,0,0,0,0,0,0,0,0,0,0,0,0,0,0,0,0,0,0,0,0,0,0,0,0,0,0,0,0,0,0,0,0,0,0,0,0,0,0,0,0,0,0,0,0,0,0,0,0,0,0,0,0,0,0,0,0,0,0,0,0,0,0,0,0,0,0,0,0,0,0,0,0,0,0,0,0,0,0,0,0,0,0,0,0,0,0,0,0,0,0,0,0,0,0,0,0,0,0,0,0,0,0,0,0,0,0,0,0,0,0,0,0,0,0,0,0,0,0,0,0,0,0,0,0,0,0,0,0,0,0,0,0,0,0,0,0,0,0,0,0,0,0,0,0,0,0,0,0,0,0,0,0,0,0,0,0,0,0,0,0,0,0,0,0,0
0,0,0,0,0,0,0,0,0.101694912,0.372881353,0.152542368,0.0169491526,0,0.0508474559,0.0847457647,0,0,0.0169491526,0,0.0169491526,0,0,0,0,0,0,0,0,0,0,0.0169491526,0,0,0,0,0,0.0338983051,0,0,0,0,0,0.0169491526,0,0,0,0.0169491526,0,0,0,0.0169491526,0,0,0,0,0,0,0,0,0,0,0,0,0.0169491526,0,0.0169491526,0,0,0,0,0,0,0,0.0169491526,0,0,0,0,0,0,0,0,0,0,0,0,0,0,0,0,0,0,0,0,0,0,0,0,0,0,0,0,0,0,0,0,0,0.0169491526,0.0169491526,0,0,0,0,0,0,0,0,0,0,0,0,0,0,0,0,0,0,0,0,0,0,0,0,0,0,0,0,0,0,0,0,0,0,0,0,0,0,0,0,0,0,0,0,0,0,0,0,0,0,0,0,0,0,0,0,0,0,0,0,0,0,0,0,0,0,0,0,0,0,0,0,0,0,0
0,0,0,0,0,0,0,0,0,0,0,0,0,0.0454545468,0.0454545468,0,0,0.0909090936,0,0.0454545468,0.13636364,0.0454545468,0.0454545468,0,0.0454545468,0.0454545468,0,0,0.0454545468,0,0,0,0.0454545468,0,0,0,0,0.0909090936,0,0.0454545468,0,0,0.0454545468,0,0,0,0,0,0,0,0,0.0454545468,0.0454545468,0,0.0454545468,0,0.0454545468,0,0,0,0,0,0,0,0,0,0,0,0,0,0,0,0,0,0,0,0,0,0,0,0,0,0,0,0,0,0,0,0,0,0,0,0,0,0,0,0,0,0,0,0,0,0,0,0,0,0,0,0,0,0,0,0,0,0,0,0,0,0,0,0,0,0,0,0,0,0,0,0,0,0,0,0,0,0,0,0,0,0,0,0,0,0,0,0,0,0,0,0,0,0,0,0,0,0,0,0,0,0,0,0,0,0,0,0,0,0,0,0,0,0,0,0,0,0,0,0,0,0,0,0,0,0,0
0,0,0,0,0,0,0,0,0,0,0,0,0.130434781,0.304347813,0,0,0,0.0869565234,0,0.0434782617,0,0,0,0.0434782617,0.0434782617,0,0.0434782617,0,0,0,0,0.0434782617,0,0,0,0,0,0,0,0,0.0434782617,0,0,0.0434782617,0,0,0.0434782617,0,0,0,0,0,0,0,0,0,0,0,0,0.0434782617,0,0,0,0,0,0,0,0,0.0434782617,0,0,0,0,0,0,0.0434782617,0,0,0,0,0,0,0,0,0,0,0,0,0,0,0,0,0,0,0,0,0,0,0,0,0,0,0,0,0,0,0,0,0,0,0,0,0,0,0,0,0,0,0,0,0,0,0,0,0,0,0,0,0,0,0,0,0,0,0,0,0,0,0,0,0,0,0,0,0,0,0,0,0,0,0,0,0,0,0,0,0,0,0,0,0,0,0,0,0,0,0,0,0,0,0,0,0,0,0,0,0,0,0,0,0,0,0,0
0,0,0,0,0,0,0,0,0,0,0,0,0.095238097,0.238095239,0.142857149,0,0,0.285714298,0.095238097,0.0476190485,0,0,0,0,0,0,0,0,0,0,0,0,0,0,0,0.0476190485,0,0,0,0,0,0,0,0,0,0.0476190485,0,0,0,0,0,0,0,0,0,0,0,0,0,0,0,0,0,0,0,0,0,0,0,0,0,0,0,0,0,0,0,0,0,0,0,0,0,0,0,0,0,0,0,0,0,0,0,0,0,0,0,0,0,0,0,0,0,0,0,0,0,0,0,0,0,0,0,0,0,0,0,0,0,0,0,0,0,0,0,0,0,0,0,0,0,0,0,0,0,0,0,0,0,0,0,0,0,0,0,0,0,0,0,0,0,0,0,0,0,0,0,0,0,0,0,0,0,0,0,0,0,0,0,0,0,0,0,0,0,0,0,0,0,0,0,0,0,0
0,0,0,0,0,0,0,0,0,0,0,0,0,0,0,0,0,0,0,0,0.0238095243,0.0238095243,0.0476190485,0.0476190485,0.0119047621,0.0357142873,0.0119047621,0.0119047621,0,0,0,0,0,0.0119047621,0.0119047621,0.0119047621,0.0119047621,0,0,0.0119047621,0.0357142873,0,0.0357142873,0.0357142873,0.0595238097,0.0714285746,0.0476190485,0.0714285746,0.0357142873,0.0119047621,0,0,0,0.0119047621,0.0119047621,0,0.0238095243,0.0119047621,0.0119047621,0.0238095243,0.0238095243,0,0.0119047621,0,0.0119047621,0.0476190485,0,0.0119047621,0,0.0119047621,0.0119047621,0.0238095243,0,0,0,0,0,0,0,0,0.0119047621,0,0,0,0,0.0119047621,0,0,0,0,0,0,0,0,0.0119047621,0,0.0119047621,0,0,0,0,0,0,0,0,0,0,0,0.0119047621,0,0.0119047621,0,0,0,0,0,0,0,0,0,0,0,0,0,0,0,0,0,0,0,0,0,0,0,0,0,0,0,0,0,0,0,0,0,0,0,0,0,0,0,0,0,0,0,0,0,0,0,0,0,0,0,0,0,0,0,0,0,0,0,0,0,0,0,0,0,0,0,0,0,0,0,0,0
0,0,0,0,0,0,0,0,0.3125,0.2265625,0.015625,0,0.0078125,0,0.1640625,0,0,0.0234375,0.015625,0,0,0.03125,0.0078125,0.015625,0.0078125,0.0078125,0.0078125,0,0,0,0,0,0.0078125,0,0,0,0.0078125,0.015625,0,0,0,0,0,0.015625,0.0078125,0.0078125,0.0234375,0.0078125,0,0,0.0078125,0.0078125,0,0,0,0,0,0,0,0,0,0,0.0078125,0,0,0,0,0.0078125,0,0,0,0,0,0,0,0,0,0,0,0,0,0,0,0,0,0,0,0,0,0,0,0,0,0.0078125,0,0,0,0,0,0,0,0,0,0,0.0078125,0,0,0,0,0,0,0.0078125,0,0,0,0,0,0,0,0,0,0,0,0,0,0,0,0,0,0,0,0.0078125,0,0,0,0,0,0,0,0,0,0,0,0,0,0,0,0,0,0,0,0,0,0,0,0,0,0,0,0,0,0,0,0,0,0,0,0,0,0,0,0,0,0,0,0,0,0,0,0,0,0,0,0
0,0,0,0,0,0,0,0,0.296551734,0.406896561,0.0344827585,0,0,0.0068965517,0.0206896551,0.0137931034,0.0137931034,0.0137931034,0.0068965517,0,0,0.0137931034,0.0206896551,0.0068965517,0,0.0137931034,0,0,0,0.0137931034,0,0,0,0,0.0068965517,0,0,0.0068965517,0.0137931034,0.0068965517,0.0068965517,0,0,0.0068965517,0,0.0137931034,0.0068965517,0.0068965517,0,0,0,0,0,0,0.0068965517,0,0,0,0.0068965517,0,0,0.0068965517,0,0,0,0,0,0,0.0068965517,0,0,0,0,0.0068965517,0,0,0,0,0,0,0,0,0,0,0,0,0,0,0,0,0,0,0,0,0,0,0,0,0,0,0,0,0,0,0.0068965517,0,0,0,0,0,0,0,0,0,0,0,0,0,0,0,0,0,0,0,0,0,0,0,0,0,0,0,0,0,0,0,0,0,0,0,0,0,0,0,0,0,0,0,0,0,0,0,0,0,0,0,0,0,0,0,0,0,0,0,0,0,0,0,0,0,0,0,0,0,0,0,0,0,0,0,0,0,0,0
0,0,0,0,0,0,0,0,0.210526317,0.473684222,0.092105262,0,0,0,0.0131578948,0,0.0131578948,0.0263157897,0.0131578948,0,0.0394736826,0,0.0131578948,0.0131578948,0,0,0,0,0.0131578948,0,0,0.0131578948,0,0,0.0131578948,0,0.0131578948,0.0263157897,0,0,0,0,0,0,0,0,0,0,0,0,0.0131578948,0,0,0,0,0,0,0,0,0,0,0,0,0,0,0,0,0,0,0,0,0,0,0,0,0,0,0,0,0,0,0,0,0,0,0,0,0,0,0,0,0,0,0,0,0,0,0,0,0,0,0,0,0,0,0,0,0,0,0,0,0,0,0,0,0,0,0,0,0,0,0,0,0,0,0,0,0,0,0,0,0,0,0,0,0,0,0,0,0,0,0,0,0,0,0,0,0,0,0,0,0,0,0,0,0,0,0,0,0,0,0,0,0,0,0,0,0,0,0,0,0,0,0,0,0,0,0,0,0,0,0,0,0
0,0,0,0,0,0,0,0,0,0.0500000007,0.378571421,0.378571421,0.00714285718,0.0142857144,0.0285714287,0,0.021428572,0.0357142873,0.0142857144,0,0.00714285718,0,0.00714285718,0.00714285718,0,0,0,0,0,0,0,0,0,0,0,0,0,0,0,0,0,0,0,0,0,0,0,0,0,0,0,0,0,0,0,0.00714285718,0,0.00714285718,0,0,0,0.00714285718,0,0,0.00714285718,0,0,0.00714285718,0,0,0.00714285718,0,0.00714285718,0,0,0,0,0,0,0,0,0,0,0,0,0,0,0,0,0,0,0,0,0,0,0,0,0,0,0,0,0,0,0,0,0,0,0,0,0,0,0,0,0,0,0,0,0,0,0,0,0,0,0,0,0,0,0,0,0,0,0,0,0,0,0,0,0,0,0,0,0,0,0,0,0,0,0,0,0,0,0,0,0,0,0,0,0,0,0,0,0,0,0,0,0,0,0,0,0,0,0,0,0,0,0,0,0,0,0,0,0,0,0
0,0,0,0,0.0204081628,0.0714285746,0.0408163257,0.0102040814,0.0306122452,0.0612244904,0.0612244904,0.0510204099,0.0204081628,0.0102040814,0.0102040814,0.0102040814,0.0204081628,0.122448981,0.0204081628,0,0,0,0,0.0102040814,0,0,0.0102040814,0.0102040814,0,0.0102040814,0.0102040814,0.0306122452,0.0204081628,0.0408163257,0.0102040814,0,0,0.0102040814,0.0102040814,0.0306122452,0,0,0,0.0102040814,0.0204081628,0,0,0,0,0,0,0,0,0,0,0,0,0,0,0,0,0,0,0,0,0,0,0.0102040814,0,0.0102040814,0.0102040814,0,0.0102040814,0.0102040814,0.0204081628,0.0102040814,0,0.0102040814,0.0102040814,0,0.0102040814,0,0,0,0,0,0.0102040814,0.0102040814,0,0.0102040814,0,0,0.0102040814,0,0,0,0,0.0102040814,0,0.0102040814,0.0102040814,0.0102040814,0,0,0,0,0.0102040814,0,0,0,0,0,0,0,0,0,0,0,0,0,0,0,0,0,0,0,0,0,0,0,0,0,0,0,0,0,0,0,0,0,0,0,0,0,0,0,0,0,0,0,0,0,0,0,0,0,0,0,0,0,0,0,0,0,0,0,0,0,0,0,0,0,0,0,0,0,0,0,0,0,0,0,0,0
0,0,0,0,0.0232558139,0.0930232555,0.0930232555,0.0465116277,0.0232558139,0.139534891,0.0697674453,0.0232558139,0.0697674453,0,0.0232558139,0.0465116277,0.0232558139,0.116279073,0,0.0232558139,0,0.0232558139,0,0,0,0,0,0,0,0,0,0.0465116277,0.0232558139,0,0,0,0,0,0,0,0,0,0,0,0,0,0,0,0,0,0,0,0,0,0,0,0,0.0232558139,0,0,0,0,0,0,0,0,0,0,0,0,0,0,0,0,0.0232558139,0.0232558139,0.0232558139,0,0,0,0,0,0,0,0,0,0,0,0,0,0,0,0,0,0,0,0,0,0,0,0,0,0,0,0,0,0,0,0,0,0,0,0,0,0,0,0,0,0,0,0,0,0,0,0,0,0,0,0,0,0,0,0,0,0,0,0,0,0,0,0,0,0,0,0,0,0,0,0,0,0,0,0,0,0,0,0,0,0,0,0,0,0,0,0,0,0,0,0,0,0,0,0,0,0,0,0,0,0,0,0,0,0,0
0,0,0,0,0.303030312,0.181818187,0.0606060624,0.0303030312,0.0303030312,0.151515156,0.0606060624,0,0.0303030312,0,0,0,0,0,0,0,0,0,0,0,0,0,0,0,0,0.0303030312,0,0,0,0,0,0,0,0,0,0,0.0303030312,0,0,0,0,0,0,0,0,0,0,0,0,0,0,0,0,0,0,0,0,0,0,0,0,0,0,0,0,0,0,0,0,0,0,0.0606060624,0,0,0,0,0.0303030312,0,0,0,0,0,0,0,0,0,0,0,0,0,0,0,0,0,0,0,0,0,0,0,0,0,0,0,0,0,0,0,0,0,0,0,0,0,0,0,0,0,0,0,0,0,0,0,0,0,0,0,0,0,0,0,0,0,0,0,0,0,0,0,0,0,0,0,0,0,0,0,0,0,0,0,0,0,0,0,0,0,0,0,0,0,0,0,0,0,0,0,0,0,0,0,0,0,0,0,0,0,0,0
0,0,0,0,0,0.00675675692,0.0878378376,0.0135135138,0.0135135138,0.0743243247,0.148648649,0.0405405387,0.0405405387,0.0135135138,0,0.0202702694,0.00675675692,0.0472972989,0.0540540554,0.0135135138,0,0,0.00675675692,0,0,0,0,0.00675675692,0.0202702694,0,0.0135135138,0,0.00675675692,0.00675675692,0,0,0.00675675692,0.00675675692,0.0135135138,0,0.00675675692,0,0,0.0135135138,0,0,0.00675675692,0,0,0,0,0,0,0,0,0,0,0,0,0,0.00675675692,0,0,0,0,0,0,0,0.00675675692,0,0,0,0.0135135138,0.0270270277,0.0945945978,0.0675675645,0.00675675692,0.0135135138,0.00675675692,0.00675675692,0,0,0,0,0.00675675692,0,0,0,0.00675675692,0,0,0,0,0,0,0,0,0.00675675692,0,0,0.0135135138,0.00675675692,0,0,0,0,0,0,0,0,0.00675675692,0,0,0,0,0,0,0,0,0,0,0,0,0,0,0,0,0,0,0.00675675692,0,0,0,0,0,0,0,0,0,0,0,0,0,0,0,0,0,0,0,0,0,0,0,0,0,0,0,0,0,0,0,0,0,0,0,0,0,0,0,0,0,0,0,0,0,0,0,0,0,0,0,0,0,0
0,0,0,0,0,0,0.0094339624,0.0094339624,0.122641511,0.396226406,0.0849056616,0.0754716992,0,0,0.0188679248,0.0283018872,0.0094339624,0.0094339624,0.0283018872,0.0094339624,0.0094339624,0,0,0.0094339624,0,0.0094339624,0,0,0.0094339624,0,0,0,0,0,0,0,0.0094339624,0,0,0,0,0.0188679248,0,0,0.0094339624,0,0.0094339624,0.0094339624,0,0,0.0188679248,0.0188679248,0,0,0,0,0,0,0,0,0,0,0,0,0,0,0,0,0.0094339624,0,0,0,0,0.0094339624,0,0,0,0.0094339624,0,0,0,0,0,0,0,0.0094339624,0,0.0094339624,0,0,0,0,0,0,0,0,0,0,0,0,0.0094339624,0,0,0,0,0,0,0,0.0094339624,0,0,0,0,0,0,0,0,0,0,0,0,0,0,0,0,0,0,0,0,0,0,0,0,0,0,0,0,0,0,0,0,0,0,0,0,0,0,0,0,0,0,0,0,0,0,0,0,0,0,0,0,0,0,0,0,0,0,0,0,0,0,0,0,0,0,0,0,0,0,0,0,0,0,0
0,0,0,0,0,0,0,0.0465116277,0.651162803,0.255813956,0,0.0465116277,0,0,0,0,0,0,0,0,0,0,0,0,0,0,0,0,0,0,0,0,0,0,0,0,0,0,0,0,0,0,0,0,0,0,0,0,0,0,0,0,0,0,0,0,0,0,0,0,0,0,0,0,0,0,0,0,0,0,0,0,0,0,0,0,0,0,0,0,0,0,0,0,0,0,0,0,0,0,0,0,0,0,0,0,0,0,0,0,0,0,0,0,0,0,0,0,0,0,0,0,0,0,0,0,0,0,0,0,0,0,0,0,0,0,0,0,0,0,0,0,0,0,0,0,0,0,0,0,0,0,0,0,0,0,0,0,0,0,0,0,0,0,0,0,0,0,0,0,0,0,0,0,0,0,0,0,0,0,0,0,0,0,0,0,0,0,0,0,0,0,0,0
0,0,0,0,0,0,0,0.00862068962,0.241379306,0.137931034,0,0.00862068962,0,0,0.00862068962,0.00862068962,0.00862068962,0.0258620698,0.00862068962,0.0172413792,0.0258620698,0.00862068962,0.0258620698,0.0172413792,0.0258620698,0.00862068962,0.00862068962,0.0172413792,0.00862068962,0.00862068962,0,0.00862068962,0.00862068962,0.00862068962,0,0.00862068962,0.00862068962,0.0258620698,0,0,0,0,0,0.0172413792,0.0258620698,0,0.043103449,0.0258620698,0.0172413792,0,0.00862068962,0,0,0,0,0,0,0,0,0.00862068962,0,0,0.00862068962,0.0172413792,0,0,0.0172413792,0,0,0.0172413792,0,0,0.0172413792,0,0,0,0,0,0,0,0.0172413792,0,0.00862068962,0,0,0,0,0.00862068962,0,0,0,0,0,0,0,0,0,0,0,0,0,0.00862068962,0,0,0,0,0,0,0.00862068962,0,0,0,0,0,0,0.00862068962,0,0,0,0,0,0,0,0,0,0,0,0.00862068962,0,0,0,0,0,0,0,0,0,0,0,0,0.00862068962,0,0,0,0,0,0,0,0,0,0,0,0,0,0,0,0,0,0,0,0,0,0,0,0,0,0,0,0,0,0,0,0,0,0,0,0,0,0,0,0,0,0,0
0,0,0,0,0,0,0,0.0178571437,0.0178571437,0.125,0.0625,0.0625,0.00892857183,0.00892857183,0,0.0357142873,0.0625,0.0267857146,0,0.0178571437,0,0.0178571437,0,0,0.00892857183,0,0,0,0,0,0.00892857183,0,0,0.00892857183,0.00892857183,0,0.00892857183,0.0178571437,0,0,0,0.00892857183,0,0,0,0.00892857183,0,0.00892857183,0.00892857183,0,0,0.00892857183,0,0.00892857183,0.00892857183,0,0.00892857183,0.0267857146,0,0.00892857183,0.0178571437,0.0267857146,0.0267857146,0.0357142873,0.0267857146,0,0.00892857183,0.0267857146,0,0.0178571437,0.0178571437,0,0.0178571437,0.0267857146,0.0178571437,0,0,0.00892857183,0.00892857183,0,0.00892857183,0.00892857183,0,0,0,0,0,0,0,0,0.00892857183,0,0,0.00892857183,0.00892857183,0,0,0,0,0,0.00892857183,0,0,0,0,0.00892857183,0.00892857183,0,0.00892857183,0,0,0,0,0,0,0,0,0,0,0,0,0,0,0,0,0,0,0,0,0,0,0,0,0,0,0,0,0,0,0,0,0,0,0,0,0,0,0,0,0,0,0,0,0,0,0,0,0,0,0,0,0,0,0,0,0,0,0,0,0,0,0,0,0,0,0,0,0,0,0,0,0,0,0
0,0,0,0,0,0,0,0,0.0258620698,0.103448279,0.0775862038,0.0862068981,0.0258620698,0,0.00862068962,0.0172413792,0.0258620698,0.0172413792,0.0172413792,0.00862068962,0,0.0172413792,0,0.00862068962,0.00862068962,0.00862068962,0,0,0,0,0,0,0.0172413792,0.00862068962,0,0.00862068962,0.00862068962,0,0,0,0,0,0,0.0172413792,0.00862068962,0.00862068962,0.00862068962,0,0,0,0,0.00862068962,0,0,0,0,0.00862068962,0.00862068962,0.00862068962,0,0.0172413792,0.043103449,0.0344827585,0.0172413792,0.0258620698,0.0258620698,0.0172413792,0.00862068962,0.0258620698,0.0258620698,0.0344827585,0,0.0172413792,0.0258620698,0.0172413792,0.0258620698,0,0,0,0,0,0,0.00862068962,0,0,0,0,0,0.00862068962,0,0,0,0,0,0,0,0,0.00862068962,0,0,0.00862068962,0.00862068962,0,0,0.00862068962,0,0,0,0,0,0,0,0,0,0,0.00862068962,0,0,0,0,0,0,0,0,0,0,0,0,0,0,0,0,0,0,0,0,0,0,0,0,0,0,0,0,0,0,0,0,0,0,0,0,0,0,0,0,0,0,0,0,0,0,0,0,0,0,0,0,0,0,0,0,0,0,0,0,0,0,0,0,0,0,0,0
0,0,0,0.00917431153,0,0,0.00917431153,0.00917431153,0.110091746,0.211009175,0.0183486231,0.0183486231,0,0,0,0,0,0.0183486231,0.00917431153,0,0.00917431153,0.0183486231,0.0275229365,0.00917431153,0,0.0275229365,0.00917431153,0.00917431153,0.00917431153,0,0.00917431153,0,0.0183486231,0.00917431153,0.00917431153,0.0183486231,0.00917431153,0.00917431153,0.0275229365,0.0275229365,0,0,0.00917431153,0,0.0275229365,0.0183486231,0.0183486231,0.0275229365,0,0,0.00917431153,0.00917431153,0,0,0.00917431153,0,0.00917431153,0.00917431153,0.0183486231,0,0,0.00917431153,0,0.00917431153,0,0.0183486231,0,0.0275229365,0,0,0.00917431153,0,0,0.00917431153,0.00917431153,0,0,0,0,0,0,0,0,0,0,0,0,0,0,0,0.00917431153,0,0,0,0,0,0,0.0183486231,0.00917431153,0.00917431153,0,0.00917431153,0,0.00917431153,0,0,0,0,0,0,0,0,0,0,0,0,0,0,0,0,0,0,0,0.00917431153,0,0,0,0,0,0,0,0,0,0,0,0,0,0,0,0,0,0,0,0,0,0,0,0,0,0,0,0,0,0,0,0,0,0,0,0,0,0,0,0,0,0,0,0,0,0,0,0,0,0,0,0,0,0,0,0,0,0,0,0
0,0,0,0,0,0,0,0,0,0,0,0,0,0,0,0,0,0,0,0,0.0217391308,0.0217391308,0.0217391308,0,0.0217391308,0.0434782617,0,0,0.0217391308,0,0.0217391308,0,0.0217391308,0.0434782617,0,0,0,0.0217391308,0.108695649,0.0434782617,0.0434782617,0,0.0217391308,0,0.0434782617,0.0217391308,0,0.0434782617,0,0.0217391308,0,0,0,0,0,0,0,0,0,0.0434782617,0.0217391308,0.0434782617,0,0,0.0652173907,0,0.0434782617,0,0,0.0652173907,0.0217391308,0,0.0217391308,0,0,0,0,0,0,0,0,0,0,0,0,0,0,0,0,0,0,0,0,0,0,0.0217391308,0,0,0,0,0.0217391308,0,0,0,0,0,0,0,0,0,0.0217391308,0,0,0,0,0,0,0,0,0,0,0,0,0,0,0,0,0,0,0,0,0,0,0,0,0,0,0,0,0,0,0,0,0,0,0,0,0,0,0,0,0,0,0,0,0,0,0,0,0,0,0,0,0,0,0,0,0,0,0,0,0,0,0,0,0,0,0,0,0,0,0,0,0
0,0,0,0,0,0,0,0,0,0,0,0,0,0,0,0,0,0,0,0,0,0.0344827585,0.0344827585,0.0344827585,0,0,0.0344827585,0,0.068965517,0,0,0,0.0344827585,0,0,0,0.0344827585,0.103448279,0.0344827585,0,0,0.172413796,0,0,0.0344827585,0.0344827585,0,0,0.0344827585,0,0,0.0344827585,0,0.0344827585,0.0344827585,0,0,0.0344827585,0,0,0,0.0344827585,0,0.0344827585,0,0,0,0,0,0,0.0344827585,0,0,0,0,0,0,0,0,0,0,0,0,0,0,0,0,0,0,0,0,0,0,0,0,0,0.0344827585,0,0,0,0.0344827585,0,0,0,0,0,0,0,0,0,0,0,0,0,0,0,0,0,0,0,0,0,0,0,0,0,0,0,0,0,0,0,0,0,0,0,0,0,0,0,0,0,0,0,0,0,0,0,0,0,0,0,0,0,0,0,0,0,0,0,0,0,0,0,0,0,0,0,0,0,0,0,0,0,0,0,0,0,0,0,0,0,0,0
0,0,0,0,0,0,0,0,0,0,0,0,0,0.0199999996,0.00666666683,0,0,0,0.00666666683,0.00666666683,0.0333333351,0.0266666673,0.0733333305,0.100000001,0.0333333351,0.00666666683,0,0.0133333337,0.00666666683,0,0,0,0.00666666683,0,0.00666666683,0.0199999996,0.0133333337,0.00666666683,0.00666666683,0.0133333337,0.0133333337,0,0.0399999991,0.0666666701,0.0466666669,0.0533333346,0.13333334,0.0666666701,0.0199999996,0.00666666683,0.0133333337,0.00666666683,0.00666666683,0.00666666683,0,0,0,0,0.00666666683,0,0,0.0133333337,0.00666666683,0.00666666683,0,0,0,0,0.00666666683,0.00666666683,0,0,0.00666666683,0.00666666683,0,0,0,0,0,0,0,0,0,0,0,0,0,0,0,0,0,0.00666666683,0,0.0133333337,0,0,0,0.0133333337,0,0,0,0,0,0,0,0,0,0,0,0.00666666683,0,0,0,0,0,0.00666666683,0,0,0,0,0,0,0,0,0,0,0,0,0,0,0,0,0,0,0,0,0,0.00666666683,0,0,0,0,0,0,0,0,0,0,0,0,0,0,0,0,0,0,0,0,0,0,0,0,0,0,0,0,0,0,0,0,0,0,0,0,0,0,0,0,0,0,0,0,0,0
0,0,0,0,0,0,0,0,0,0,0,0,0,0,0,0,0,0.0069444445,0.0069444445,0.027777778,0.0069444445,0.013888889,0.013888889,0.0069444445,0.0069444445,0.027777778,0.013888889,0.027777778,0.013888889,0.013888889,0.0069444445,0,0.0069444445,0.013888889,0.027777778,0.020833334,0.027777778,0.0069444445,0.0347222239,0.0347222239,0.020833334,0.0486111119,0.055555556,0.0763888881,0.0625,0.027777778,0.0347222239,0.0069444445,0.0069444445,0.027777778,0.0069444445,0.0069444445,0.0069444445,0,0.0069444445,0,0.027777778,0.013888889,0.0069444445,0.013888889,0,0.0069444445,0.0069444445,0.0069444445,0,0,0,0.0069444445,0.020833334,0.0069444445,0,0,0,0,0,0,0,0,0,0,0,0.0069444445,0,0,0,0,0,0,0,0.013888889,0,0.0069444445,0,0,0,0,0,0.013888889,0.013888889,0,0,0.013888889,0.013888889,0.0069444445,0,0,0,0,0.0069444445,0,0.013888889,0,0.0069444445,0,0,0,0,0,0,0,0,0,0,0,0,0,0,0,0,0,0,0,0,0,0,0,0,0,0,0,0,0,0,0,0,0,0,0,0,0,0,0,0,0,0,0,0,0,0,0,0,0,0,0,0,0,0,0,0,0,0,0,0,0,0,0,0,0,0,0,0,0,0,0
0,0,0,0,0,0,0,0,0,0.00847457629,0,0,0,0,0,0,0.00847457629,0.0677966103,0.5,0.169491529,0.127118647,0.0169491526,0,0,0,0.00847457629,0,0,0,0.00847457629,0.00847457629,0.00847457629,0,0,0,0.00847457629,0.00847457629,0,0.0254237279,0,0,0.00847457629,0,0,0,0,0,0,0,0,0,0,0,0,0,0,0,0,0,0,0,0,0,0,0,0,0,0,0.00847457629,0,0,0,0,0,0,0,0,0,0,0,0,0,0,0,0,0,0,0,0,0,0,0,0,0,0,0,0,0,0.00847457629,0,0,0,0,0,0,0,0,0,0,0,0,0,0,0,0,0,0,0,0,0,0,0,0,0,0,0,0,0,0,0,0,0,0,0,0,0,0,0,0,0,0,0,0,0,0,0,0,0,0,0,0,0,0,0,0,0,0,0,0,0,0,0,0,0,0,0,0,0,0,0,0,0,0,0,0,0,0,0,0,0,0,0,0,0
0,0,0,0,0,0,0,0,0,0,0,0,0,0,0,0,0,0.0168067235,0.445378155,0.327731103,0.0924369767,0,0.0168067235,0.00840336177,0.0168067235,0.00840336177,0,0,0,0.00840336177,0,0.00840336177,0.00840336177,0,0,0.00840336177,0,0,0,0,0,0,0,0,0.00840336177,0,0,0,0,0,0,0,0.00840336177,0,0,0,0,0,0,0,0,0,0,0,0,0,0,0,0,0,0.00840336177,0,0,0,0,0,0,0,0,0,0,0,0,0,0,0,0,0,0,0,0,0,0,0,0,0.00840336177,0,0,0,0,0,0,0,0,0,0,0,0,0,0,0,0,0,0,0,0,0,0,0,0,0,0,0,0,0,0,0,0,0,0,0,0,0,0,0,0,0,0,0,0,0,0,0,0,0,0,0,0,0,0,0,0,0,0,0,0,0,0,0,0,0,0,0,0,0,0,0,0,0,0,0,0,0,0,0,0,0,0,0,0,0,0,0,0
0,0,0,0,0,0,0,0,0,0,0,0,0,0,0.00900900923,0,0.00900900923,0.0585585572,0.554054081,0.193693697,0.0630630627,0,0.00900900923,0.00450450461,0.00450450461,0,0.00450450461,0.00450450461,0.00450450461,0,0,0,0,0.00450450461,0.00450450461,0,0,0.00450450461,0.0180180185,0,0.00900900923,0.00450450461,0.00450450461,0.00450450461,0.00450450461,0,0,0,0,0,0,0.00450450461,0,0,0,0.00450450461,0,0,0,0,0,0,0,0,0.00450450461,0,0,0,0,0,0,0,0,0,0,0,0,0,0,0,0,0,0,0,0,0,0,0,0,0,0,0,0,0,0,0,0,0,0.00450450461,0,0,0,0,0,0,0,0,0,0,0,0,0.00450450461,0,0,0,0,0,0,0,0,0,0,0,0,0,0,0,0,0,0,0,0,0,0,0,0,0,0,0,0,0,0,0,0,0,0,0,0,0,0,0,0,0,0,0,0,0,0,0,0,0,0,0,0,0,0,0,0,0,0,0,0,0,0,0,0,0,0,0,0,0,0,0,0
0,0,0,0,0,0,0,0,0,0,0,0,0,0.00671140943,0,0.0134228189,0.0134228189,0,0.00671140943,0.0134228189,0,0.0201342274,0.0738255009,0.0604026839,0.0402684547,0.0134228189,0.0134228189,0.0335570462,0.0201342274,0.00671140943,0.0134228189,0.00671140943,0,0.00671140943,0.0201342274,0,0.0402684547,0.00671140943,0.00671140943,0,0.00671140943,0,0.0335570462,0.0536912754,0.0402684547,0.0402684547,0.0671140924,0.0536912754,0.0335570462,0.0335570462,0.0268456377,0.0134228189,0,0.00671140943,0.00671140943,0,0.00671140943,0,0.00671140943,0.00671140943,0.00671140943,0,0.0134228189,0.00671140943,0,0,0.00671140943,0,0.00671140943,0,0,0,0,0.00671140943,0,0,0,0,0,0,0,0,0,0,0,0,0,0,0,0,0.00671140943,0.0134228189,0,0,0.00671140943,0,0.00671140943,0.00671140943,0.00671140943,0,0,0,0,0,0,0,0,0,0,0,0,0,0,0.0134228189,0,0,0.00671140943,0,0,0,0,0,0.00671140943,0,0,0,0,0,0,0,0,0.00671140943,0,0,0,0,0,0,0,0,0,0,0,0,0,0,0,0,0,0,0,0,0,0,0,0,0,0,0,0,0,0,0,0,0,0,0,0,0,0,0,0,0,0,0,0,0,0,0,0,0,0,0,0
0,0,0,0,0,0,0,0,0,0,0,0,0,0,0,0,0.00469483575,0.0422535203,0.450704217,0.267605633,0.0657276958,0.0281690136,0,0,0.00469483575,0,0.0140845068,0.00469483575,0,0,0,0.0093896715,0,0,0,0.00469483575,0.00469483575,0.00469483575,0.0093896715,0.00469483575,0.0140845068,0.00469483575,0.0093896715,0,0.00469483575,0.0093896715,0,0,0,0.00469483575,0,0,0.00469483575,0,0,0,0,0.00469483575,0,0,0,0,0,0,0,0,0.00469483575,0,0,0,0.00469483575,0,0,0,0,0,0,0,0,0,0,0,0,0,0,0,0,0,0,0,0,0,0,0,0,0,0,0,0,0.00469483575,0,0,0,0,0,0,0,0,0,0,0.00469483575,0,0.00469483575,0,0,0,0,0,0,0,0,0,0,0,0,0,0,0,0,0,0,0,0,0,0,0,0,0,0,0,0,0,0,0,0,0,0,0,0,0,0,0,0,0,0,0,0,0,0,0,0,0,0,0,0,0,0,0,0,0,0,0,0,0,0,0,0,0,0,0,0,0,0,0
0,0,0,0,0,0,0,0,0,0,0,0,0,0,0,0,0,0,0,0,0.075757578,0.0606060624,0.106060609,0.075757578,0.0101010101,0.0101010101,0.0151515156,0.00505050505,0.00505050505,0.00505050505,0.00505050505,0.0202020202,0.00505050505,0.0202020202,0,0.0151515156,0.055555556,0.0606060624,0.0151515156,0.0151515156,0.0303030312,0.0151515156,0.0202020202,0.0353535339,0.0151515156,0.0202020202,0.0303030312,0.00505050505,0,0.0101010101,0.0101010101,0,0.00505050505,0.0101010101,0.0202020202,0,0,0.0101010101,0.00505050505,0,0.0101010101,0.0101010101,0.00505050505,0,0,0.0101010101,0.00505050505,0.00505050505,0.0101010101,0,0,0,0,0.00505050505,0.00505050505,0,0,0,0.00505050505,0,0,0,0.00505050505,0.00505050505,0,0.00505050505,0,0,0,0.00505050505,0,0.00505050505,0,0.00505050505,0,0,0.00505050505,0,0.00505050505,0.0101010101,0.00505050505,0,0,0.0101010101,0,0,0,0,0.00505050505,0.00505050505,0,0.00505050505,0.00505050505,0.00505050505,0,0,0,0,0,0,0,0,0,0,0,0.00505050505,0.00505050505,0,0.00505050505,0,0,0,0,0,0,0,0,0,0,0,0,0,0,0,0,0,0,0,0,0,0,0,0,0,0,0,0,0,0,0,0,0,0,0,0,0,0,0,0,0,0,0,0,0,0,0,0,0,0,0,0,0,0,0
0,0,0,0,0,0,0,0,0,0,0,0,0,0,0.00462962966,0.00462962966,0,0,0.00462962966,0.0185185187,0.0324074067,0.055555556,0.0462962948,0.0601851866,0.0462962948,0.0231481474,0.0231481474,0.0185185187,0.0185185187,0.00925925933,0.00462962966,0.0231481474,0.00925925933,0.00925925933,0.00925925933,0.027777778,0.013888889,0.00462962966,0.00925925933,0.00925925933,0.027777778,0.0185185187,0.0185185187,0.0324074067,0.0231481474,0.027777778,0.0370370373,0.0462962948,0.0185185187,0.0185185187,0.013888889,0.00925925933,0.00462962966,0.00462962966,0.00462962966,0.013888889,0.00462962966,0,0.00925925933,0.013888889,0,0,0.013888889,0.0185185187,0.00462962966,0,0,0.00462962966,0.00462962966,0.00925925933,0.013888889,0,0,0.00462962966,0.00925925933,0,0,0,0,0.00462962966,0.00462962966,0.00462962966,0,0,0,0,0,0,0,0,0,0,0.00462962966,0,0,0.00462962966,0,0,0,0,0,0,0,0,0.00462962966,0,0.00462962966,0.00925925933,0.013888889,0.00462962966,0.00462962966,0,0.00462962966,0,0,0,0,0,0,0,0,0,0,0.00462962966,0.00462962966,0,0,0,0,0,0,0,0,0.00462962966,0,0,0,0,0,0,0,0,0,0,0,0,0,0,0,0,0,0,0,0,0,0,0,0,0,0,0,0,0,0,0,0,0,0,0,0,0,0,0,0,0,0,0,0,0,0,0,0,0,0
0,0,0,0,0,0,0,0,0,0,0,0,0,0,0.0140186911,0,0.00467289705,0,0,0.0233644862,0.0327102803,0.0280373823,0.0700934604,0.0654205605,0.0467289723,0.0327102803,0.0186915882,0.0093457941,0.00467289705,0.0093457941,0.0093457941,0.0093457941,0,0.00467289705,0.00467289705,0.0233644862,0.0186915882,0.0186915882,0.00467289705,0.0140186911,0.00467289705,0.00467289705,0.0233644862,0.0233644862,0.0373831764,0.0327102803,0.0280373823,0.0420560762,0.0280373823,0.0327102803,0,0.0140186911,0,0.00467289705,0,0.00467289705,0.00467289705,0.0093457941,0.0093457941,0.0186915882,0,0.00467289705,0.0093457941,0.00467289705,0.00467289705,0.0093457941,0.00467289705,0.00467289705,0.00467289705,0.0093457941,0,0.00467289705,0,0.0093457941,0,0.00467289705,0.00467289705,0,0,0,0,0,0.00467289705,0,0,0,0,0,0,0.00467289705,0.00467289705,0.00467289705,0,0,0,0,0.00467289705,0,0,0.00467289705,0,0,0,0,0,0.0093457941,0.00467289705,0.0186915882,0.00467289705,0.0186915882,0.00467289705,0,0.00467289705,0.00467289705,0,0,0,0,0,0,0,0.00467289705,0,0,0.00467289705,0,0,0,0.00467289705,0,0.00467289705,0,0,0.00467289705,0,0,0,0,0,0.00467289705,0,0,0,0,0,0.00467289705,0,0,0,0,0,0,0,0,0,0,0,0,0,0,0,0,0,0,0,0,0,0,0,0,0,0,0,0,0,0,0,0,0,0,0,0,0,0
0,0,0,0,0,0,0,0,0,0,0,0,0,0,0.011299435,0.0169491526,0.011299435,0,0.00564971752,0.00564971752,0.011299435,0.0169491526,0.0564971752,0.0282485876,0.0395480208,0.0169491526,0.0169491526,0.0169491526,0.00564971752,0.00564971752,0,0.011299435,0.011299435,0.00564971752,0.0225988701,0.011299435,0.0225988701,0.011299435,0.011299435,0.00564971752,0.00564971752,0.0395480208,0.0395480208,0.0508474559,0.0395480208,0.0169491526,0.073446326,0.0508474559,0.0395480208,0.0169491526,0.011299435,0.011299435,0,0,0,0.011299435,0.011299435,0,0.011299435,0.00564971752,0,0,0.011299435,0.00564971752,0.00564971752,0.00564971752,0,0,0,0,0.00564971752,0.011299435,0,0.011299435,0.00564971752,0.00564971752,0,0.011299435,0.00564971752,0,0,0,0,0,0.00564971752,0.00564971752,0.00564971752,0,0,0,0.00564971752,0,0,0,0.00564971752,0,0.00564971752,0,0,0.00564971752,0,0,0.00564971752,0.0169491526,0,0,0.00564971752,0,0.00564971752,0,0,0,0,0,0,0,0,0.00564971752,0.00564971752,0.00564971752,0,0,0,0,0,0,0,0,0.00564971752,0,0,0.00564971752,0,0,0,0,0,0,0,0,0,0,0,0,0,0,0,0,0,0,0,0,0,0,0,0,0,0,0,0,0,0,0,0,0,0,0,0,0,0,0,0,0,0,0,0,0,0,0,0,0,0,0,0
0,0,0,0,0,0,0,0,0,0,0,0,0,0,0,0,0,0,0,0.0361990966,0.0769230798,0.0950226262,0.0950226262,0.0452488698,0.0135746608,0.0135746608,0.00904977415,0.00904977415,0,0.00452488707,0.00452488707,0.0135746608,0.0226244349,0.0135746608,0.0361990966,0.0180995483,0.0226244349,0.0226244349,0.0361990966,0.0180995483,0,0.0135746608,0.0226244349,0.0135746608,0.0180995483,0.0271493215,0.0271493215,0,0.00904977415,0,0.00452488707,0,0,0,0.00904977415,0.0180995483,0.00904977415,0.00452488707,0,0.00452488707,0,0,0.00452488707,0,0,0,0.0226244349,0.0135746608,0,0.0180995483,0,0.00904977415,0.00452488707,0.00904977415,0,0,0,0.00452488707,0,0.00452488707,0.00452488707,0.0180995483,0,0,0,0,0.00452488707,0.00452488707,0,0.00452488707,0.00452488707,0,0,0,0,0,0,0,0,0.00904977415,0,0.00452488707,0,0,0.00452488707,0.00452488707,0.00904977415,0.00452488707,0,0,0.00452488707,0,0,0.00452488707,0.00452488707,0,0.00904977415,0,0,0,0,0,0,0,0,0.00452488707,0,0.00904977415,0.00452488707,0,0,0,0,0,0,0,0,0,0,0,0,0,0,0,0,0.00452488707,0,0,0,0,0,0,0,0,0,0,0,0,0,0,0,0,0,0,0,0,0,0,0,0,0,0,0,0,0,0,0,0,0,0,0,0,0,0
0,0,0,0,0,0,0,0,0,0,0,0,0.00465116277,0,0,0,0.00465116277,0,0,0,0,0.0279069766,0.0279069766,0.00930232555,0.0186046511,0.0186046511,0,0,0.00465116277,0.0186046511,0.0325581394,0.0558139533,0.0511627905,0.00930232555,0.0139534883,0.0186046511,0.0186046511,0.0279069766,0.0325581394,0.0465116277,0.0232558139,0.0139534883,0.0139534883,0.0139534883,0.0139534883,0.00930232555,0,0.0139534883,0,0.00465116277,0.00465116277,0.00465116277,0.00465116277,0.0186046511,0.00930232555,0.00465116277,0.00465116277,0.00465116277,0.00465116277,0,0,0,0.00930232555,0.0186046511,0.00930232555,0.0139534883,0.00465116277,0.00465116277,0.0139534883,0.0139534883,0.00465116277,0.00465116277,0.0139534883,0.0325581394,0.00465116277,0,0,0.00465116277,0,0,0.00465116277,0.00465116277,0.0186046511,0.00465116277,0,0,0.00465116277,0,0,0.00465116277,0,0,0,0,0,0,0.00930232555,0.0139534883,0.041860465,0.0186046511,0.0325581394,0,0.00465116277,0,0.00465116277,0.00465116277,0.00465116277,0.00465116277,0,0,0,0.00465116277,0,0,0.00465116277,0,0,0.00465116277,0.00465116277,0.00465116277,0,0,0,0.00465116277,0.00465116277,0.00465116277,0,0,0,0,0,0,0,0.00465116277,0,0,0.00465116277,0,0,0.00465116277,0,0.00465116277,0,0,0,0,0,0,0,0,0,0,0,0,0,0,0,0,0,0,0,0,0,0,0,0,0,0,0,0,0,0,0,0,0,0,0,0,0,0,0,0,0,0
0,0,0,0,0,0,0,0,0,0,0,0,0,0,0,0,0,0,0,0.00561797759,0.0112359552,0.0561797768,0.0280898884,0.0561797768,0.0449438207,0.00561797759,0.0168539323,0,0.0168539323,0,0.0505617969,0.0168539323,0.0224719103,0.00561797759,0.00561797759,0.0168539323,0.0168539323,0.0280898884,0.0505617969,0.0280898884,0.0337078646,0.0168539323,0.0224719103,0.0224719103,0.00561797759,0.00561797759,0.00561797759,0.00561797759,0,0.0112359552,0,0.00561797759,0.0168539323,0,0,0,0.0280898884,0,0,0,0,0,0,0.00561797759,0,0,0,0,0.0112359552,0.0112359552,0.0224719103,0.0112359552,0.00561797759,0.0112359552,0.0112359552,0.00561797759,0,0,0,0,0,0,0,0.00561797759,0.00561797759,0,0,0,0,0,0.00561797759,0,0,0,0.00561797759,0,0.0112359552,0.0393258445,0.0224719103,0.0112359552,0.0224719103,0.0168539323,0.00561797759,0,0,0.0112359552,0.00561797759,0.0337078646,0,0,0,0,0,0,0,0.00561797759,0,0,0,0.00561797759,0,0,0.00561797759,0.00561797759,0,0,0,0,0,0.00561797759,0.00561797759,0.00561797759,0,0,0,0,0,0,0,0,0,0,0,0,0,0,0,0,0,0,0,0,0,0,0,0,0,0,0,0,0,0,0,0,0,0,0,0,0,0,0,0,0,0,0,0,0,0,0,0,0,0,0,0
0,0,0,0,0,0,0,0,0,0,0,0,0,0,0,0,0,0,0,0.00803212821,0.0160642564,0.0321285129,0.0160642564,0.0240963846,0.0160642564,0.00401606411,0.00803212821,0.00803212821,0.0160642564,0.00401606411,0.0200803205,0.0160642564,0.0240963846,0.00803212821,0.00803212821,0.0200803205,0.036144577,0.0522088371,0.0481927693,0.0441767052,0.0160642564,0.0401606411,0.0281124506,0.0200803205,0.0160642564,0.0120481923,0.0321285129,0.0321285129,0.0120481923,0.00401606411,0.0120481923,0.0120481923,0.0120481923,0,0.0120481923,0.0120481923,0.00401606411,0.0160642564,0.00401606411,0.0120481923,0,0,0.0120481923,0.00401606411,0.00401606411,0.00401606411,0.00803212821,0.0160642564,0.0240963846,0.00803212821,0.00803212821,0.00401606411,0,0.0160642564,0.0160642564,0.00803212821,0.00401606411,0,0,0.00401606411,0,0.00401606411,0,0.00401606411,0,0,0.00401606411,0,0.00401606411,0.00401606411,0.00401606411,0,0,0,0,0.00401606411,0.00401606411,0.00803212821,0.0160642564,0.0120481923,0.00401606411,0.00401606411,0,0,0,0,0,0,0.00401606411,0.00401606411,0.00803212821,0.0120481923,0,0,0,0,0,0,0,0,0,0,0,0,0.00401606411,0,0,0.00401606411,0,0,0,0,0,0,0,0,0,0,0,0.00401606411,0,0,0,0.00401606411,0,0,0,0,0,0,0,0,0,0,0,0,0,0,0,0,0,0,0,0,0,0,0,0,0,0,0,0,0,0,0,0,0,0,0,0,0,0,0,0
0,0,0,0,0,0,0,0,0,0,0,0,0,0.00980392192,0.0147058824,0.00490196096,0,0.00980392192,0.00980392192,0.00980392192,0.0196078438,0.0392156877,0.0637254938,0.0245098043,0.0392156877,0.0343137272,0.00980392192,0.00980392192,0.0196078438,0.00490196096,0.00490196096,0.00490196096,0.0147058824,0.00490196096,0,0.0147058824,0.00490196096,0.00980392192,0.00980392192,0.00490196096,0,0.00980392192,0.0147058824,0.0392156877,0.0392156877,0.0294117648,0.0637254938,0.0539215691,0.0686274543,0.0245098043,0.0147058824,0.0147058824,0.0147058824,0.00490196096,0.00980392192,0.0147058824,0.0196078438,0.00490196096,0.00490196096,0,0.00490196096,0,0.00490196096,0,0,0.00980392192,0,0.00490196096,0,0.00980392192,0.00980392192,0,0.00490196096,0.00980392192,0.00490196096,0,0.00490196096,0.00490196096,0,0,0.0147058824,0.00490196096,0,0,0,0,0,0,0,0.00490196096,0,0,0,0,0,0,0,0.00490196096,0,0,0,0,0.00490196096,0.00980392192,0.00490196096,0,0.00980392192,0.00490196096,0,0,0,0,0.00490196096,0,0,0,0,0,0,0,0,0.00490196096,0,0,0.00490196096,0,0.00490196096,0,0,0,0,0,0,0,0,0,0,0,0,0,0,0,0,0,0,0,0,0,0,0,0,0,0,0,0,0,0,0,0,0,0,0,0,0,0,0,0,0,0,0,0,0,0,0,0,0,0,0,0,0,0,0,0,0
0,0,0,0,0,0,0,0,0.00869565178,0,0,0,0.00869565178,0.0347826071,0,0,0.0173913036,0.130434781,0.408695638,0.139130428,0.0608695634,0,0.0173913036,0,0.00869565178,0,0,0,0,0,0,0,0,0,0.0173913036,0.0173913036,0.00869565178,0.0173913036,0.00869565178,0.0173913036,0,0,0.00869565178,0.00869565178,0.00869565178,0,0.00869565178,0,0.00869565178,0,0,0,0,0,0,0.00869565178,0,0,0,0,0,0,0,0.00869565178,0,0,0.00869565178,0,0.00869565178,0,0,0,0,0,0,0,0,0,0,0,0,0,0,0,0,0,0,0,0,0,0,0,0,0,0,0,0,0,0,0,0,0,0,0,0,0,0,0,0,0,0,0,0,0,0,0,0,0,0,0,0,0,0,0,0,0,0,0,0,0,0,0,0,0,0,0,0,0,0,0,0,0,0,0,0,0,0,0,0,0,0,0,0,0,0,0,0,0,0,0,0,0,0,0,0,0,0,0,0,0,0,0,0,0,0,0,0,0,0,0,0,0,0,0
0,0,0,0.042857144,0.357142866,0.271428585,0.18571429,0.0142857144,0.0142857144,0.0142857144,0,0,0,0,0.0285714287,0.0142857144,0,0,0.0142857144,0,0,0,0,0,0,0,0,0,0.0142857144,0,0,0,0,0,0,0,0,0,0,0,0,0,0,0,0,0,0,0,0,0,0,0,0,0,0,0,0,0,0,0,0,0,0,0,0,0,0,0,0,0,0.0142857144,0,0,0,0,0,0,0.0142857144,0,0,0,0,0,0,0,0,0,0,0,0,0,0,0,0,0,0,0,0,0,0,0,0,0,0,0,0,0,0,0,0,0,0,0,0,0,0,0,0,0,0,0,0,0,0,0,0,0,0,0,0,0,0,0,0,0,0,0,0,0,0,0,0,0,0,0,0,0,0,0,0,0,0,0,0,0,0,0,0,0,0,0,0,0,0,0,0,0,0,0,0,0,0,0,0,0,0,0,0,0,0,0,0,0,0
0,0,0.0105263162,0.0315789469,0.105263159,0.0526315793,0.0842105299,0.0315789469,0.0105263162,0.0210526325,0.042105265,0.0210526325,0.0105263162,0.0105263162,0.0105263162,0,0,0,0.0105263162,0,0,0,0,0,0.0105263162,0,0,0,0,0.0210526325,0,0.0210526325,0,0.0105263162,0.0105263162,0,0,0,0,0,0,0,0,0,0,0,0.0105263162,0,0,0.0105263162,0,0,0,0,0,0,0,0,0,0,0,0,0,0,0.0105263162,0,0.0210526325,0.0105263162,0,0.0210526325,0.0105263162,0.0210526325,0.0210526325,0.042105265,0.0105263162,0.0210526325,0.0210526325,0.0315789469,0.0105263162,0.0105263162,0,0,0.0105263162,0.0210526325,0.0210526325,0,0,0,0.0105263162,0.0105263162,0.0105263162,0.0105263162,0.0105263162,0.0210526325,0,0,0,0.0210526325,0,0,0,0.0105263162,0,0.0105263162,0,0.0105263162,0,0,0,0.0105263162,0,0,0,0,0,0,0,0,0,0,0,0,0,0,0,0,0,0,0,0,0,0,0,0,0,0,0,0,0,0,0,0,0,0,0,0,0,0,0,0,0,0,0,0,0,0,0,0,0,0,0,0,0,0,0,0,0,0,0,0,0,0,0,0,0,0,0,0,0,0,0,0,0,0
0,0,0,0.0521739125,0.234782606,0.104347825,0.121739127,0.130434781,0.0173913036,0.0521739125,0.0608695634,0.00869565178,0,0,0,0.00869565178,0,0.00869565178,0,0,0,0,0,0,0,0,0,0,0.00869565178,0.00869565178,0,0,0,0,0,0,0.00869565178,0,0,0,0,0.00869565178,0,0,0,0.00869565178,0,0,0,0,0,0,0,0,0,0,0,0,0,0,0.00869565178,0,0.00869565178,0,0,0,0,0.00869565178,0,0,0,0,0.00869565178,0.00869565178,0.0173913036,0,0.00869565178,0.00869565178,0,0.00869565178,0,0,0,0.0260869563,0,0,0,0,0,0.00869565178,0.00869565178,0.00869565178,0,0,0,0,0,0,0,0.00869565178,0,0,0,0,0,0,0,0,0,0,0.00869565178,0,0,0,0,0,0,0,0,0,0,0,0,0,0,0,0,0,0,0,0,0,0,0,0,0,0,0,0,0,0,0,0,0,0,0,0,0,0,0,0,0,0,0,0,0,0,0,0,0,0,0,0,0,0,0,0,0,0,0,0,0,0,0,0,0,0,0,0,0,0,0,0,0
0,0,0,0.0217391308,0.097826086,0.0108695654,0.217391297,0.108695649,0.0543478243,0.0326086953,0,0,0.0108695654,0,0,0,0,0,0,0.0108695654,0,0,0,0,0,0,0,0.0108695654,0,0,0,0,0,0,0,0,0,0,0,0,0,0,0,0,0,0,0,0,0,0,0,0,0,0,0,0,0,0,0,0.0108695654,0,0,0.0108695654,0,0.0108695654,0.0108695654,0,0,0.0434782617,0.0217391308,0.0108695654,0.0108695654,0.0217391308,0,0.0434782617,0.0326086953,0.0108695654,0,0.0108695654,0,0,0.0326086953,0,0,0.0217391308,0.0217391308,0.0217391308,0,0.0108695654,0,0,0,0.0108695654,0,0,0,0,0,0.0217391308,0.0108695654,0,0,0.0108695654,0,0.0108695654,0,0,0,0,0,0,0,0,0,0,0,0,0,0,0,0,0,0,0,0,0,0,0,0,0,0,0,0,0,0,0,0,0,0,0,0,0,0,0,0,0,0,0,0,0,0,0,0,0,0,0,0,0,0,0,0,0,0,0,0,0,0,0,0,0,0,0,0,0,0,0,0,0,0,0,0,0,0,0
0,0,0,0.137931034,0.0919540226,0.0344827585,0.321839094,0.068965517,0.0114942528,0.0114942528,0.0804597735,0.0229885057,0.0114942528,0.0229885057,0,0.0114942528,0,0,0,0,0,0,0,0,0,0,0,0,0,0,0.0114942528,0,0,0,0,0,0,0,0,0,0,0,0,0,0,0,0,0,0,0,0,0,0,0,0,0,0,0,0,0,0.0114942528,0,0,0,0,0.0229885057,0,0,0,0,0,0.0229885057,0,0,0.0229885057,0,0,0.0114942528,0,0.0229885057,0,0,0.0114942528,0.0114942528,0,0,0,0,0,0,0,0.0114942528,0,0.0114942528,0,0,0,0,0,0,0,0,0,0,0,0,0,0,0,0,0,0,0,0,0,0,0,0,0,0,0,0,0,0,0,0,0,0,0,0,0,0,0,0,0,0,0,0,0,0,0,0,0,0,0,0,0,0,0,0,0,0,0,0,0,0,0,0,0,0,0,0,0,0,0,0,0,0,0,0,0,0,0,0,0,0,0,0,0,0,0,0,0,0
0,0,0,0.0652173907,0.0652173907,0.0326086953,0.0760869533,0.0543478243,0.0217391308,0.0326086953,0.0217391308,0.0543478243,0.0326086953,0.0108695654,0,0,0.0108695654,0.0217391308,0,0.0108695654,0.0108695654,0,0,0,0,0,0,0,0,0.0108695654,0,0,0,0,0,0.0108695654,0,0,0,0,0,0,0,0,0,0.0108695654,0,0,0,0,0,0,0,0.0108695654,0,0,0,0,0.0108695654,0.0108695654,0,0,0,0,0,0.0108695654,0.0108695654,0,0,0,0.0108695654,0.0108695654,0,0.0326086953,0.0434782617,0.0434782617,0.0217391308,0.0108695654,0.0108695654,0,0,0,0,0,0.0326086953,0.0108695654,0.0217391308,0,0,0.0217391308,0,0,0.0108695654,0,0.0108695654,0.0108695654,0,0,0.0108695654,0.0217391308,0.0108695654,0.0108695654,0.0217391308,0,0,0.0108695654,0,0,0,0,0,0,0,0,0,0,0,0,0,0,0,0,0,0,0,0,0,0,0,0,0,0,0,0,0,0,0,0,0,0,0,0,0,0,0,0,0,0,0,0,0,0,0,0,0,0,0,0,0,0,0,0,0,0,0,0,0,0,0,0,0,0,0,0,0,0,0,0,0,0,0,0,0,0
0.0109890113,0,0,0.0219780225,0.131868139,0.0439560451,0.0659340695,0.0879120901,0.0219780225,0.0439560451,0.0769230798,0.0329670347,0,0.0109890113,0,0,0,0.0109890113,0.0109890113,0,0,0,0,0.0109890113,0,0,0,0,0,0,0.0109890113,0,0.0109890113,0,0,0,0,0,0,0,0,0,0,0,0,0,0,0.0109890113,0,0,0,0,0,0,0,0,0,0.0109890113,0,0,0.0109890113,0.0109890113,0,0,0.0219780225,0,0,0,0,0.0109890113,0.0219780225,0,0.0219780225,0,0.0329670347,0.0329670347,0.0329670347,0.0219780225,0.0109890113,0.0219780225,0,0,0.0109890113,0,0.0109890113,0.0109890113,0,0,0.0109890113,0,0.0109890113,0,0.0219780225,0,0.0109890113,0,0,0,0,0,0.0219780225,0,0,0,0,0,0.0109890113,0,0,0,0,0,0,0,0,0,0,0,0,0,0,0,0,0,0,0,0,0,0,0,0,0,0,0,0,0,0,0,0,0,0,0,0,0,0,0,0,0,0,0,0,0,0,0,0,0,0,0,0,0,0,0,0,0,0,0,0,0,0,0,0,0,0,0,0,0,0,0,0,0,0,0,0,0
0,0,0,0.114503816,0.305343509,0.183206111,0.129770994,0.0458015278,0.0763358772,0.0152671756,0.0305343512,0.0152671756,0,0.00763358781,0,0.00763358781,0,0,0.0152671756,0,0,0,0,0,0,0,0.00763358781,0,0,0,0,0,0,0,0,0,0,0,0,0,0,0,0,0,0,0,0,0,0,0,0,0,0,0,0,0,0,0,0,0,0,0,0,0,0,0,0,0.00763358781,0,0,0,0,0.0152671756,0.00763358781,0,0,0,0,0.00763358781,0,0,0,0.00763358781,0,0,0,0,0,0,0,0,0,0,0,0,0,0,0,0,0,0,0,0,0,0,0,0,0,0,0,0,0,0,0,0,0,0,0,0,0,0,0,0,0,0,0,0,0,0,0,0,0,0,0,0,0,0,0,0,0,0,0,0,0,0,0,0,0,0,0,0,0,0,0,0,0,0,0,0,0,0,0,0,0,0,0,0,0,0,0,0,0,0,0,0,0,0,0,0,0,0,0,0,0
0,0.00854700897,0,0.136752144,0.299145311,0.11965812,0.205128208,0.0854700878,0.0341880359,0.025641026,0,0,0,0,0,0.00854700897,0,0,0,0,0,0,0,0,0,0,0,0,0,0,0,0,0,0,0.00854700897,0,0,0,0,0,0,0,0,0,0,0,0,0,0,0,0,0,0,0,0,0,0,0,0,0,0,0,0,0,0,0,0,0,0,0,0,0,0,0.025641026,0.00854700897,0.00854700897,0,0.00854700897,0,0,0,0,0,0,0,0,0,0,0,0,0,0,0,0,0,0,0,0,0,0.00854700897,0,0,0,0,0,0,0,0,0,0,0,0,0,0,0,0,0,0,0,0,0,0,0,0,0,0,0,0,0,0,0,0,0.00854700897,0,0,0,0,0,0,0,0,0,0,0,0,0,0,0,0,0,0,0,0,0,0,0,0,0,0,0,0,0,0,0,0,0,0,0,0,0,0,0,0,0,0,0,0,0,0,0,0,0,0,0
0,0,0.00793650839,0.095238097,0.301587313,0.126984134,0.134920642,0.119047619,0.0476190485,0.0238095243,0,0,0,0,0,0,0,0,0,0,0,0,0,0,0,0,0,0,0,0,0,0,0,0.00793650839,0,0,0,0,0,0,0,0,0,0,0,0,0,0,0,0,0,0,0,0,0,0,0,0,0,0,0,0,0,0,0,0.00793650839,0,0,0.00793650839,0.00793650839,0.00793650839,0.0158730168,0.0238095243,0.0317460336,0.0158730168,0,0,0,0,0,0,0,0,0.00793650839,0,0,0,0,0,0,0,0,0.00793650839,0,0,0,0,0,0,0,0,0,0,0,0,0,0,0,0,0,0,0,0,0,0,0,0,0,0,0,0,0,0,0,0,0,0,0,0,0,0,0,0,0,0,0,0,0,0,0,0,0,0,0,0,0,0,0,0,0,0,0,0,0,0,0,0,0,0,0,0,0,0,0,0,0,0,0,0,0,0,0,0,0,0,0,0,0,0,0,0,0,0,0
0,0,0,0.0852713212,0.263565898,0.170542642,0.178294569,0.0697674453,0.0310077518,0.00775193796,0.00775193796,0,0,0,0,0.00775193796,0.00775193796,0,0.00775193796,0.00775193796,0,0,0,0,0.00775193796,0,0,0,0,0,0,0,0.00775193796,0,0,0,0,0,0,0,0,0,0,0.00775193796,0,0,0,0,0,0,0,0,0,0,0,0,0,0,0,0,0,0,0,0,0,0,0,0,0.00775193796,0,0,0.0387596898,0.0155038759,0.00775193796,0.00775193796,0.00775193796,0.00775193796,0,0,0,0,0,0,0,0,0,0,0,0.0155038759,0.00775193796,0.00775193796,0,0.00775193796,0,0,0,0,0,0,0,0,0,0,0,0,0,0,0,0,0,0,0,0,0,0,0,0,0,0,0,0,0,0,0,0,0,0,0,0,0,0,0,0,0,0,0,0,0,0,0,0,0,0,0,0,0,0,0,0,0,0,0,0,0,0,0,0,0,0,0,0,0,0,0,0,0,0,0,0,0,0,0,0,0,0,0,0,0,0,0,0,0,0,0
0,0,0,0.157894731,0.556391001,0.105263159,0.120300755,0.0225563906,0.0150375944,0,0.00751879718,0,0,0.00751879718,0,0,0,0,0,0.00751879718,0,0,0,0,0,0,0,0,0,0,0,0,0,0,0,0,0,0,0,0,0,0,0,0,0,0,0,0,0,0,0,0,0,0,0,0,0,0,0,0,0,0,0,0,0,0,0,0,0,0,0,0,0,0,0,0,0,0,0,0,0,0,0,0,0,0,0,0,0,0,0,0,0,0,0,0,0,0,0,0,0,0,0,0,0,0,0,0,0,0,0,0,0,0,0,0,0,0,0,0,0,0,0,0,0,0,0,0,0,0,0,0,0,0,0,0,0,0,0,0,0,0,0,0,0,0,0,0,0,0,0,0,0,0,0,0,0,0,0,0,0,0,0,0,0,0,0,0,0,0,0,0,0,0,0,0,0,0,0,0,0,0,0,0
0,0,0,0.0500000007,0.558333337,0.158333331,0.125,0.0583333336,0.00833333377,0.00833333377,0.00833333377,0.00833333377,0,0,0,0,0,0,0,0,0,0,0,0,0,0,0,0,0,0,0,0,0,0,0,0,0,0,0.00833333377,0,0,0,0,0,0,0,0,0,0,0,0,0,0,0,0,0,0,0,0,0,0,0,0,0,0,0,0,0,0,0,0,0.00833333377,0,0,0,0,0,0,0,0,0,0,0,0,0,0,0,0,0,0,0,0,0,0,0,0,0,0,0,0,0,0,0,0,0,0,0,0,0,0,0,0,0,0,0,0,0,0,0,0,0,0,0,0,0,0,0,0,0,0,0,0,0,0,0,0,0,0,0,0,0,0,0,0,0,0,0,0,0,0,0,0,0,0,0,0,0,0,0,0,0,0,0,0,0,0,0,0,0,0,0,0,0,0,0,0,0,0,0,0,0,0,0,0
0,0,0,0.0762711838,0.288135588,0.237288132,0.0847457647,0.0338983051,0,0.00847457629,0,0,0,0,0.00847457629,0,0.0338983051,0.0423728824,0.00847457629,0,0,0,0,0,0,0,0,0,0,0.00847457629,0,0,0,0,0,0,0.00847457629,0,0,0,0,0,0,0,0,0,0,0,0,0,0,0,0,0,0,0,0.00847457629,0,0,0,0,0,0,0,0,0,0,0,0,0,0,0,0.00847457629,0.0762711838,0.0254237279,0.00847457629,0,0,0.00847457629,0,0,0,0,0,0,0,0,0,0,0,0,0,0.00847457629,0.00847457629,0,0,0,0,0,0,0,0,0,0,0,0,0,0,0,0,0,0.00847457629,0,0,0,0,0,0,0,0,0,0,0,0,0,0,0,0,0,0,0,0,0,0,0,0,0,0,0,0,0,0,0,0,0,0,0,0,0,0,0,0,0,0,0,0,0,0,0,0,0,0,0,0,0,0,0,0,0,0,0,0,0,0,0,0,0,0,0,0,0,0,0,0
0,0.547169805,0.0754716992,0.150943398,0.0566037744,0.0188679248,0.0566037744,0,0,0,0,0,0,0,0.0188679248,0.0188679248,0,0,0,0,0,0.0188679248,0,0,0.0188679248,0,0,0,0,0,0,0,0,0,0,0,0,0,0,0,0,0,0.0188679248,0,0,0,0,0,0,0,0,0,0,0,0,0,0,0,0,0,0,0,0,0,0,0,0,0,0,0,0,0,0,0,0,0,0,0,0,0,0,0,0,0,0,0,0,0,0,0,0,0,0,0,0,0,0,0,0,0,0,0,0,0,0,0,0,0,0,0,0,0,0,0,0,0,0,0,0,0,0,0,0,0,0,0,0,0,0,0,0,0,0,0,0,0,0,0,0,0,0,0,0,0,0,0,0,0,0,0,0,0,0,0,0,0,0,0,0,0,0,0,0,0,0,0,0,0,0,0,0,0,0,0,0,0,0,0,0,0,0,0,0,0
0,0,0,0.012987013,0.142857149,0.0649350658,0.142857149,0.19480519,0.0259740259,0.0649350658,0.0519480519,0.012987013,0,0,0,0,0.0259740259,0,0.0259740259,0,0,0,0,0,0,0,0,0,0,0,0,0,0,0,0,0,0,0,0.012987013,0,0,0.012987013,0,0,0,0,0,0,0,0,0,0,0,0,0,0,0,0,0,0,0,0,0,0,0,0,0,0,0,0,0,0,0.038961038,0.0259740259,0.038961038,0.0259740259,0,0,0,0,0.012987013,0,0,0,0,0,0,0,0.012987013,0,0,0,0,0,0,0,0.012987013,0,0.012987013,0.012987013,0,0,0,0.012987013,0,0,0,0,0,0,0,0,0,0,0,0,0,0,0,0,0,0,0,0,0,0,0,0,0,0,0,0,0,0,0,0,0,0,0,0,0,0,0,0,0,0,0,0,0,0,0,0,0,0,0,0,0,0,0,0,0,0,0,0,0,0,0,0,0,0,0,0,0,0,0,0,0,0,0,0,0,0,0,0
0,0,0,0.0235294122,0.0823529437,0.0941176489,0.141176477,0.0117647061,0.0117647061,0.0352941193,0.0588235296,0.0235294122,0,0.0117647061,0,0.0235294122,0.0352941193,0.0588235296,0.0470588244,0,0,0,0.0117647061,0.0117647061,0,0.0117647061,0,0,0.0117647061,0.0117647061,0,0.0117647061,0.0235294122,0,0,0.0117647061,0.0235294122,0.0117647061,0.0117647061,0.0117647061,0,0.0117647061,0,0,0.0117647061,0.0117647061,0,0,0,0,0,0,0,0,0,0,0,0,0,0,0.0117647061,0,0.0117647061,0,0,0.0117647061,0,0,0,0,0.0117647061,0,0.0117647061,0,0,0,0,0,0,0,0,0,0,0.0117647061,0,0,0,0,0.0117647061,0,0,0,0,0.0117647061,0.0117647061,0,0,0.0117647061,0,0,0,0.0117647061,0,0,0,0,0,0,0,0,0,0,0,0,0,0,0,0,0,0,0,0,0,0,0,0,0,0,0,0,0,0,0.0117647061,0,0,0,0,0,0,0,0,0,0,0,0,0,0,0,0,0,0,0,0,0,0,0,0,0,0,0,0,0,0,0,0,0,0,0,0,0,0,0,0,0,0,0,0,0,0,0,0,0,0,0
0,0,0,0,0.0909090936,0.0909090936,0.0909090936,0,0,0.181818187,0,0,0,0,0,0,0,0,0,0,0,0,0,0,0,0,0.0909090936,0,0,0,0,0.0909090936,0,0,0,0,0,0,0,0,0,0,0,0,0,0,0,0,0,0,0,0,0,0,0,0,0,0,0,0,0,0,0,0,0,0.0909090936,0,0,0,0,0.0909090936,0,0,0,0,0,0,0,0,0,0,0,0,0,0,0,0,0,0,0,0,0,0,0,0,0,0,0,0,0,0,0,0,0,0.0909090936,0,0,0,0,0,0,0.0909090936,0,0,0,0,0,0,0,0,0,0,0,0,0,0,0,0,0,0,0,0,0,0,0,0,0,0,0,0,0,0,0,0,0,0,0,0,0,0,0,0,0,0,0,0,0,0,0,0,0,0,0,0,0,0,0,0,0,0,0,0,0,0,0,0,0,0,0,0,0,0,0,0
0,0,0,0,0,0.0306122452,0.112244897,0.10204082,0.0408163257,0.0408163257,0,0,0,0,0,0,0,0,0,0,0,0,0,0.0102040814,0,0,0,0,0,0,0,0,0,0,0,0,0,0,0,0,0,0,0,0,0,0,0,0,0,0,0,0,0,0,0,0,0,0,0,0,0,0,0,0,0.0102040814,0.0102040814,0.0204081628,0.0408163257,0.0306122452,0.0510204099,0.0408163257,0.10204082,0.0918367356,0.0612244904,0.0408163257,0.0306122452,0.0204081628,0.0204081628,0,0,0,0.0102040814,0.0102040814,0,0.0102040814,0,0.0102040814,0.0204081628,0,0,0,0,0,0.0204081628,0,0,0,0,0,0,0,0,0.0102040814,0,0,0,0,0,0,0,0,0,0,0,0,0,0,0,0,0,0,0,0,0,0,0,0,0,0,0,0,0,0,0,0,0,0,0,0,0,0,0,0,0,0,0,0,0,0,0,0,0,0,0,0,0,0,0,0,0,0,0,0,0,0,0,0,0,0,0,0,0,0,0,0,0,0,0,0,0,0,0,0,0
0,0,0,0,0,0,0.136842102,0.24210526,0.24210526,0.189473689,0.105263159,0.0315789469,0,0,0,0.0105263162,0.0105263162,0,0,0,0,0,0,0,0,0,0,0,0,0,0,0,0,0,0,0,0,0,0,0,0,0,0,0,0,0,0,0,0,0,0,0,0,0,0,0,0,0,0,0,0,0,0,0,0,0,0,0,0.0105263162,0,0,0,0,0,0,0,0.0105263162,0,0,0,0,0,0.0105263162,0,0,0,0,0,0,0,0,0,0,0,0,0,0,0,0,0,0,0,0,0,0,0,0,0,0,0,0,0,0,0,0,0,0,0,0,0,0,0,0,0,0,0,0,0,0,0,0,0,0,0,0,0,0,0,0,0,0,0,0,0,0,0,0,0,0,0,0,0,0,0,0,0,0,0,0,0,0,0,0,0,0,0,0,0,0,0,0,0,0,0,0,0,0,0,0,0,0,0,0,0
0,0,0,0,0,0,0,0.0737704933,0.0491803288,0.114754096,0.0491803288,0.00819672085,0.0409836061,0.0163934417,0.00819672085,0,0.0163934417,0.00819672085,0,0,0,0,0,0,0.00819672085,0,0,0,0,0.0163934417,0.0245901644,0,0,0.00819672085,0.00819672085,0.00819672085,0,0.00819672085,0,0.00819672085,0.00819672085,0,0,0,0,0.00819672085,0,0,0,0,0,0,0,0,0,0,0,0,0,0,0,0,0.00819672085,0,0.0163934417,0,0,0.0163934417,0.0327868834,0.0163934417,0.0163934417,0.0163934417,0.0819672123,0.0409836061,0.00819672085,0.0327868834,0.0163934417,0.0245901644,0.00819672085,0,0.00819672085,0.00819672085,0,0,0.0163934417,0.00819672085,0.00819672085,0.00819672085,0,0.00819672085,0.00819672085,0,0.00819672085,0,0,0.00819672085,0.0163934417,0,0.00819672085,0.00819672085,0.00819672085,0.0163934417,0,0,0,0,0,0,0,0,0,0.00819672085,0,0,0,0,0,0,0,0,0,0,0,0,0,0,0,0,0,0.00819672085,0.00819672085,0,0,0,0,0,0,0,0,0,0,0,0,0,0,0,0,0,0,0,0,0,0,0,0,0,0,0,0,0,0,0,0,0,0,0,0,0,0,0,0,0,0,0,0,0,0,0,0,0,0,0,0,0
0,0,0,0,0,0,0.0427350439,0.102564104,0.170940176,0.264957279,0.230769232,0.128205135,0.0341880359,0.00854700897,0,0,0,0,0,0,0,0,0,0,0,0,0,0,0,0,0,0,0,0,0,0,0,0,0,0,0,0,0,0,0,0,0,0,0,0,0,0,0,0,0,0,0,0,0,0,0,0,0,0,0,0,0,0,0.00854700897,0,0,0,0,0,0,0,0,0,0,0,0,0,0,0,0,0,0,0,0,0,0,0,0,0,0,0,0,0,0,0,0,0.00854700897,0,0,0,0,0,0,0,0,0,0,0,0,0,0,0,0,0,0,0,0,0,0,0,0,0,0,0,0,0,0,0,0,0,0,0,0,0,0,0,0,0,0,0,0,0,0,0,0,0,0,0,0,0,0,0,0,0,0,0,0,0,0,0,0,0,0,0,0,0,0,0,0,0,0,0,0,0,0,0,0,0,0
0,0.01459854,0.01459854,0.109489053,0.306569338,0.124087594,0.138686135,0.0802919716,0.0291970801,0.0510948896,0.01459854,0,0.00729927002,0.00729927002,0,0,0,0,0,0,0,0,0.00729927002,0,0,0,0.00729927002,0,0,0,0.00729927002,0,0,0,0,0,0,0,0,0,0,0,0,0,0,0,0,0,0,0,0,0,0,0,0,0,0,0,0,0,0,0,0,0,0,0,0,0,0,0,0.00729927002,0.01459854,0.00729927002,0.00729927002,0.00729927002,0,0.00729927002,0,0,0.00729927002,0,0,0,0,0,0,0,0,0,0,0,0,0,0,0,0,0.01459854,0,0.00729927002,0,0,0,0,0,0,0,0,0,0,0,0,0,0,0,0,0,0,0,0,0,0,0,0,0,0,0,0,0,0,0,0,0,0,0,0,0,0,0,0,0,0,0,0,0,0,0,0,0,0,0,0,0,0,0,0,0,0,0,0,0,0,0,0,0,0,0,0,0,0,0,0,0,0,0,0,0,0,0,0,0,0,0,0,0
0,0,0.0168067235,0.15126051,0.285714298,0.142857149,0.0840336159,0.0840336159,0.0252100844,0.0252100844,0.0420168079,0.00840336177,0,0.0336134471,0,0.0168067235,0.00840336177,0,0,0,0,0,0.00840336177,0,0,0,0,0,0,0.0168067235,0,0.00840336177,0,0,0,0,0,0,0,0,0,0,0,0,0,0.00840336177,0,0,0,0,0,0,0,0,0,0,0,0,0,0,0,0,0,0,0,0,0,0,0,0,0,0,0,0,0,0.00840336177,0,0,0,0,0,0,0,0,0,0,0,0,0,0,0,0,0,0,0,0,0,0.0168067235,0,0,0,0.00840336177,0,0,0,0,0,0,0,0,0,0,0,0,0,0,0,0,0,0,0,0,0,0,0,0,0,0,0,0,0,0,0,0,0,0,0,0,0,0,0,0,0,0,0,0,0,0,0,0,0,0,0,0,0,0,0,0,0,0,0,0,0,0,0,0,0,0,0,0,0,0,0,0,0,0,0,0,0,0,0,0,0,0
0,0,0.0224719103,0.0337078646,0.0898876414,0.0561797768,0.0561797768,0.0561797768,0.0112359552,0.123595506,0.483146071,0.0112359552,0,0,0,0,0.0112359552,0,0,0,0,0,0,0,0,0,0,0,0,0,0,0,0,0,0,0,0,0,0,0,0.0112359552,0,0,0,0,0,0.0224719103,0,0,0,0,0,0,0,0,0,0,0,0,0,0,0,0,0,0,0,0,0,0,0,0,0,0,0.0112359552,0,0,0,0,0,0,0,0,0,0,0,0,0,0,0,0,0,0,0,0,0,0,0,0,0,0,0,0,0,0,0,0,0,0,0,0,0,0,0,0,0,0,0,0,0,0,0,0,0,0,0,0,0,0,0,0,0,0,0,0,0,0,0,0,0,0,0,0,0,0,0,0,0,0,0,0,0,0,0,0,0,0,0,0,0,0,0,0,0,0,0,0,0,0,0,0,0,0,0,0,0,0,0,0,0,0,0,0,0,0
0,0,0.0121951215,0.048780486,0.121951222,0.170731708,0.048780486,0.0365853645,0.048780486,0.0365853645,0.024390243,0.024390243,0.0365853645,0.024390243,0,0.0121951215,0.024390243,0.048780486,0,0.0121951215,0,0,0,0.024390243,0,0,0,0,0,0,0,0.0121951215,0,0.0121951215,0,0,0,0.0121951215,0,0,0.0121951215,0.0365853645,0.0121951215,0,0,0,0,0,0,0,0,0,0,0,0,0,0,0,0,0.0121951215,0.0121951215,0,0,0,0,0,0,0,0,0,0.0121951215,0,0,0,0,0,0,0.0121951215,0,0,0,0,0,0.0121951215,0,0,0,0,0.0121951215,0,0,0,0,0,0,0.0121951215,0,0.0121951215,0,0.0121951215,0.0121951215,0,0,0,0.0121951215,0,0,0,0,0,0,0,0,0,0,0,0,0,0,0,0,0,0,0,0,0.0121951215,0,0,0,0,0,0,0,0,0,0,0,0,0,0,0,0,0,0,0,0,0,0,0,0,0,0,0,0,0,0,0,0,0,0,0,0,0,0,0,0,0,0,0,0,0,0,0,0,0,0,0,0,0,0,0,0,0,0
0,0,0,0.125,0.0625,0.020833334,0.0416666679,0.0416666679,0.020833334,0.125,0.416666657,0.0416666679,0,0,0.0416666679,0.020833334,0,0.020833334,0,0,0,0,0,0,0,0,0,0,0,0,0,0,0,0,0,0,0,0,0,0,0,0,0,0,0,0,0,0,0,0,0,0,0,0.020833334,0,0,0,0,0,0,0,0,0,0,0,0,0,0,0,0,0,0,0,0,0,0,0,0,0,0,0,0,0,0,0,0,0,0,0,0,0,0,0,0,0,0,0,0,0,0,0,0,0,0,0,0,0,0,0,0,0,0,0,0,0,0,0,0,0,0,0,0,0,0,0,0,0,0,0,0,0,0,0,0,0,0,0,0,0,0,0,0,0,0,0,0,0,0,0,0,0,0,0,0,0,0,0,0,0,0,0,0,0,0,0,0,0,0,0,0,0,0,0,0,0,0,0,0,0,0,0,0,0,0
0,0,0,0,0.0140845068,0.0422535203,0.0140845068,0.0140845068,0.0140845068,0.0140845068,0.0563380271,0.0140845068,0.0281690136,0,0,0.0140845068,0,0,0,0,0,0,0.0140845068,0,0,0,0,0.0140845068,0,0.0140845068,0,0.0140845068,0.0422535203,0,0,0.0140845068,0,0,0,0,0,0,0,0,0,0,0,0,0.0281690136,0,0,0,0,0,0,0,0,0,0,0,0,0,0,0.0140845068,0,0,0,0,0.0140845068,0.0140845068,0,0,0.0140845068,0.0281690136,0.126760557,0.0845070407,0,0.0281690136,0.0140845068,0,0.0281690136,0,0,0,0.0281690136,0.0140845068,0,0.0281690136,0,0.0140845068,0.0140845068,0.0140845068,0,0,0,0.0281690136,0.0140845068,0.0140845068,0,0.0140845068,0.0281690136,0.0140845068,0.0281690136,0.0140845068,0,0,0,0,0,0,0,0,0,0,0,0,0,0,0,0,0,0,0,0,0,0,0,0,0,0,0,0,0,0,0,0,0,0,0,0,0,0,0,0,0,0,0,0,0,0,0,0,0,0,0,0,0,0,0,0,0,0,0,0,0,0,0,0,0,0,0,0,0,0,0,0,0,0,0,0,0,0,0,0
0,0,0,0.00990098994,0.0297029708,0.0297029708,0.00990098994,0.0297029708,0.0495049506,0.0198019799,0.0495049506,0,0.00990098994,0,0.00990098994,0.00990098994,0,0.00990098994,0.00990098994,0,0,0,0.00990098994,0,0.00990098994,0,0,0,0.00990098994,0.00990098994,0.0297029708,0.00990098994,0.00990098994,0.00990098994,0,0,0,0,0,0,0,0,0,0,0,0,0,0,0,0,0,0,0,0,0,0,0,0,0,0,0,0,0,0.00990098994,0.00990098994,0,0,0,0.0198019799,0.0396039598,0.0198019799,0,0.0297029708,0.0891089141,0.0495049506,0.0396039598,0.00990098994,0.00990098994,0.0297029708,0,0.0198019799,0,0.00990098994,0.0198019799,0.00990098994,0.00990098994,0.00990098994,0,0.00990098994,0,0.00990098994,0.00990098994,0,0.00990098994,0,0,0.00990098994,0.0297029708,0.00990098994,0.0198019799,0.0297029708,0.00990098994,0,0.00990098994,0,0,0,0,0,0,0,0.00990098994,0,0,0,0,0,0.00990098994,0,0,0,0,0,0.00990098994,0,0,0,0,0,0,0,0,0,0,0,0,0,0,0,0,0,0,0,0,0,0,0,0,0,0,0,0,0,0,0,0,0,0,0,0,0,0,0,0,0,0,0,0,0,0,0,0,0,0,0,0,0,0,0,0,0,0,0,0
0,0,0,0,0,0.0238095243,0.0238095243,0,0,0.119047619,0.833333313,0,0,0,0,0,0,0,0,0,0,0,0,0,0,0,0,0,0,0,0,0,0,0,0,0,0,0,0,0,0,0,0,0,0,0,0,0,0,0,0,0,0,0,0,0,0,0,0,0,0,0,0,0,0,0,0,0,0,0,0,0,0,0,0,0,0,0,0,0,0,0,0,0,0,0,0,0,0,0,0,0,0,0,0,0,0,0,0,0,0,0,0,0,0,0,0,0,0,0,0,0,0,0,0,0,0,0,0,0,0,0,0,0,0,0,0,0,0,0,0,0,0,0,0,0,0,0,0,0,0,0,0,0,0,0,0,0,0,0,0,0,0,0,0,0,0,0,0,0,0,0,0,0,0,0,0,0,0,0,0,0,0,0,0,0,0,0,0,0,0,0,0,0
0,0,0,0.027777778,0,0,0,0.027777778,0,0.166666672,0.75,0.027777778,0,0,0,0,0,0,0,0,0,0,0,0,0,0,0,0,0,0,0,0,0,0,0,0,0,0,0,0,0,0,0,0,0,0,0,0,0,0,0,0,0,0,0,0,0,0,0,0,0,0,0,0,0,0,0,0,0,0,0,0,0,0,0,0,0,0,0,0,0,0,0,0,0,0,0,0,0,0,0,0,0,0,0,0,0,0,0,0,0,0,0,0,0,0,0,0,0,0,0,0,0,0,0,0,0,0,0,0,0,0,0,0,0,0,0,0,0,0,0,0,0,0,0,0,0,0,0,0,0,0,0,0,0,0,0,0,0,0,0,0,0,0,0,0,0,0,0,0,0,0,0,0,0,0,0,0,0,0,0,0,0,0,0,0,0,0,0,0,0,0,0,0
0,0,0,0.0204081628,0,0.0204081628,0,0.0204081628,0.0204081628,0.265306115,0.591836751,0,0,0,0.0204081628,0.0204081628,0,0,0,0,0,0,0,0,0,0,0,0,0,0,0,0,0,0,0,0,0,0,0,0,0,0,0,0,0,0,0,0,0,0,0,0,0,0,0,0,0,0,0,0,0,0,0,0,0,0,0,0,0,0,0,0,0,0,0,0.0204081628,0,0,0,0,0,0,0,0,0,0,0,0,0,0,0,0,0,0,0,0,0,0,0,0,0,0,0,0,0,0,0,0,0,0,0,0,0,0,0,0,0,0,0,0,0,0,0,0,0,0,0,0,0,0,0,0,0,0,0,0,0,0,0,0,0,0,0,0,0,0,0,0,0,0,0,0,0,0,0,0,0,0,0,0,0,0,0,0,0,0,0,0,0,0,0,0,0,0,0,0,0,0,0,0,0,0,0,0
0,0,0.0625,0,0.09375,0.09375,0.1875,0.09375,0.125,0.0625,0,0.03125,0,0,0,0,0,0,0,0,0,0,0,0,0,0,0.03125,0,0,0,0,0,0,0,0,0,0,0,0,0,0,0,0,0,0,0,0,0,0,0,0,0,0,0,0,0,0,0,0,0,0,0,0,0,0,0,0,0,0,0,0,0,0,0,0.125,0.03125,0,0,0,0,0,0,0,0,0,0,0,0,0,0,0,0,0,0,0,0,0.03125,0,0,0,0,0,0,0,0,0,0,0,0,0,0,0,0,0,0.03125,0,0,0,0,0,0,0,0,0,0,0,0,0,0,0,0,0,0,0,0,0,0,0,0,0,0,0,0,0,0,0,0,0,0,0,0,0,0,0,0,0,0,0,0,0,0,0,0,0,0,0,0,0,0,0,0,0,0,0,0,0,0,0,0,0,0,0,0,0
0,0,0,0.0153846154,0.0461538471,0.0769230798,0.0769230798,0.123076923,0.0461538471,0.107692309,0.0461538471,0,0.0153846154,0,0,0,0,0,0,0,0,0,0,0.0153846154,0,0,0,0,0,0,0,0,0,0,0,0,0,0,0,0,0,0,0,0,0,0,0,0,0,0,0,0,0,0,0,0,0,0,0,0,0,0,0,0,0,0,0.0153846154,0,0,0,0,0,0,0.0461538471,0.246153846,0.0461538471,0.0153846154,0.0153846154,0,0,0.0153846154,0,0.0153846154,0,0,0,0,0,0,0,0,0,0,0,0,0,0,0,0,0,0,0.0153846154,0,0,0,0,0,0,0,0,0,0,0,0,0,0,0,0,0,0,0,0,0,0,0,0,0,0,0,0,0,0,0,0,0,0,0,0,0,0,0,0,0,0,0,0,0,0,0,0,0,0,0,0,0,0,0,0,0,0,0,0,0,0,0,0,0,0,0,0,0,0,0,0,0,0,0,0,0,0,0,0,0,0
